{
  "type": "FeatureCollection",
  "name": "Ward Creek MTBS burned-area boundary reference",
  "features": [
    {
      "type": "Feature",
      "id": "mtbs-OR4494912090120190812-10016337",
      "geometry": {
        "type": "Polygon",
        "coordinates": [
          [
            [
              -120.888358,
              44.954571
            ],
            [
              -120.888348,
              44.954574
            ],
            [
              -120.88833,
              44.954582
            ],
            [
              -120.888314,
              44.954591
            ],
            [
              -120.88829,
              44.954606
            ],
            [
              -120.888213,
              44.954668
            ],
            [
              -120.888196,
              44.954681
            ],
            [
              -120.888172,
              44.954697
            ],
            [
              -120.888146,
              44.954711
            ],
            [
              -120.888127,
              44.95472
            ],
            [
              -120.888108,
              44.954726
            ],
            [
              -120.888089,
              44.954732
            ],
            [
              -120.88807,
              44.954735
            ],
            [
              -120.888051,
              44.954736
            ],
            [
              -120.888033,
              44.954735
            ],
            [
              -120.888013,
              44.95473
            ],
            [
              -120.887995,
              44.954723
            ],
            [
              -120.887979,
              44.954715
            ],
            [
              -120.887964,
              44.954705
            ],
            [
              -120.887949,
              44.954694
            ],
            [
              -120.887936,
              44.954681
            ],
            [
              -120.887923,
              44.954667
            ],
            [
              -120.887907,
              44.954646
            ],
            [
              -120.887898,
              44.954631
            ],
            [
              -120.887889,
              44.954614
            ],
            [
              -120.887882,
              44.954597
            ],
            [
              -120.887877,
              44.95458
            ],
            [
              -120.887869,
              44.954546
            ],
            [
              -120.887858,
              44.954476
            ],
            [
              -120.887853,
              44.95446
            ],
            [
              -120.887847,
              44.954447
            ],
            [
              -120.887835,
              44.954432
            ],
            [
              -120.887821,
              44.954418
            ],
            [
              -120.887804,
              44.954406
            ],
            [
              -120.887783,
              44.954396
            ],
            [
              -120.887761,
              44.954387
            ],
            [
              -120.887737,
              44.954379
            ],
            [
              -120.88771,
              44.954373
            ],
            [
              -120.887681,
              44.954368
            ],
            [
              -120.88765,
              44.954364
            ],
            [
              -120.887569,
              44.954357
            ],
            [
              -120.887519,
              44.954354
            ],
            [
              -120.887471,
              44.954352
            ],
            [
              -120.887373,
              44.954351
            ],
            [
              -120.887315,
              44.954349
            ],
            [
              -120.887257,
              44.954345
            ],
            [
              -120.887203,
              44.954339
            ],
            [
              -120.887152,
              44.954329
            ],
            [
              -120.887122,
              44.95432
            ],
            [
              -120.887095,
              44.954309
            ],
            [
              -120.887071,
              44.954296
            ],
            [
              -120.88705,
              44.954279
            ],
            [
              -120.887032,
              44.95426
            ],
            [
              -120.887015,
              44.95424
            ],
            [
              -120.887,
              44.954218
            ],
            [
              -120.886986,
              44.954195
            ],
            [
              -120.886974,
              44.954172
            ],
            [
              -120.886963,
              44.954148
            ],
            [
              -120.886953,
              44.954123
            ],
            [
              -120.886945,
              44.954099
            ],
            [
              -120.886939,
              44.954074
            ],
            [
              -120.886934,
              44.95405
            ],
            [
              -120.886931,
              44.954018
            ],
            [
              -120.886932,
              44.953989
            ],
            [
              -120.88694,
              44.953961
            ],
            [
              -120.88695,
              44.953941
            ],
            [
              -120.886962,
              44.953923
            ],
            [
              -120.886977,
              44.953906
            ],
            [
              -120.886995,
              44.95389
            ],
            [
              -120.887017,
              44.953875
            ],
            [
              -120.887041,
              44.953861
            ],
            [
              -120.887069,
              44.953848
            ],
            [
              -120.887098,
              44.953836
            ],
            [
              -120.887223,
              44.953787
            ],
            [
              -120.887312,
              44.953749
            ],
            [
              -120.887446,
              44.953699
            ],
            [
              -120.887595,
              44.953639
            ],
            [
              -120.887685,
              44.953605
            ],
            [
              -120.887729,
              44.953588
            ],
            [
              -120.887761,
              44.953574
            ],
            [
              -120.887792,
              44.95356
            ],
            [
              -120.887833,
              44.953537
            ],
            [
              -120.887951,
              44.953464
            ],
            [
              -120.888036,
              44.953414
            ],
            [
              -120.888064,
              44.953397
            ],
            [
              -120.888101,
              44.953371
            ],
            [
              -120.888136,
              44.953343
            ],
            [
              -120.888316,
              44.953187
            ],
            [
              -120.888347,
              44.953158
            ],
            [
              -120.888376,
              44.953128
            ],
            [
              -120.888402,
              44.953099
            ],
            [
              -120.888426,
              44.953069
            ],
            [
              -120.888485,
              44.952991
            ],
            [
              -120.888498,
              44.952972
            ],
            [
              -120.888508,
              44.952952
            ],
            [
              -120.888515,
              44.952923
            ],
            [
              -120.888517,
              44.952894
            ],
            [
              -120.888514,
              44.952862
            ],
            [
              -120.88851,
              44.952838
            ],
            [
              -120.888504,
              44.952814
            ],
            [
              -120.888496,
              44.95279
            ],
            [
              -120.888487,
              44.952765
            ],
            [
              -120.888465,
              44.952717
            ],
            [
              -120.888453,
              44.952694
            ],
            [
              -120.888439,
              44.952671
            ],
            [
              -120.888424,
              44.95265
            ],
            [
              -120.888408,
              44.952629
            ],
            [
              -120.888354,
              44.95257
            ],
            [
              -120.888298,
              44.952508
            ],
            [
              -120.888238,
              44.952446
            ],
            [
              -120.888129,
              44.952338
            ],
            [
              -120.888111,
              44.952318
            ],
            [
              -120.888078,
              44.952274
            ],
            [
              -120.888016,
              44.952182
            ],
            [
              -120.887999,
              44.95216
            ],
            [
              -120.887981,
              44.952139
            ],
            [
              -120.887962,
              44.952118
            ],
            [
              -120.887933,
              44.952092
            ],
            [
              -120.887901,
              44.952069
            ],
            [
              -120.887878,
              44.952054
            ],
            [
              -120.887855,
              44.952042
            ],
            [
              -120.88783,
              44.952031
            ],
            [
              -120.887805,
              44.952023
            ],
            [
              -120.887779,
              44.952016
            ],
            [
              -120.887752,
              44.952012
            ],
            [
              -120.887724,
              44.95201
            ],
            [
              -120.887695,
              44.952012
            ],
            [
              -120.887666,
              44.952016
            ],
            [
              -120.887637,
              44.952023
            ],
            [
              -120.887608,
              44.952032
            ],
            [
              -120.887579,
              44.952043
            ],
            [
              -120.887542,
              44.952063
            ],
            [
              -120.887506,
              44.952086
            ],
            [
              -120.887471,
              44.952112
            ],
            [
              -120.88737,
              44.952192
            ],
            [
              -120.887306,
              44.952237
            ],
            [
              -120.887277,
              44.95226
            ],
            [
              -120.88722,
              44.952315
            ],
            [
              -120.887201,
              44.952333
            ],
            [
              -120.887177,
              44.95236
            ],
            [
              -120.887154,
              44.952388
            ],
            [
              -120.887126,
              44.952426
            ],
            [
              -120.88711,
              44.952445
            ],
            [
              -120.887092,
              44.952462
            ],
            [
              -120.887071,
              44.952478
            ],
            [
              -120.887047,
              44.952492
            ],
            [
              -120.88702,
              44.952505
            ],
            [
              -120.886992,
              44.952518
            ],
            [
              -120.886962,
              44.95253
            ],
            [
              -120.886847,
              44.952574
            ],
            [
              -120.886804,
              44.952591
            ],
            [
              -120.886716,
              44.952632
            ],
            [
              -120.886672,
              44.952651
            ],
            [
              -120.886627,
              44.95267
            ],
            [
              -120.88658,
              44.952689
            ],
            [
              -120.886533,
              44.952706
            ],
            [
              -120.886485,
              44.952723
            ],
            [
              -120.886436,
              44.952738
            ],
            [
              -120.886387,
              44.952751
            ],
            [
              -120.886338,
              44.952764
            ],
            [
              -120.886288,
              44.952775
            ],
            [
              -120.886188,
              44.952795
            ],
            [
              -120.886137,
              44.952804
            ],
            [
              -120.886061,
              44.952816
            ],
            [
              -120.885986,
              44.952825
            ],
            [
              -120.885948,
              44.952828
            ],
            [
              -120.885911,
              44.95283
            ],
            [
              -120.885768,
              44.952834
            ],
            [
              -120.885656,
              44.952838
            ],
            [
              -120.885583,
              44.952839
            ],
            [
              -120.885374,
              44.952832
            ],
            [
              -120.88534,
              44.952829
            ],
            [
              -120.885307,
              44.952826
            ],
            [
              -120.885275,
              44.95282
            ],
            [
              -120.885232,
              44.952809
            ],
            [
              -120.885193,
              44.952793
            ],
            [
              -120.885168,
              44.95278
            ],
            [
              -120.885144,
              44.952766
            ],
            [
              -120.885076,
              44.952722
            ],
            [
              -120.885054,
              44.952707
            ],
            [
              -120.885033,
              44.952692
            ],
            [
              -120.884971,
              44.952642
            ],
            [
              -120.884929,
              44.95261
            ],
            [
              -120.884888,
              44.952574
            ],
            [
              -120.884859,
              44.952547
            ],
            [
              -120.884833,
              44.952518
            ],
            [
              -120.884816,
              44.952496
            ],
            [
              -120.884802,
              44.952473
            ],
            [
              -120.884788,
              44.952449
            ],
            [
              -120.884777,
              44.952425
            ],
            [
              -120.884767,
              44.9524
            ],
            [
              -120.884758,
              44.952375
            ],
            [
              -120.884749,
              44.952342
            ],
            [
              -120.884744,
              44.952308
            ],
            [
              -120.884742,
              44.952275
            ],
            [
              -120.884744,
              44.95225
            ],
            [
              -120.884749,
              44.952226
            ],
            [
              -120.884762,
              44.952193
            ],
            [
              -120.884781,
              44.952161
            ],
            [
              -120.884798,
              44.952139
            ],
            [
              -120.88484,
              44.952086
            ],
            [
              -120.884863,
              44.952054
            ],
            [
              -120.884885,
              44.952021
            ],
            [
              -120.884905,
              44.951988
            ],
            [
              -120.88492,
              44.951955
            ],
            [
              -120.884929,
              44.951922
            ],
            [
              -120.884931,
              44.951898
            ],
            [
              -120.884931,
              44.951874
            ],
            [
              -120.884927,
              44.951851
            ],
            [
              -120.884921,
              44.951829
            ],
            [
              -120.884912,
              44.951807
            ],
            [
              -120.884901,
              44.951786
            ],
            [
              -120.884828,
              44.951684
            ],
            [
              -120.884796,
              44.95164
            ],
            [
              -120.884779,
              44.951618
            ],
            [
              -120.884672,
              44.951496
            ],
            [
              -120.884654,
              44.951477
            ],
            [
              -120.884635,
              44.951459
            ],
            [
              -120.884615,
              44.951443
            ],
            [
              -120.884593,
              44.951429
            ],
            [
              -120.884568,
              44.951418
            ],
            [
              -120.884541,
              44.951411
            ],
            [
              -120.884512,
              44.951407
            ],
            [
              -120.884481,
              44.951405
            ],
            [
              -120.884448,
              44.951405
            ],
            [
              -120.884414,
              44.951407
            ],
            [
              -120.884379,
              44.951411
            ],
            [
              -120.884307,
              44.95142
            ],
            [
              -120.884233,
              44.951432
            ],
            [
              -120.884031,
              44.951468
            ],
            [
              -120.883981,
              44.951476
            ],
            [
              -120.883932,
              44.951483
            ],
            [
              -120.883895,
              44.951487
            ],
            [
              -120.883859,
              44.95149
            ],
            [
              -120.883824,
              44.951492
            ],
            [
              -120.883789,
              44.951492
            ],
            [
              -120.883756,
              44.95149
            ],
            [
              -120.883723,
              44.951486
            ],
            [
              -120.883693,
              44.951478
            ],
            [
              -120.883662,
              44.951469
            ],
            [
              -120.883619,
              44.951453
            ],
            [
              -120.883576,
              44.951435
            ],
            [
              -120.883534,
              44.951416
            ],
            [
              -120.883492,
              44.951394
            ],
            [
              -120.883453,
              44.95137
            ],
            [
              -120.883415,
              44.951345
            ],
            [
              -120.883382,
              44.95132
            ],
            [
              -120.883319,
              44.951267
            ],
            [
              -120.883284,
              44.951239
            ],
            [
              -120.883213,
              44.951187
            ],
            [
              -120.883179,
              44.95116
            ],
            [
              -120.883112,
              44.951106
            ],
            [
              -120.88309,
              44.95109
            ],
            [
              -120.883045,
              44.951063
            ],
            [
              -120.883,
              44.951038
            ],
            [
              -120.882977,
              44.951028
            ],
            [
              -120.882953,
              44.95102
            ],
            [
              -120.882927,
              44.951016
            ],
            [
              -120.8829,
              44.951014
            ],
            [
              -120.882873,
              44.951015
            ],
            [
              -120.882845,
              44.951018
            ],
            [
              -120.882819,
              44.951024
            ],
            [
              -120.882793,
              44.951032
            ],
            [
              -120.882769,
              44.951041
            ],
            [
              -120.882748,
              44.951053
            ],
            [
              -120.882729,
              44.951066
            ],
            [
              -120.882712,
              44.951082
            ],
            [
              -120.882697,
              44.951098
            ],
            [
              -120.882683,
              44.951116
            ],
            [
              -120.882669,
              44.951141
            ],
            [
              -120.882632,
              44.951228
            ],
            [
              -120.882607,
              44.95128
            ],
            [
              -120.882596,
              44.951301
            ],
            [
              -120.882558,
              44.951358
            ],
            [
              -120.882545,
              44.951377
            ],
            [
              -120.882502,
              44.951432
            ],
            [
              -120.882491,
              44.951451
            ],
            [
              -120.882482,
              44.951472
            ],
            [
              -120.882475,
              44.951494
            ],
            [
              -120.882466,
              44.95154
            ],
            [
              -120.882462,
              44.951574
            ],
            [
              -120.88246,
              44.951609
            ],
            [
              -120.882461,
              44.951634
            ],
            [
              -120.882463,
              44.95166
            ],
            [
              -120.882473,
              44.951713
            ],
            [
              -120.882499,
              44.951819
            ],
            [
              -120.88251,
              44.951871
            ],
            [
              -120.882514,
              44.951897
            ],
            [
              -120.882517,
              44.951922
            ],
            [
              -120.882517,
              44.951947
            ],
            [
              -120.882515,
              44.951971
            ],
            [
              -120.882507,
              44.952004
            ],
            [
              -120.882494,
              44.952036
            ],
            [
              -120.882483,
              44.952057
            ],
            [
              -120.882468,
              44.952076
            ],
            [
              -120.882451,
              44.952094
            ],
            [
              -120.88243,
              44.952112
            ],
            [
              -120.882408,
              44.952128
            ],
            [
              -120.882349,
              44.952168
            ],
            [
              -120.882313,
              44.952191
            ],
            [
              -120.882233,
              44.952238
            ],
            [
              -120.882207,
              44.952254
            ],
            [
              -120.882173,
              44.952279
            ],
            [
              -120.882097,
              44.952341
            ],
            [
              -120.88206,
              44.952366
            ],
            [
              -120.88202,
              44.952391
            ],
            [
              -120.881977,
              44.952413
            ],
            [
              -120.881936,
              44.952431
            ],
            [
              -120.881893,
              44.952448
            ],
            [
              -120.881783,
              44.952489
            ],
            [
              -120.881751,
              44.952502
            ],
            [
              -120.881719,
              44.952516
            ],
            [
              -120.881676,
              44.952537
            ],
            [
              -120.881587,
              44.952586
            ],
            [
              -120.88154,
              44.952613
            ],
            [
              -120.881494,
              44.952641
            ],
            [
              -120.88145,
              44.952669
            ],
            [
              -120.881412,
              44.952696
            ],
            [
              -120.881338,
              44.95275
            ],
            [
              -120.8813,
              44.952776
            ],
            [
              -120.881273,
              44.952793
            ],
            [
              -120.881205,
              44.952833
            ],
            [
              -120.881164,
              44.952856
            ],
            [
              -120.881134,
              44.95287
            ],
            [
              -120.881012,
              44.952924
            ],
            [
              -120.880982,
              44.952938
            ],
            [
              -120.880942,
              44.952959
            ],
            [
              -120.880875,
              44.952996
            ],
            [
              -120.880823,
              44.953026
            ],
            [
              -120.880799,
              44.953042
            ],
            [
              -120.880777,
              44.953059
            ],
            [
              -120.880724,
              44.953102
            ],
            [
              -120.880691,
              44.953127
            ],
            [
              -120.880666,
              44.953144
            ],
            [
              -120.880603,
              44.953184
            ],
            [
              -120.880564,
              44.953207
            ],
            [
              -120.880505,
              44.953236
            ],
            [
              -120.880401,
              44.953284
            ],
            [
              -120.880356,
              44.953303
            ],
            [
              -120.880324,
              44.953315
            ],
            [
              -120.88029,
              44.953326
            ],
            [
              -120.880219,
              44.953346
            ],
            [
              -120.880171,
              44.953358
            ],
            [
              -120.880072,
              44.95338
            ],
            [
              -120.879997,
              44.953395
            ],
            [
              -120.879921,
              44.953408
            ],
            [
              -120.879845,
              44.953421
            ],
            [
              -120.879769,
              44.953432
            ],
            [
              -120.879719,
              44.953438
            ],
            [
              -120.879669,
              44.953443
            ],
            [
              -120.879619,
              44.953446
            ],
            [
              -120.879475,
              44.953449
            ],
            [
              -120.879337,
              44.953456
            ],
            [
              -120.879286,
              44.953457
            ],
            [
              -120.87923,
              44.953457
            ],
            [
              -120.879119,
              44.953455
            ],
            [
              -120.879023,
              44.953451
            ],
            [
              -120.878977,
              44.953448
            ],
            [
              -120.87893,
              44.953441
            ],
            [
              -120.878885,
              44.953433
            ],
            [
              -120.878855,
              44.953426
            ],
            [
              -120.878826,
              44.953418
            ],
            [
              -120.878799,
              44.953409
            ],
            [
              -120.878722,
              44.953379
            ],
            [
              -120.878696,
              44.95337
            ],
            [
              -120.878615,
              44.953348
            ],
            [
              -120.878509,
              44.953313
            ],
            [
              -120.878456,
              44.953293
            ],
            [
              -120.878399,
              44.953274
            ],
            [
              -120.878358,
              44.953258
            ],
            [
              -120.878318,
              44.953242
            ],
            [
              -120.878278,
              44.953223
            ],
            [
              -120.87824,
              44.953204
            ],
            [
              -120.87814,
              44.953148
            ],
            [
              -120.878046,
              44.953088
            ],
            [
              -120.87787,
              44.95299
            ],
            [
              -120.877828,
              44.952968
            ],
            [
              -120.877659,
              44.952883
            ],
            [
              -120.877565,
              44.952833
            ],
            [
              -120.877511,
              44.952806
            ],
            [
              -120.877459,
              44.952779
            ],
            [
              -120.87742,
              44.95276
            ],
            [
              -120.877326,
              44.952718
            ],
            [
              -120.877234,
              44.952673
            ],
            [
              -120.877196,
              44.952655
            ],
            [
              -120.877168,
              44.952643
            ],
            [
              -120.87714,
              44.952632
            ],
            [
              -120.877111,
              44.952622
            ],
            [
              -120.87708,
              44.952614
            ],
            [
              -120.877036,
              44.952602
            ],
            [
              -120.876991,
              44.952592
            ],
            [
              -120.876894,
              44.952575
            ],
            [
              -120.876862,
              44.952569
            ],
            [
              -120.876751,
              44.952542
            ],
            [
              -120.876603,
              44.95251
            ],
            [
              -120.876556,
              44.952501
            ],
            [
              -120.876458,
              44.952486
            ],
            [
              -120.876427,
              44.95248
            ],
            [
              -120.876339,
              44.952461
            ],
            [
              -120.876251,
              44.952443
            ],
            [
              -120.87622,
              44.952439
            ],
            [
              -120.876188,
              44.952436
            ],
            [
              -120.87614,
              44.952433
            ],
            [
              -120.87609,
              44.952433
            ],
            [
              -120.876042,
              44.952437
            ],
            [
              -120.87601,
              44.952441
            ],
            [
              -120.875979,
              44.952448
            ],
            [
              -120.87595,
              44.952457
            ],
            [
              -120.875922,
              44.952467
            ],
            [
              -120.875887,
              44.952486
            ],
            [
              -120.875855,
              44.952507
            ],
            [
              -120.875814,
              44.952538
            ],
            [
              -120.87575,
              44.952583
            ],
            [
              -120.875729,
              44.952598
            ],
            [
              -120.875671,
              44.952646
            ],
            [
              -120.87563,
              44.952677
            ],
            [
              -120.875609,
              44.952693
            ],
            [
              -120.875577,
              44.952712
            ],
            [
              -120.875542,
              44.952732
            ],
            [
              -120.875236,
              44.95289
            ],
            [
              -120.875123,
              44.952944
            ],
            [
              -120.87507,
              44.952971
            ],
            [
              -120.875041,
              44.952984
            ],
            [
              -120.875012,
              44.952996
            ],
            [
              -120.874884,
              44.953042
            ],
            [
              -120.87484,
              44.95306
            ],
            [
              -120.874797,
              44.953078
            ],
            [
              -120.874754,
              44.953097
            ],
            [
              -120.874714,
              44.953117
            ],
            [
              -120.874676,
              44.953139
            ],
            [
              -120.874641,
              44.953161
            ],
            [
              -120.874618,
              44.953179
            ],
            [
              -120.874522,
              44.953255
            ],
            [
              -120.874487,
              44.953285
            ],
            [
              -120.874455,
              44.953316
            ],
            [
              -120.874393,
              44.953386
            ],
            [
              -120.874367,
              44.953414
            ],
            [
              -120.874338,
              44.95344
            ],
            [
              -120.874308,
              44.953463
            ],
            [
              -120.874286,
              44.953478
            ],
            [
              -120.874263,
              44.95349
            ],
            [
              -120.87424,
              44.953501
            ],
            [
              -120.874216,
              44.95351
            ],
            [
              -120.874173,
              44.953518
            ],
            [
              -120.874124,
              44.95352
            ],
            [
              -120.874072,
              44.953518
            ],
            [
              -120.874016,
              44.953513
            ],
            [
              -120.873959,
              44.953506
            ],
            [
              -120.873901,
              44.953497
            ],
            [
              -120.873842,
              44.953487
            ],
            [
              -120.873722,
              44.953465
            ],
            [
              -120.873663,
              44.953452
            ],
            [
              -120.873605,
              44.953438
            ],
            [
              -120.873547,
              44.953423
            ],
            [
              -120.873492,
              44.953406
            ],
            [
              -120.873445,
              44.953389
            ],
            [
              -120.8734,
              44.95337
            ],
            [
              -120.873298,
              44.953322
            ],
            [
              -120.873195,
              44.953277
            ],
            [
              -120.873153,
              44.953254
            ],
            [
              -120.873112,
              44.953229
            ],
            [
              -120.873074,
              44.953203
            ],
            [
              -120.873039,
              44.953176
            ],
            [
              -120.873008,
              44.953147
            ],
            [
              -120.872982,
              44.953117
            ],
            [
              -120.87296,
              44.953086
            ],
            [
              -120.87294,
              44.953054
            ],
            [
              -120.872926,
              44.953028
            ],
            [
              -120.872897,
              44.952968
            ],
            [
              -120.872867,
              44.952897
            ],
            [
              -120.872845,
              44.952843
            ],
            [
              -120.872763,
              44.952625
            ],
            [
              -120.872715,
              44.95249
            ],
            [
              -120.872697,
              44.952437
            ],
            [
              -120.872681,
              44.952385
            ],
            [
              -120.872668,
              44.952334
            ],
            [
              -120.872663,
              44.952309
            ],
            [
              -120.87266,
              44.952285
            ],
            [
              -120.872659,
              44.952261
            ],
            [
              -120.872661,
              44.952194
            ],
            [
              -120.872661,
              44.952125
            ],
            [
              -120.872663,
              44.952096
            ],
            [
              -120.872668,
              44.952067
            ],
            [
              -120.872678,
              44.952041
            ],
            [
              -120.872689,
              44.952023
            ],
            [
              -120.872703,
              44.952005
            ],
            [
              -120.872719,
              44.951989
            ],
            [
              -120.872737,
              44.951973
            ],
            [
              -120.872774,
              44.95195
            ],
            [
              -120.872817,
              44.95193
            ],
            [
              -120.872915,
              44.95189
            ],
            [
              -120.872965,
              44.951869
            ],
            [
              -120.87301,
              44.951847
            ],
            [
              -120.873053,
              44.951825
            ],
            [
              -120.873096,
              44.951801
            ],
            [
              -120.873215,
              44.951731
            ],
            [
              -120.873251,
              44.951708
            ],
            [
              -120.873282,
              44.951684
            ],
            [
              -120.873312,
              44.951655
            ],
            [
              -120.873337,
              44.951624
            ],
            [
              -120.873358,
              44.951591
            ],
            [
              -120.873407,
              44.951505
            ],
            [
              -120.87342,
              44.951473
            ],
            [
              -120.873428,
              44.951441
            ],
            [
              -120.873429,
              44.95141
            ],
            [
              -120.873426,
              44.951378
            ],
            [
              -120.873417,
              44.951347
            ],
            [
              -120.873408,
              44.951324
            ],
            [
              -120.873397,
              44.951302
            ],
            [
              -120.873379,
              44.951274
            ],
            [
              -120.873356,
              44.951248
            ],
            [
              -120.873328,
              44.951226
            ],
            [
              -120.873304,
              44.951212
            ],
            [
              -120.873278,
              44.9512
            ],
            [
              -120.873237,
              44.951184
            ],
            [
              -120.873194,
              44.95117
            ],
            [
              -120.873148,
              44.951158
            ],
            [
              -120.873102,
              44.951148
            ],
            [
              -120.873057,
              44.951142
            ],
            [
              -120.872971,
              44.951131
            ],
            [
              -120.87294,
              44.951127
            ],
            [
              -120.87291,
              44.95112
            ],
            [
              -120.872883,
              44.951112
            ],
            [
              -120.872857,
              44.951103
            ],
            [
              -120.872805,
              44.951083
            ],
            [
              -120.872753,
              44.951064
            ],
            [
              -120.872728,
              44.951054
            ],
            [
              -120.872704,
              44.951042
            ],
            [
              -120.872681,
              44.951028
            ],
            [
              -120.872659,
              44.951012
            ],
            [
              -120.872618,
              44.950977
            ],
            [
              -120.87259,
              44.950949
            ],
            [
              -120.872563,
              44.95092
            ],
            [
              -120.872546,
              44.950898
            ],
            [
              -120.87253,
              44.950875
            ],
            [
              -120.872516,
              44.950851
            ],
            [
              -120.872503,
              44.950826
            ],
            [
              -120.872481,
              44.950775
            ],
            [
              -120.872462,
              44.950723
            ],
            [
              -120.872455,
              44.950697
            ],
            [
              -120.872448,
              44.950671
            ],
            [
              -120.872443,
              44.950644
            ],
            [
              -120.872439,
              44.950618
            ],
            [
              -120.872431,
              44.950518
            ],
            [
              -120.872419,
              44.950423
            ],
            [
              -120.872416,
              44.950389
            ],
            [
              -120.872414,
              44.950364
            ],
            [
              -120.872415,
              44.95034
            ],
            [
              -120.872417,
              44.950317
            ],
            [
              -120.872422,
              44.950294
            ],
            [
              -120.872429,
              44.950272
            ],
            [
              -120.87245,
              44.950229
            ],
            [
              -120.872462,
              44.950208
            ],
            [
              -120.872484,
              44.950176
            ],
            [
              -120.872536,
              44.95011
            ],
            [
              -120.872561,
              44.950078
            ],
            [
              -120.872584,
              44.950045
            ],
            [
              -120.872653,
              44.94994
            ],
            [
              -120.872675,
              44.949907
            ],
            [
              -120.872699,
              44.949877
            ],
            [
              -120.872716,
              44.949856
            ],
            [
              -120.872735,
              44.949836
            ],
            [
              -120.872756,
              44.949818
            ],
            [
              -120.87278,
              44.9498
            ],
            [
              -120.872805,
              44.949783
            ],
            [
              -120.872906,
              44.949717
            ],
            [
              -120.872948,
              44.949691
            ],
            [
              -120.872992,
              44.949667
            ],
            [
              -120.873037,
              44.949643
            ],
            [
              -120.873162,
              44.949584
            ],
            [
              -120.873204,
              44.949561
            ],
            [
              -120.873332,
              44.94949
            ],
            [
              -120.87343,
              44.949439
            ],
            [
              -120.873455,
              44.949425
            ],
            [
              -120.873478,
              44.94941
            ],
            [
              -120.873498,
              44.949394
            ],
            [
              -120.873514,
              44.949377
            ],
            [
              -120.873525,
              44.949358
            ],
            [
              -120.873533,
              44.949338
            ],
            [
              -120.873537,
              44.949316
            ],
            [
              -120.873539,
              44.949294
            ],
            [
              -120.873539,
              44.949248
            ],
            [
              -120.873535,
              44.949185
            ],
            [
              -120.873534,
              44.949155
            ],
            [
              -120.873534,
              44.949109
            ],
            [
              -120.873533,
              44.949086
            ],
            [
              -120.87353,
              44.949062
            ],
            [
              -120.873504,
              44.948909
            ],
            [
              -120.873501,
              44.948884
            ],
            [
              -120.8735,
              44.948858
            ],
            [
              -120.8735,
              44.948822
            ],
            [
              -120.873506,
              44.948738
            ],
            [
              -120.873509,
              44.948714
            ],
            [
              -120.873513,
              44.948691
            ],
            [
              -120.873519,
              44.948669
            ],
            [
              -120.873527,
              44.948648
            ],
            [
              -120.873539,
              44.948627
            ],
            [
              -120.873553,
              44.948608
            ],
            [
              -120.873575,
              44.948581
            ],
            [
              -120.873632,
              44.948518
            ],
            [
              -120.873647,
              44.9485
            ],
            [
              -120.873674,
              44.948464
            ],
            [
              -120.873687,
              44.948445
            ],
            [
              -120.873698,
              44.948427
            ],
            [
              -120.873716,
              44.948388
            ],
            [
              -120.873722,
              44.948367
            ],
            [
              -120.873726,
              44.948346
            ],
            [
              -120.873726,
              44.948323
            ],
            [
              -120.873725,
              44.9483
            ],
            [
              -120.873721,
              44.948276
            ],
            [
              -120.873716,
              44.948251
            ],
            [
              -120.87371,
              44.948226
            ],
            [
              -120.873696,
              44.948174
            ],
            [
              -120.873654,
              44.948043
            ],
            [
              -120.873639,
              44.947991
            ],
            [
              -120.873628,
              44.94794
            ],
            [
              -120.873624,
              44.947915
            ],
            [
              -120.873622,
              44.947891
            ],
            [
              -120.873622,
              44.947867
            ],
            [
              -120.873633,
              44.947774
            ],
            [
              -120.873641,
              44.947725
            ],
            [
              -120.873649,
              44.947689
            ],
            [
              -120.87368,
              44.947578
            ],
            [
              -120.873702,
              44.947491
            ],
            [
              -120.873709,
              44.947467
            ],
            [
              -120.873718,
              44.947444
            ],
            [
              -120.873728,
              44.947422
            ],
            [
              -120.873756,
              44.947368
            ],
            [
              -120.87377,
              44.947337
            ],
            [
              -120.873801,
              44.947249
            ],
            [
              -120.873817,
              44.94721
            ],
            [
              -120.873825,
              44.947183
            ],
            [
              -120.873826,
              44.947158
            ],
            [
              -120.873822,
              44.947141
            ],
            [
              -120.873814,
              44.947126
            ],
            [
              -120.873802,
              44.947113
            ],
            [
              -120.873786,
              44.947102
            ],
            [
              -120.873765,
              44.947095
            ],
            [
              -120.87374,
              44.947091
            ],
            [
              -120.873703,
              44.947089
            ],
            [
              -120.873662,
              44.947091
            ],
            [
              -120.873617,
              44.947095
            ],
            [
              -120.873582,
              44.947099
            ],
            [
              -120.873546,
              44.947104
            ],
            [
              -120.873472,
              44.947116
            ],
            [
              -120.873397,
              44.947129
            ],
            [
              -120.873281,
              44.947151
            ],
            [
              -120.872779,
              44.947249
            ],
            [
              -120.872653,
              44.947275
            ],
            [
              -120.87252,
              44.947304
            ],
            [
              -120.87245,
              44.947322
            ],
            [
              -120.872417,
              44.947331
            ],
            [
              -120.872386,
              44.947341
            ],
            [
              -120.872355,
              44.947352
            ],
            [
              -120.872298,
              44.947374
            ],
            [
              -120.872236,
              44.947395
            ],
            [
              -120.87217,
              44.947415
            ],
            [
              -120.872056,
              44.947448
            ],
            [
              -120.87201,
              44.947462
            ],
            [
              -120.871965,
              44.947477
            ],
            [
              -120.871917,
              44.947496
            ],
            [
              -120.871871,
              44.947515
            ],
            [
              -120.871797,
              44.947549
            ],
            [
              -120.87177,
              44.947562
            ],
            [
              -120.871745,
              44.947576
            ],
            [
              -120.871722,
              44.947591
            ],
            [
              -120.871703,
              44.947607
            ],
            [
              -120.871685,
              44.947623
            ],
            [
              -120.871669,
              44.94764
            ],
            [
              -120.871654,
              44.947657
            ],
            [
              -120.871642,
              44.947675
            ],
            [
              -120.871632,
              44.947694
            ],
            [
              -120.871623,
              44.947714
            ],
            [
              -120.871617,
              44.947734
            ],
            [
              -120.871614,
              44.947755
            ],
            [
              -120.871613,
              44.947778
            ],
            [
              -120.871615,
              44.947801
            ],
            [
              -120.871619,
              44.947826
            ],
            [
              -120.871625,
              44.947851
            ],
            [
              -120.871631,
              44.947876
            ],
            [
              -120.871647,
              44.947928
            ],
            [
              -120.871683,
              44.948034
            ],
            [
              -120.8717,
              44.948086
            ],
            [
              -120.871714,
              44.948137
            ],
            [
              -120.87172,
              44.94817
            ],
            [
              -120.871723,
              44.948203
            ],
            [
              -120.871722,
              44.948233
            ],
            [
              -120.871719,
              44.948255
            ],
            [
              -120.871708,
              44.948299
            ],
            [
              -120.871701,
              44.948321
            ],
            [
              -120.871693,
              44.948343
            ],
            [
              -120.871683,
              44.948364
            ],
            [
              -120.871663,
              44.948393
            ],
            [
              -120.871638,
              44.94842
            ],
            [
              -120.871617,
              44.948438
            ],
            [
              -120.871546,
              44.948491
            ],
            [
              -120.871514,
              44.948518
            ],
            [
              -120.871482,
              44.948545
            ],
            [
              -120.871452,
              44.948574
            ],
            [
              -120.871403,
              44.948623
            ],
            [
              -120.871385,
              44.948645
            ],
            [
              -120.871363,
              44.948678
            ],
            [
              -120.871345,
              44.948713
            ],
            [
              -120.871332,
              44.94875
            ],
            [
              -120.871325,
              44.948774
            ],
            [
              -120.871312,
              44.948835
            ],
            [
              -120.871306,
              44.948871
            ],
            [
              -120.871304,
              44.948897
            ],
            [
              -120.871299,
              44.948997
            ],
            [
              -120.871296,
              44.949021
            ],
            [
              -120.871291,
              44.949045
            ],
            [
              -120.871283,
              44.949068
            ],
            [
              -120.871271,
              44.94909
            ],
            [
              -120.871257,
              44.949111
            ],
            [
              -120.871234,
              44.949141
            ],
            [
              -120.871207,
              44.949171
            ],
            [
              -120.871178,
              44.949201
            ],
            [
              -120.871147,
              44.949229
            ],
            [
              -120.871123,
              44.949248
            ],
            [
              -120.871063,
              44.949293
            ],
            [
              -120.871027,
              44.949318
            ],
            [
              -120.870989,
              44.949342
            ],
            [
              -120.87095,
              44.949362
            ],
            [
              -120.870921,
              44.949374
            ],
            [
              -120.87089,
              44.949384
            ],
            [
              -120.870859,
              44.949392
            ],
            [
              -120.870828,
              44.949398
            ],
            [
              -120.870797,
              44.949402
            ],
            [
              -120.870767,
              44.949404
            ],
            [
              -120.870738,
              44.949403
            ],
            [
              -120.87068,
              44.949399
            ],
            [
              -120.87065,
              44.949397
            ],
            [
              -120.870622,
              44.949393
            ],
            [
              -120.870594,
              44.949387
            ],
            [
              -120.870568,
              44.94938
            ],
            [
              -120.870544,
              44.949369
            ],
            [
              -120.870523,
              44.949356
            ],
            [
              -120.870504,
              44.949339
            ],
            [
              -120.870487,
              44.949321
            ],
            [
              -120.870471,
              44.9493
            ],
            [
              -120.870457,
              44.949278
            ],
            [
              -120.870443,
              44.949254
            ],
            [
              -120.870431,
              44.94923
            ],
            [
              -120.870419,
              44.949204
            ],
            [
              -120.870396,
              44.949152
            ],
            [
              -120.870343,
              44.949017
            ],
            [
              -120.87032,
              44.948963
            ],
            [
              -120.870295,
              44.948911
            ],
            [
              -120.870282,
              44.948885
            ],
            [
              -120.870262,
              44.948852
            ],
            [
              -120.870239,
              44.948821
            ],
            [
              -120.870213,
              44.948792
            ],
            [
              -120.870181,
              44.948763
            ],
            [
              -120.870145,
              44.948737
            ],
            [
              -120.870108,
              44.948713
            ],
            [
              -120.870069,
              44.94869
            ],
            [
              -120.869966,
              44.948633
            ],
            [
              -120.86994,
              44.94862
            ],
            [
              -120.869914,
              44.948608
            ],
            [
              -120.869886,
              44.948599
            ],
            [
              -120.869857,
              44.948593
            ],
            [
              -120.869826,
              44.948589
            ],
            [
              -120.869794,
              44.948587
            ],
            [
              -120.869761,
              44.948586
            ],
            [
              -120.869627,
              44.948588
            ],
            [
              -120.869594,
              44.948587
            ],
            [
              -120.869562,
              44.948584
            ],
            [
              -120.869531,
              44.94858
            ],
            [
              -120.869503,
              44.948573
            ],
            [
              -120.869475,
              44.948564
            ],
            [
              -120.86945,
              44.948552
            ],
            [
              -120.869413,
              44.94853
            ],
            [
              -120.869378,
              44.948506
            ],
            [
              -120.869345,
              44.948479
            ],
            [
              -120.869263,
              44.948405
            ],
            [
              -120.86922,
              44.94837
            ],
            [
              -120.869199,
              44.948351
            ],
            [
              -120.869149,
              44.948304
            ],
            [
              -120.869121,
              44.948275
            ],
            [
              -120.869102,
              44.948253
            ],
            [
              -120.869085,
              44.948231
            ],
            [
              -120.869034,
              44.948162
            ],
            [
              -120.868998,
              44.948117
            ],
            [
              -120.868979,
              44.948096
            ],
            [
              -120.86895,
              44.948069
            ],
            [
              -120.868919,
              44.948043
            ],
            [
              -120.868897,
              44.948026
            ],
            [
              -120.868875,
              44.948011
            ],
            [
              -120.868852,
              44.947998
            ],
            [
              -120.868806,
              44.947973
            ],
            [
              -120.868783,
              44.947963
            ],
            [
              -120.868761,
              44.947954
            ],
            [
              -120.868717,
              44.947939
            ],
            [
              -120.868696,
              44.947933
            ],
            [
              -120.868675,
              44.94793
            ],
            [
              -120.868656,
              44.947929
            ],
            [
              -120.868639,
              44.94793
            ],
            [
              -120.868623,
              44.947934
            ],
            [
              -120.868603,
              44.947946
            ],
            [
              -120.868587,
              44.947965
            ],
            [
              -120.868578,
              44.947981
            ],
            [
              -120.868571,
              44.948
            ],
            [
              -120.868562,
              44.948029
            ],
            [
              -120.868556,
              44.948061
            ],
            [
              -120.868553,
              44.948084
            ],
            [
              -120.868553,
              44.948108
            ],
            [
              -120.868554,
              44.94818
            ],
            [
              -120.868554,
              44.948204
            ],
            [
              -120.868552,
              44.948228
            ],
            [
              -120.868548,
              44.94825
            ],
            [
              -120.868542,
              44.948271
            ],
            [
              -120.868526,
              44.948313
            ],
            [
              -120.868517,
              44.948334
            ],
            [
              -120.868507,
              44.948354
            ],
            [
              -120.868472,
              44.948415
            ],
            [
              -120.868453,
              44.948443
            ],
            [
              -120.868431,
              44.948471
            ],
            [
              -120.868414,
              44.94849
            ],
            [
              -120.868395,
              44.948507
            ],
            [
              -120.868373,
              44.948523
            ],
            [
              -120.868347,
              44.948537
            ],
            [
              -120.868302,
              44.948558
            ],
            [
              -120.868253,
              44.948577
            ],
            [
              -120.868201,
              44.948595
            ],
            [
              -120.868147,
              44.948611
            ],
            [
              -120.868091,
              44.948627
            ],
            [
              -120.867977,
              44.948659
            ],
            [
              -120.867511,
              44.94878
            ],
            [
              -120.867045,
              44.948904
            ],
            [
              -120.86687,
              44.948949
            ],
            [
              -120.866811,
              44.948962
            ],
            [
              -120.866755,
              44.948974
            ],
            [
              -120.866699,
              44.948985
            ],
            [
              -120.866643,
              44.948995
            ],
            [
              -120.866588,
              44.949004
            ],
            [
              -120.866552,
              44.949008
            ],
            [
              -120.866516,
              44.949011
            ],
            [
              -120.866481,
              44.949013
            ],
            [
              -120.866447,
              44.949014
            ],
            [
              -120.866415,
              44.949012
            ],
            [
              -120.866383,
              44.949008
            ],
            [
              -120.866353,
              44.949002
            ],
            [
              -120.866324,
              44.948993
            ],
            [
              -120.866284,
              44.94898
            ],
            [
              -120.866244,
              44.948964
            ],
            [
              -120.866217,
              44.948952
            ],
            [
              -120.866191,
              44.948939
            ],
            [
              -120.866167,
              44.948923
            ],
            [
              -120.866144,
              44.948906
            ],
            [
              -120.866111,
              44.948877
            ],
            [
              -120.86608,
              44.948846
            ],
            [
              -120.866053,
              44.948813
            ],
            [
              -120.866036,
              44.948789
            ],
            [
              -120.866021,
              44.948764
            ],
            [
              -120.866007,
              44.948739
            ],
            [
              -120.865982,
              44.948686
            ],
            [
              -120.865959,
              44.948633
            ],
            [
              -120.865938,
              44.948578
            ],
            [
              -120.865879,
              44.948412
            ],
            [
              -120.865849,
              44.948332
            ],
            [
              -120.865827,
              44.94828
            ],
            [
              -120.865803,
              44.948231
            ],
            [
              -120.865789,
              44.948208
            ],
            [
              -120.865775,
              44.948187
            ],
            [
              -120.865759,
              44.948167
            ],
            [
              -120.865741,
              44.948149
            ],
            [
              -120.865721,
              44.948135
            ],
            [
              -120.865698,
              44.948123
            ],
            [
              -120.865673,
              44.948115
            ],
            [
              -120.865645,
              44.94811
            ],
            [
              -120.865614,
              44.948108
            ],
            [
              -120.865582,
              44.948108
            ],
            [
              -120.865549,
              44.948109
            ],
            [
              -120.865514,
              44.948112
            ],
            [
              -120.865479,
              44.948116
            ],
            [
              -120.865443,
              44.948121
            ],
            [
              -120.865369,
              44.948133
            ],
            [
              -120.86514,
              44.948175
            ],
            [
              -120.865026,
              44.948195
            ],
            [
              -120.86495,
              44.948206
            ],
            [
              -120.864875,
              44.948214
            ],
            [
              -120.864838,
              44.948217
            ],
            [
              -120.864697,
              44.948222
            ],
            [
              -120.864554,
              44.948229
            ],
            [
              -120.86452,
              44.94823
            ],
            [
              -120.864486,
              44.94823
            ],
            [
              -120.864453,
              44.948229
            ],
            [
              -120.864289,
              44.948213
            ],
            [
              -120.864255,
              44.948208
            ],
            [
              -120.864206,
              44.948199
            ],
            [
              -120.864157,
              44.948189
            ],
            [
              -120.864006,
              44.948154
            ],
            [
              -120.863866,
              44.948125
            ],
            [
              -120.863832,
              44.948118
            ],
            [
              -120.863785,
              44.948105
            ],
            [
              -120.86374,
              44.948091
            ],
            [
              -120.863679,
              44.94807
            ],
            [
              -120.863568,
              44.948039
            ],
            [
              -120.863521,
              44.948026
            ],
            [
              -120.863473,
              44.948015
            ],
            [
              -120.863424,
              44.948005
            ],
            [
              -120.863389,
              44.947999
            ],
            [
              -120.863353,
              44.947995
            ],
            [
              -120.863303,
              44.94799
            ],
            [
              -120.863252,
              44.947986
            ],
            [
              -120.863203,
              44.947987
            ],
            [
              -120.863153,
              44.947989
            ],
            [
              -120.863104,
              44.947994
            ],
            [
              -120.863029,
              44.948004
            ],
            [
              -120.862972,
              44.948012
            ],
            [
              -120.862915,
              44.948022
            ],
            [
              -120.862803,
              44.948045
            ],
            [
              -120.862743,
              44.948058
            ],
            [
              -120.862684,
              44.948072
            ],
            [
              -120.862626,
              44.948087
            ],
            [
              -120.86257,
              44.948103
            ],
            [
              -120.862515,
              44.948121
            ],
            [
              -120.862421,
              44.948156
            ],
            [
              -120.862353,
              44.948179
            ],
            [
              -120.862139,
              44.948244
            ],
            [
              -120.861943,
              44.948306
            ],
            [
              -120.861895,
              44.94832
            ],
            [
              -120.861846,
              44.948333
            ],
            [
              -120.861792,
              44.948345
            ],
            [
              -120.861739,
              44.948353
            ],
            [
              -120.861687,
              44.948359
            ],
            [
              -120.861636,
              44.948361
            ],
            [
              -120.861603,
              44.948359
            ],
            [
              -120.861572,
              44.948355
            ],
            [
              -120.861541,
              44.948348
            ],
            [
              -120.861511,
              44.948339
            ],
            [
              -120.861468,
              44.948324
            ],
            [
              -120.861425,
              44.948308
            ],
            [
              -120.861383,
              44.94829
            ],
            [
              -120.86134,
              44.948271
            ],
            [
              -120.8613,
              44.948251
            ],
            [
              -120.861261,
              44.948231
            ],
            [
              -120.861159,
              44.948175
            ],
            [
              -120.861088,
              44.948133
            ],
            [
              -120.861064,
              44.948118
            ],
            [
              -120.861042,
              44.948103
            ],
            [
              -120.860973,
              44.948052
            ],
            [
              -120.860937,
              44.948029
            ],
            [
              -120.8609,
              44.948007
            ],
            [
              -120.860861,
              44.947986
            ],
            [
              -120.860795,
              44.947953
            ],
            [
              -120.860767,
              44.94794
            ],
            [
              -120.860738,
              44.94793
            ],
            [
              -120.860666,
              44.947907
            ],
            [
              -120.860623,
              44.947896
            ],
            [
              -120.860506,
              44.947869
            ],
            [
              -120.860476,
              44.947864
            ],
            [
              -120.860388,
              44.947851
            ],
            [
              -120.860331,
              44.947841
            ],
            [
              -120.860213,
              44.947827
            ],
            [
              -120.860156,
              44.947818
            ],
            [
              -120.860038,
              44.947804
            ],
            [
              -120.860009,
              44.947799
            ],
            [
              -120.859982,
              44.947792
            ],
            [
              -120.859956,
              44.947783
            ],
            [
              -120.85988,
              44.947751
            ],
            [
              -120.859787,
              44.947713
            ],
            [
              -120.859694,
              44.94767
            ],
            [
              -120.859654,
              44.947654
            ],
            [
              -120.859613,
              44.947639
            ],
            [
              -120.859526,
              44.947614
            ],
            [
              -120.859499,
              44.947605
            ],
            [
              -120.859473,
              44.947595
            ],
            [
              -120.859421,
              44.947573
            ],
            [
              -120.859395,
              44.947563
            ],
            [
              -120.859368,
              44.947554
            ],
            [
              -120.859281,
              44.947527
            ],
            [
              -120.859237,
              44.947511
            ],
            [
              -120.859149,
              44.947474
            ],
            [
              -120.859107,
              44.947458
            ],
            [
              -120.859063,
              44.947442
            ],
            [
              -120.858943,
              44.947402
            ],
            [
              -120.858898,
              44.947389
            ],
            [
              -120.858852,
              44.947378
            ],
            [
              -120.858819,
              44.947373
            ],
            [
              -120.858494,
              44.947333
            ],
            [
              -120.858443,
              44.947325
            ],
            [
              -120.858332,
              44.947305
            ],
            [
              -120.8583,
              44.947301
            ],
            [
              -120.858171,
              44.947291
            ],
            [
              -120.85814,
              44.947288
            ],
            [
              -120.858047,
              44.947275
            ],
            [
              -120.857968,
              44.947266
            ],
            [
              -120.857921,
              44.947261
            ],
            [
              -120.857876,
              44.947258
            ],
            [
              -120.857787,
              44.947255
            ],
            [
              -120.857754,
              44.947253
            ],
            [
              -120.857721,
              44.94725
            ],
            [
              -120.857496,
              44.947219
            ],
            [
              -120.857318,
              44.9472
            ],
            [
              -120.857195,
              44.947185
            ],
            [
              -120.857147,
              44.947178
            ],
            [
              -120.857068,
              44.947164
            ],
            [
              -120.857036,
              44.94716
            ],
            [
              -120.857003,
              44.947157
            ],
            [
              -120.856969,
              44.947157
            ],
            [
              -120.856934,
              44.947157
            ],
            [
              -120.856862,
              44.947162
            ],
            [
              -120.856729,
              44.947172
            ],
            [
              -120.85668,
              44.947174
            ],
            [
              -120.856644,
              44.947174
            ],
            [
              -120.856609,
              44.947173
            ],
            [
              -120.856558,
              44.947167
            ],
            [
              -120.85651,
              44.947157
            ],
            [
              -120.856465,
              44.947142
            ],
            [
              -120.856438,
              44.947129
            ],
            [
              -120.856412,
              44.947114
            ],
            [
              -120.856377,
              44.94709
            ],
            [
              -120.856346,
              44.947063
            ],
            [
              -120.856326,
              44.947042
            ],
            [
              -120.856309,
              44.94702
            ],
            [
              -120.856293,
              44.946996
            ],
            [
              -120.856278,
              44.946972
            ],
            [
              -120.856251,
              44.946921
            ],
            [
              -120.856215,
              44.946842
            ],
            [
              -120.856193,
              44.946788
            ],
            [
              -120.856162,
              44.946706
            ],
            [
              -120.856143,
              44.946651
            ],
            [
              -120.856126,
              44.946598
            ],
            [
              -120.856112,
              44.946545
            ],
            [
              -120.856107,
              44.946519
            ],
            [
              -120.856103,
              44.946494
            ],
            [
              -120.856101,
              44.946469
            ],
            [
              -120.856101,
              44.946445
            ],
            [
              -120.856103,
              44.946422
            ],
            [
              -120.856109,
              44.9464
            ],
            [
              -120.856119,
              44.946379
            ],
            [
              -120.856131,
              44.946359
            ],
            [
              -120.856152,
              44.946331
            ],
            [
              -120.856175,
              44.946304
            ],
            [
              -120.856192,
              44.946285
            ],
            [
              -120.856211,
              44.946268
            ],
            [
              -120.856242,
              44.946247
            ],
            [
              -120.856276,
              44.946228
            ],
            [
              -120.85637,
              44.946182
            ],
            [
              -120.856412,
              44.94616
            ],
            [
              -120.856453,
              44.946138
            ],
            [
              -120.856541,
              44.946085
            ],
            [
              -120.856568,
              44.946071
            ],
            [
              -120.856596,
              44.946058
            ],
            [
              -120.856692,
              44.946016
            ],
            [
              -120.85673,
              44.945998
            ],
            [
              -120.856765,
              44.945979
            ],
            [
              -120.856799,
              44.945957
            ],
            [
              -120.856829,
              44.945934
            ],
            [
              -120.856868,
              44.9459
            ],
            [
              -120.85691,
              44.945869
            ],
            [
              -120.856931,
              44.945854
            ],
            [
              -120.856954,
              44.945839
            ],
            [
              -120.856978,
              44.945825
            ],
            [
              -120.857005,
              44.945812
            ],
            [
              -120.857034,
              44.9458
            ],
            [
              -120.857159,
              44.945751
            ],
            [
              -120.857191,
              44.945738
            ],
            [
              -120.857238,
              44.945717
            ],
            [
              -120.857284,
              44.945694
            ],
            [
              -120.857329,
              44.94567
            ],
            [
              -120.857505,
              44.945571
            ],
            [
              -120.857548,
              44.945549
            ],
            [
              -120.85758,
              44.945534
            ],
            [
              -120.857612,
              44.945521
            ],
            [
              -120.857744,
              44.945469
            ],
            [
              -120.857795,
              44.945447
            ],
            [
              -120.857844,
              44.945423
            ],
            [
              -120.857892,
              44.945398
            ],
            [
              -120.857936,
              44.945372
            ],
            [
              -120.857973,
              44.945348
            ],
            [
              -120.858033,
              44.945306
            ],
            [
              -120.858056,
              44.945289
            ],
            [
              -120.858099,
              44.945253
            ],
            [
              -120.858178,
              44.945192
            ],
            [
              -120.858211,
              44.945166
            ],
            [
              -120.858246,
              44.94514
            ],
            [
              -120.858284,
              44.945116
            ],
            [
              -120.858311,
              44.9451
            ],
            [
              -120.85834,
              44.945085
            ],
            [
              -120.8584,
              44.945056
            ],
            [
              -120.858443,
              44.945036
            ],
            [
              -120.858487,
              44.945017
            ],
            [
              -120.85852,
              44.945005
            ],
            [
              -120.858553,
              44.944994
            ],
            [
              -120.858623,
              44.944974
            ],
            [
              -120.858696,
              44.944956
            ],
            [
              -120.85877,
              44.94494
            ],
            [
              -120.858883,
              44.944917
            ],
            [
              -120.858997,
              44.944895
            ],
            [
              -120.859889,
              44.944729
            ],
            [
              -120.860041,
              44.944701
            ],
            [
              -120.860141,
              44.944684
            ],
            [
              -120.860252,
              44.944668
            ],
            [
              -120.860306,
              44.944661
            ],
            [
              -120.860359,
              44.944656
            ],
            [
              -120.860393,
              44.944653
            ],
            [
              -120.860426,
              44.944652
            ],
            [
              -120.860491,
              44.944651
            ],
            [
              -120.860524,
              44.944649
            ],
            [
              -120.860557,
              44.944646
            ],
            [
              -120.860603,
              44.944641
            ],
            [
              -120.860648,
              44.944634
            ],
            [
              -120.860694,
              44.944626
            ],
            [
              -120.860761,
              44.944612
            ],
            [
              -120.860794,
              44.944604
            ],
            [
              -120.860825,
              44.944595
            ],
            [
              -120.860855,
              44.944585
            ],
            [
              -120.860884,
              44.944574
            ],
            [
              -120.860965,
              44.94454
            ],
            [
              -120.86108,
              44.944495
            ],
            [
              -120.861163,
              44.944459
            ],
            [
              -120.861192,
              44.944448
            ],
            [
              -120.861223,
              44.944438
            ],
            [
              -120.861256,
              44.944428
            ],
            [
              -120.861324,
              44.944409
            ],
            [
              -120.861502,
              44.944366
            ],
            [
              -120.861553,
              44.944352
            ],
            [
              -120.861601,
              44.944338
            ],
            [
              -120.861644,
              44.944322
            ],
            [
              -120.861681,
              44.944304
            ],
            [
              -120.861701,
              44.944291
            ],
            [
              -120.861716,
              44.944277
            ],
            [
              -120.861725,
              44.944261
            ],
            [
              -120.861729,
              44.944245
            ],
            [
              -120.861728,
              44.944227
            ],
            [
              -120.861723,
              44.94421
            ],
            [
              -120.861714,
              44.944193
            ],
            [
              -120.861701,
              44.944177
            ],
            [
              -120.861684,
              44.944163
            ],
            [
              -120.861665,
              44.944149
            ],
            [
              -120.861643,
              44.944135
            ],
            [
              -120.86162,
              44.944121
            ],
            [
              -120.861582,
              44.944104
            ],
            [
              -120.86154,
              44.944089
            ],
            [
              -120.861495,
              44.944077
            ],
            [
              -120.861448,
              44.944068
            ],
            [
              -120.861402,
              44.944064
            ],
            [
              -120.861355,
              44.944062
            ],
            [
              -120.861202,
              44.944063
            ],
            [
              -120.861168,
              44.944063
            ],
            [
              -120.861103,
              44.944059
            ],
            [
              -120.860967,
              44.944056
            ],
            [
              -120.860934,
              44.944054
            ],
            [
              -120.8609,
              44.94405
            ],
            [
              -120.860855,
              44.944042
            ],
            [
              -120.860811,
              44.944031
            ],
            [
              -120.860781,
              44.944022
            ],
            [
              -120.860754,
              44.94401
            ],
            [
              -120.860714,
              44.943987
            ],
            [
              -120.860678,
              44.943958
            ],
            [
              -120.860645,
              44.943925
            ],
            [
              -120.860614,
              44.94389
            ],
            [
              -120.860585,
              44.943853
            ],
            [
              -120.860557,
              44.943814
            ],
            [
              -120.860503,
              44.943735
            ],
            [
              -120.86024,
              44.943328
            ],
            [
              -120.860028,
              44.943005
            ],
            [
              -120.859257,
              44.941836
            ],
            [
              -120.858777,
              44.941111
            ],
            [
              -120.8587,
              44.94099
            ],
            [
              -120.858651,
              44.940908
            ],
            [
              -120.858616,
              44.94084
            ],
            [
              -120.858592,
              44.940787
            ],
            [
              -120.858569,
              44.940734
            ],
            [
              -120.858536,
              44.940654
            ],
            [
              -120.858502,
              44.940564
            ],
            [
              -120.858271,
              44.939953
            ],
            [
              -120.858221,
              44.939818
            ],
            [
              -120.858184,
              44.939711
            ],
            [
              -120.858161,
              44.939631
            ],
            [
              -120.858148,
              44.939577
            ],
            [
              -120.85814,
              44.939525
            ],
            [
              -120.858133,
              44.93945
            ],
            [
              -120.858129,
              44.939424
            ],
            [
              -120.858124,
              44.939398
            ],
            [
              -120.858112,
              44.939344
            ],
            [
              -120.858096,
              44.939291
            ],
            [
              -120.858069,
              44.93921
            ],
            [
              -120.857969,
              44.938941
            ],
            [
              -120.85795,
              44.938887
            ],
            [
              -120.857933,
              44.938833
            ],
            [
              -120.857918,
              44.93878
            ],
            [
              -120.857912,
              44.938753
            ],
            [
              -120.857907,
              44.938727
            ],
            [
              -120.857904,
              44.938701
            ],
            [
              -120.857903,
              44.938675
            ],
            [
              -120.857904,
              44.938649
            ],
            [
              -120.857909,
              44.938613
            ],
            [
              -120.857918,
              44.938578
            ],
            [
              -120.857938,
              44.938509
            ],
            [
              -120.857956,
              44.938439
            ],
            [
              -120.857963,
              44.938416
            ],
            [
              -120.85806,
              44.938179
            ],
            [
              -120.858068,
              44.938156
            ],
            [
              -120.858088,
              44.938086
            ],
            [
              -120.858124,
              44.937983
            ],
            [
              -120.858134,
              44.937948
            ],
            [
              -120.858141,
              44.937914
            ],
            [
              -120.858152,
              44.937848
            ],
            [
              -120.858166,
              44.937779
            ],
            [
              -120.858177,
              44.937708
            ],
            [
              -120.858196,
              44.937621
            ],
            [
              -120.85821,
              44.937512
            ],
            [
              -120.85821,
              44.937489
            ],
            [
              -120.858208,
              44.937466
            ],
            [
              -120.858205,
              44.937442
            ],
            [
              -120.858193,
              44.937391
            ],
            [
              -120.858178,
              44.93734
            ],
            [
              -120.85816,
              44.937287
            ],
            [
              -120.858141,
              44.937234
            ],
            [
              -120.858076,
              44.937063
            ],
            [
              -120.858049,
              44.936992
            ],
            [
              -120.858031,
              44.936938
            ],
            [
              -120.858015,
              44.936886
            ],
            [
              -120.858004,
              44.936834
            ],
            [
              -120.858,
              44.936809
            ],
            [
              -120.857998,
              44.936784
            ],
            [
              -120.857998,
              44.93676
            ],
            [
              -120.858,
              44.936736
            ],
            [
              -120.858006,
              44.936713
            ],
            [
              -120.858013,
              44.93669
            ],
            [
              -120.858056,
              44.93656
            ],
            [
              -120.858065,
              44.936536
            ],
            [
              -120.858081,
              44.936504
            ],
            [
              -120.858098,
              44.936472
            ],
            [
              -120.858111,
              44.936451
            ],
            [
              -120.858126,
              44.936431
            ],
            [
              -120.858143,
              44.936412
            ],
            [
              -120.858199,
              44.936357
            ],
            [
              -120.85826,
              44.936292
            ],
            [
              -120.858322,
              44.936228
            ],
            [
              -120.858343,
              44.936203
            ],
            [
              -120.85836,
              44.936177
            ],
            [
              -120.858367,
              44.93616
            ],
            [
              -120.858373,
              44.936144
            ],
            [
              -120.858376,
              44.936129
            ],
            [
              -120.858375,
              44.936115
            ],
            [
              -120.858369,
              44.936102
            ],
            [
              -120.858358,
              44.936091
            ],
            [
              -120.858341,
              44.936082
            ],
            [
              -120.858321,
              44.936075
            ],
            [
              -120.858297,
              44.936068
            ],
            [
              -120.858228,
              44.936051
            ],
            [
              -120.858183,
              44.936041
            ],
            [
              -120.858135,
              44.936031
            ],
            [
              -120.858085,
              44.936023
            ],
            [
              -120.858049,
              44.936018
            ],
            [
              -120.857724,
              44.93598
            ],
            [
              -120.857558,
              44.935958
            ],
            [
              -120.857473,
              44.935945
            ],
            [
              -120.857442,
              44.935938
            ],
            [
              -120.857413,
              44.93593
            ],
            [
              -120.857387,
              44.93592
            ],
            [
              -120.857363,
              44.935907
            ],
            [
              -120.857342,
              44.935891
            ],
            [
              -120.857323,
              44.935874
            ],
            [
              -120.857305,
              44.935855
            ],
            [
              -120.857273,
              44.935814
            ],
            [
              -120.857212,
              44.93573
            ],
            [
              -120.857181,
              44.93569
            ],
            [
              -120.857166,
              44.935669
            ],
            [
              -120.857139,
              44.935624
            ],
            [
              -120.857115,
              44.935575
            ],
            [
              -120.857056,
              44.935449
            ],
            [
              -120.857031,
              44.935401
            ],
            [
              -120.857017,
              44.935378
            ],
            [
              -120.857002,
              44.935356
            ],
            [
              -120.856986,
              44.935336
            ],
            [
              -120.856969,
              44.935317
            ],
            [
              -120.856949,
              44.9353
            ],
            [
              -120.856927,
              44.935286
            ],
            [
              -120.856902,
              44.935275
            ],
            [
              -120.856875,
              44.935266
            ],
            [
              -120.856846,
              44.935258
            ],
            [
              -120.856772,
              44.935241
            ],
            [
              -120.856664,
              44.93522
            ],
            [
              -120.856633,
              44.935213
            ],
            [
              -120.856603,
              44.935204
            ],
            [
              -120.856574,
              44.935194
            ],
            [
              -120.856546,
              44.935181
            ],
            [
              -120.856507,
              44.935163
            ],
            [
              -120.856468,
              44.935142
            ],
            [
              -120.856417,
              44.93511
            ],
            [
              -120.856345,
              44.935064
            ],
            [
              -120.856275,
              44.935016
            ],
            [
              -120.856252,
              44.935
            ],
            [
              -120.856232,
              44.934984
            ],
            [
              -120.856213,
              44.934966
            ],
            [
              -120.856188,
              44.934941
            ],
            [
              -120.856169,
              44.934914
            ],
            [
              -120.856159,
              44.934895
            ],
            [
              -120.856153,
              44.934875
            ],
            [
              -120.856152,
              44.934854
            ],
            [
              -120.856155,
              44.934834
            ],
            [
              -120.856163,
              44.934815
            ],
            [
              -120.856174,
              44.934795
            ],
            [
              -120.856195,
              44.934767
            ],
            [
              -120.856221,
              44.934738
            ],
            [
              -120.856251,
              44.93471
            ],
            [
              -120.856284,
              44.934683
            ],
            [
              -120.856324,
              44.934656
            ],
            [
              -120.856367,
              44.934632
            ],
            [
              -120.856414,
              44.93461
            ],
            [
              -120.856448,
              44.934597
            ],
            [
              -120.856482,
              44.934585
            ],
            [
              -120.856518,
              44.934575
            ],
            [
              -120.856555,
              44.934565
            ],
            [
              -120.856604,
              44.934553
            ],
            [
              -120.856706,
              44.934531
            ],
            [
              -120.85686,
              44.934501
            ],
            [
              -120.857208,
              44.934438
            ],
            [
              -120.857321,
              44.934416
            ],
            [
              -120.857393,
              44.9344
            ],
            [
              -120.857462,
              44.934382
            ],
            [
              -120.857495,
              44.934372
            ],
            [
              -120.857526,
              44.934362
            ],
            [
              -120.857556,
              44.93435
            ],
            [
              -120.857583,
              44.934338
            ],
            [
              -120.857608,
              44.934324
            ],
            [
              -120.857655,
              44.934295
            ],
            [
              -120.857679,
              44.934279
            ],
            [
              -120.85771,
              44.934256
            ],
            [
              -120.85774,
              44.934232
            ],
            [
              -120.857761,
              44.934215
            ],
            [
              -120.85778,
              44.934197
            ],
            [
              -120.857797,
              44.934179
            ],
            [
              -120.857829,
              44.934142
            ],
            [
              -120.857845,
              44.934122
            ],
            [
              -120.857859,
              44.934102
            ],
            [
              -120.857931,
              44.933988
            ],
            [
              -120.857975,
              44.933915
            ],
            [
              -120.858,
              44.933875
            ],
            [
              -120.858048,
              44.933793
            ],
            [
              -120.858058,
              44.933771
            ],
            [
              -120.85808,
              44.933716
            ],
            [
              -120.85809,
              44.933682
            ],
            [
              -120.858096,
              44.933657
            ],
            [
              -120.858108,
              44.933596
            ],
            [
              -120.858111,
              44.93356
            ],
            [
              -120.858111,
              44.933534
            ],
            [
              -120.858108,
              44.933508
            ],
            [
              -120.858104,
              44.933481
            ],
            [
              -120.858093,
              44.933427
            ],
            [
              -120.858076,
              44.933374
            ],
            [
              -120.858057,
              44.933321
            ],
            [
              -120.858034,
              44.93327
            ],
            [
              -120.858021,
              44.933245
            ],
            [
              -120.858008,
              44.933221
            ],
            [
              -120.857993,
              44.933197
            ],
            [
              -120.857976,
              44.933175
            ],
            [
              -120.857958,
              44.933155
            ],
            [
              -120.857938,
              44.933136
            ],
            [
              -120.857916,
              44.933119
            ],
            [
              -120.857879,
              44.9331
            ],
            [
              -120.857838,
              44.933086
            ],
            [
              -120.857806,
              44.933079
            ],
            [
              -120.857773,
              44.933075
            ],
            [
              -120.857739,
              44.933072
            ],
            [
              -120.857704,
              44.93307
            ],
            [
              -120.85753,
              44.933064
            ],
            [
              -120.857435,
              44.933063
            ],
            [
              -120.85739,
              44.933061
            ],
            [
              -120.857357,
              44.933059
            ],
            [
              -120.857326,
              44.933055
            ],
            [
              -120.857297,
              44.933049
            ],
            [
              -120.857272,
              44.93304
            ],
            [
              -120.857249,
              44.933028
            ],
            [
              -120.857229,
              44.933013
            ],
            [
              -120.857212,
              44.932996
            ],
            [
              -120.857197,
              44.932977
            ],
            [
              -120.857185,
              44.932956
            ],
            [
              -120.857174,
              44.932935
            ],
            [
              -120.857167,
              44.932912
            ],
            [
              -120.857161,
              44.93289
            ],
            [
              -120.857159,
              44.932867
            ],
            [
              -120.857159,
              44.932844
            ],
            [
              -120.857163,
              44.932822
            ],
            [
              -120.857172,
              44.932801
            ],
            [
              -120.857193,
              44.932772
            ],
            [
              -120.857224,
              44.932745
            ],
            [
              -120.857261,
              44.932722
            ],
            [
              -120.8573,
              44.932704
            ],
            [
              -120.857343,
              44.932688
            ],
            [
              -120.857388,
              44.932674
            ],
            [
              -120.85746,
              44.932655
            ],
            [
              -120.85751,
              44.932644
            ],
            [
              -120.857561,
              44.932633
            ],
            [
              -120.857612,
              44.932623
            ],
            [
              -120.857689,
              44.93261
            ],
            [
              -120.857805,
              44.932592
            ],
            [
              -120.857883,
              44.932583
            ],
            [
              -120.857921,
              44.93258
            ],
            [
              -120.857959,
              44.932577
            ],
            [
              -120.857998,
              44.932575
            ],
            [
              -120.858104,
              44.932574
            ],
            [
              -120.858331,
              44.932568
            ],
            [
              -120.85839,
              44.932569
            ],
            [
              -120.858447,
              44.93257
            ],
            [
              -120.858587,
              44.932578
            ],
            [
              -120.858617,
              44.932578
            ],
            [
              -120.858647,
              44.932577
            ],
            [
              -120.858678,
              44.932573
            ],
            [
              -120.858707,
              44.932566
            ],
            [
              -120.858735,
              44.932558
            ],
            [
              -120.858762,
              44.932547
            ],
            [
              -120.858786,
              44.932534
            ],
            [
              -120.85882,
              44.932508
            ],
            [
              -120.858848,
              44.932477
            ],
            [
              -120.858873,
              44.932442
            ],
            [
              -120.858896,
              44.932405
            ],
            [
              -120.858916,
              44.932366
            ],
            [
              -120.858954,
              44.932284
            ],
            [
              -120.858989,
              44.9322
            ],
            [
              -120.859164,
              44.931777
            ],
            [
              -120.859198,
              44.931693
            ],
            [
              -120.859213,
              44.931651
            ],
            [
              -120.859227,
              44.93161
            ],
            [
              -120.859239,
              44.931568
            ],
            [
              -120.859248,
              44.931527
            ],
            [
              -120.859253,
              44.931487
            ],
            [
              -120.859252,
              44.931447
            ],
            [
              -120.859248,
              44.931422
            ],
            [
              -120.85924,
              44.931398
            ],
            [
              -120.859231,
              44.931373
            ],
            [
              -120.859218,
              44.93135
            ],
            [
              -120.859196,
              44.931318
            ],
            [
              -120.859153,
              44.931264
            ],
            [
              -120.859079,
              44.931173
            ],
            [
              -120.859052,
              44.931137
            ],
            [
              -120.859036,
              44.931113
            ],
            [
              -120.859006,
              44.931062
            ],
            [
              -120.858979,
              44.931011
            ],
            [
              -120.858955,
              44.930958
            ],
            [
              -120.858932,
              44.930905
            ],
            [
              -120.858899,
              44.930825
            ],
            [
              -120.858654,
              44.930194
            ],
            [
              -120.858628,
              44.930123
            ],
            [
              -120.858605,
              44.930052
            ],
            [
              -120.858595,
              44.930017
            ],
            [
              -120.858589,
              44.929991
            ],
            [
              -120.858585,
              44.929965
            ],
            [
              -120.858582,
              44.92994
            ],
            [
              -120.858581,
              44.929916
            ],
            [
              -120.858583,
              44.929892
            ],
            [
              -120.858588,
              44.929868
            ],
            [
              -120.858596,
              44.929846
            ],
            [
              -120.858607,
              44.929823
            ],
            [
              -120.858643,
              44.929758
            ],
            [
              -120.858663,
              44.929723
            ],
            [
              -120.858685,
              44.929687
            ],
            [
              -120.85871,
              44.929653
            ],
            [
              -120.858736,
              44.929621
            ],
            [
              -120.858766,
              44.92959
            ],
            [
              -120.858799,
              44.929562
            ],
            [
              -120.858835,
              44.929536
            ],
            [
              -120.858873,
              44.929515
            ],
            [
              -120.858914,
              44.929495
            ],
            [
              -120.858957,
              44.929476
            ],
            [
              -120.859009,
              44.929455
            ],
            [
              -120.859063,
              44.929434
            ],
            [
              -120.859117,
              44.929415
            ],
            [
              -120.859173,
              44.929397
            ],
            [
              -120.859222,
              44.929383
            ],
            [
              -120.859271,
              44.92937
            ],
            [
              -120.859359,
              44.929351
            ],
            [
              -120.859451,
              44.929332
            ],
            [
              -120.859836,
              44.92926
            ],
            [
              -120.85995,
              44.929237
            ],
            [
              -120.860043,
              44.929217
            ],
            [
              -120.860116,
              44.929199
            ],
            [
              -120.860151,
              44.92919
            ],
            [
              -120.860186,
              44.92918
            ],
            [
              -120.86022,
              44.929169
            ],
            [
              -120.860347,
              44.929123
            ],
            [
              -120.860516,
              44.929068
            ],
            [
              -120.860549,
              44.929056
            ],
            [
              -120.860582,
              44.929043
            ],
            [
              -120.860626,
              44.929024
            ],
            [
              -120.86073,
              44.928976
            ],
            [
              -120.860789,
              44.928947
            ],
            [
              -120.860831,
              44.928924
            ],
            [
              -120.860868,
              44.928898
            ],
            [
              -120.860903,
              44.928872
            ],
            [
              -120.860984,
              44.928796
            ],
            [
              -120.861011,
              44.928767
            ],
            [
              -120.861037,
              44.928738
            ],
            [
              -120.861062,
              44.928707
            ],
            [
              -120.861115,
              44.928635
            ],
            [
              -120.861171,
              44.928567
            ],
            [
              -120.861208,
              44.928519
            ],
            [
              -120.861224,
              44.9285
            ],
            [
              -120.861241,
              44.928482
            ],
            [
              -120.861278,
              44.928448
            ],
            [
              -120.861298,
              44.928432
            ],
            [
              -120.861321,
              44.928417
            ],
            [
              -120.861345,
              44.928402
            ],
            [
              -120.861372,
              44.928388
            ],
            [
              -120.861439,
              44.928355
            ],
            [
              -120.861481,
              44.928336
            ],
            [
              -120.861513,
              44.928325
            ],
            [
              -120.861546,
              44.928314
            ],
            [
              -120.861581,
              44.928304
            ],
            [
              -120.861616,
              44.928294
            ],
            [
              -120.861689,
              44.928277
            ],
            [
              -120.861914,
              44.928229
            ],
            [
              -120.862015,
              44.928207
            ],
            [
              -120.862064,
              44.928194
            ],
            [
              -120.862136,
              44.928174
            ],
            [
              -120.862188,
              44.928157
            ],
            [
              -120.862392,
              44.928083
            ],
            [
              -120.86244,
              44.928064
            ],
            [
              -120.862482,
              44.928042
            ],
            [
              -120.862517,
              44.928017
            ],
            [
              -120.862534,
              44.927999
            ],
            [
              -120.862548,
              44.92798
            ],
            [
              -120.862564,
              44.927951
            ],
            [
              -120.862576,
              44.92792
            ],
            [
              -120.862582,
              44.927897
            ],
            [
              -120.862586,
              44.927874
            ],
            [
              -120.862594,
              44.927783
            ],
            [
              -120.862602,
              44.927739
            ],
            [
              -120.862604,
              44.927717
            ],
            [
              -120.86261,
              44.927649
            ],
            [
              -120.862613,
              44.927627
            ],
            [
              -120.862618,
              44.927605
            ],
            [
              -120.862625,
              44.927584
            ],
            [
              -120.862651,
              44.92752
            ],
            [
              -120.862666,
              44.92749
            ],
            [
              -120.862706,
              44.927418
            ],
            [
              -120.862719,
              44.927389
            ],
            [
              -120.862744,
              44.927328
            ],
            [
              -120.862759,
              44.927295
            ],
            [
              -120.862777,
              44.927262
            ],
            [
              -120.862797,
              44.92723
            ],
            [
              -120.862832,
              44.927176
            ],
            [
              -120.862848,
              44.927155
            ],
            [
              -120.862865,
              44.927134
            ],
            [
              -120.862941,
              44.927055
            ],
            [
              -120.86297,
              44.927026
            ],
            [
              -120.863041,
              44.926957
            ],
            [
              -120.863068,
              44.926928
            ],
            [
              -120.863093,
              44.926898
            ],
            [
              -120.863146,
              44.926825
            ],
            [
              -120.863203,
              44.926757
            ],
            [
              -120.863248,
              44.926699
            ],
            [
              -120.863262,
              44.926679
            ],
            [
              -120.86331,
              44.926608
            ],
            [
              -120.863332,
              44.926578
            ],
            [
              -120.863378,
              44.92652
            ],
            [
              -120.863395,
              44.926501
            ],
            [
              -120.863413,
              44.926483
            ],
            [
              -120.863433,
              44.926466
            ],
            [
              -120.863455,
              44.926451
            ],
            [
              -120.863524,
              44.926407
            ],
            [
              -120.863545,
              44.926393
            ],
            [
              -120.863662,
              44.926303
            ],
            [
              -120.863683,
              44.926289
            ],
            [
              -120.863748,
              44.926247
            ],
            [
              -120.86379,
              44.926219
            ],
            [
              -120.86388,
              44.926165
            ],
            [
              -120.863923,
              44.926137
            ],
            [
              -120.863946,
              44.926124
            ],
            [
              -120.864018,
              44.926084
            ],
            [
              -120.864065,
              44.926056
            ],
            [
              -120.864099,
              44.926038
            ],
            [
              -120.864172,
              44.926003
            ],
            [
              -120.864199,
              44.925989
            ],
            [
              -120.864226,
              44.925974
            ],
            [
              -120.864262,
              44.925951
            ],
            [
              -120.864296,
              44.925926
            ],
            [
              -120.864382,
              44.925859
            ],
            [
              -120.864402,
              44.925842
            ],
            [
              -120.86451,
              44.925741
            ],
            [
              -120.864567,
              44.925694
            ],
            [
              -120.864585,
              44.925677
            ],
            [
              -120.864601,
              44.92566
            ],
            [
              -120.864632,
              44.925623
            ],
            [
              -120.864646,
              44.925604
            ],
            [
              -120.86466,
              44.925584
            ],
            [
              -120.864732,
              44.925467
            ],
            [
              -120.864779,
              44.925387
            ],
            [
              -120.864802,
              44.925355
            ],
            [
              -120.864828,
              44.925324
            ],
            [
              -120.864858,
              44.925295
            ],
            [
              -120.864892,
              44.925267
            ],
            [
              -120.864918,
              44.92525
            ],
            [
              -120.864946,
              44.925233
            ],
            [
              -120.864989,
              44.925209
            ],
            [
              -120.865035,
              44.925187
            ],
            [
              -120.865084,
              44.925167
            ],
            [
              -120.865118,
              44.925155
            ],
            [
              -120.865152,
              44.925144
            ],
            [
              -120.865188,
              44.925134
            ],
            [
              -120.865261,
              44.925115
            ],
            [
              -120.865336,
              44.925099
            ],
            [
              -120.865523,
              44.925058
            ],
            [
              -120.865596,
              44.92504
            ],
            [
              -120.865667,
              44.925021
            ],
            [
              -120.865701,
              44.92501
            ],
            [
              -120.865735,
              44.924998
            ],
            [
              -120.86578,
              44.924979
            ],
            [
              -120.865888,
              44.924931
            ],
            [
              -120.865935,
              44.924909
            ],
            [
              -120.866089,
              44.924836
            ],
            [
              -120.866119,
              44.92482
            ],
            [
              -120.866147,
              44.924805
            ],
            [
              -120.866185,
              44.924781
            ],
            [
              -120.866221,
              44.924756
            ],
            [
              -120.866336,
              44.924671
            ],
            [
              -120.86638,
              44.924637
            ],
            [
              -120.866477,
              44.924571
            ],
            [
              -120.866511,
              44.924546
            ],
            [
              -120.866543,
              44.924519
            ],
            [
              -120.866625,
              44.924447
            ],
            [
              -120.866646,
              44.924428
            ],
            [
              -120.866683,
              44.924389
            ],
            [
              -120.866808,
              44.924265
            ],
            [
              -120.866828,
              44.924246
            ],
            [
              -120.86695,
              44.924142
            ],
            [
              -120.866989,
              44.924106
            ],
            [
              -120.867058,
              44.924045
            ],
            [
              -120.867105,
              44.924001
            ],
            [
              -120.867125,
              44.923983
            ],
            [
              -120.867146,
              44.923966
            ],
            [
              -120.867215,
              44.923916
            ],
            [
              -120.867245,
              44.923891
            ],
            [
              -120.867273,
              44.923865
            ],
            [
              -120.867291,
              44.923846
            ],
            [
              -120.867306,
              44.923827
            ],
            [
              -120.867319,
              44.923807
            ],
            [
              -120.867328,
              44.923786
            ],
            [
              -120.867338,
              44.923755
            ],
            [
              -120.867342,
              44.923724
            ],
            [
              -120.86734,
              44.923701
            ],
            [
              -120.867335,
              44.923679
            ],
            [
              -120.867327,
              44.923657
            ],
            [
              -120.867316,
              44.923636
            ],
            [
              -120.867301,
              44.923615
            ],
            [
              -120.867283,
              44.923596
            ],
            [
              -120.867253,
              44.923571
            ],
            [
              -120.867217,
              44.923549
            ],
            [
              -120.867176,
              44.923528
            ],
            [
              -120.867092,
              44.923489
            ],
            [
              -120.867013,
              44.923447
            ],
            [
              -120.866987,
              44.923433
            ],
            [
              -120.866963,
              44.923417
            ],
            [
              -120.86694,
              44.9234
            ],
            [
              -120.866907,
              44.923374
            ],
            [
              -120.866877,
              44.923346
            ],
            [
              -120.866858,
              44.923325
            ],
            [
              -120.866841,
              44.923302
            ],
            [
              -120.866825,
              44.923279
            ],
            [
              -120.86681,
              44.923255
            ],
            [
              -120.866783,
              44.923204
            ],
            [
              -120.866758,
              44.923152
            ],
            [
              -120.866735,
              44.923099
            ],
            [
              -120.866714,
              44.923045
            ],
            [
              -120.866693,
              44.922991
            ],
            [
              -120.866666,
              44.92291
            ],
            [
              -120.86665,
              44.922857
            ],
            [
              -120.866644,
              44.922832
            ],
            [
              -120.866639,
              44.922806
            ],
            [
              -120.866636,
              44.922782
            ],
            [
              -120.866634,
              44.922758
            ],
            [
              -120.866634,
              44.922735
            ],
            [
              -120.866637,
              44.922713
            ],
            [
              -120.866646,
              44.922663
            ],
            [
              -120.866653,
              44.922635
            ],
            [
              -120.866662,
              44.922609
            ],
            [
              -120.866671,
              44.92259
            ],
            [
              -120.866681,
              44.922573
            ],
            [
              -120.866692,
              44.922555
            ],
            [
              -120.866704,
              44.922539
            ],
            [
              -120.866718,
              44.922524
            ],
            [
              -120.866735,
              44.922511
            ],
            [
              -120.866756,
              44.922501
            ],
            [
              -120.86678,
              44.922493
            ],
            [
              -120.866822,
              44.922485
            ],
            [
              -120.866868,
              44.922481
            ],
            [
              -120.866918,
              44.92248
            ],
            [
              -120.866953,
              44.92248
            ],
            [
              -120.866988,
              44.922481
            ],
            [
              -120.867038,
              44.922485
            ],
            [
              -120.867162,
              44.922495
            ],
            [
              -120.867199,
              44.922499
            ],
            [
              -120.867235,
              44.922503
            ],
            [
              -120.867286,
              44.922513
            ],
            [
              -120.867337,
              44.922524
            ],
            [
              -120.867387,
              44.922537
            ],
            [
              -120.867436,
              44.92255
            ],
            [
              -120.867486,
              44.922565
            ],
            [
              -120.867535,
              44.922581
            ],
            [
              -120.86758,
              44.922598
            ],
            [
              -120.867637,
              44.922623
            ],
            [
              -120.86769,
              44.922649
            ],
            [
              -120.867714,
              44.922664
            ],
            [
              -120.867738,
              44.92268
            ],
            [
              -120.867772,
              44.922704
            ],
            [
              -120.867804,
              44.922728
            ],
            [
              -120.867844,
              44.922766
            ],
            [
              -120.867901,
              44.922822
            ],
            [
              -120.867919,
              44.922841
            ],
            [
              -120.867935,
              44.922861
            ],
            [
              -120.86795,
              44.922883
            ],
            [
              -120.867964,
              44.922906
            ],
            [
              -120.867977,
              44.922929
            ],
            [
              -120.868001,
              44.922979
            ],
            [
              -120.868023,
              44.92303
            ],
            [
              -120.868043,
              44.923083
            ],
            [
              -120.868069,
              44.923162
            ],
            [
              -120.868084,
              44.923215
            ],
            [
              -120.868096,
              44.923266
            ],
            [
              -120.868103,
              44.923317
            ],
            [
              -120.868105,
              44.923341
            ],
            [
              -120.868105,
              44.923388
            ],
            [
              -120.868107,
              44.923413
            ],
            [
              -120.868114,
              44.923463
            ],
            [
              -120.868119,
              44.923489
            ],
            [
              -120.868133,
              44.923541
            ],
            [
              -120.868157,
              44.92362
            ],
            [
              -120.868176,
              44.923671
            ],
            [
              -120.868186,
              44.923696
            ],
            [
              -120.868208,
              44.923742
            ],
            [
              -120.86822,
              44.923763
            ],
            [
              -120.868233,
              44.923783
            ],
            [
              -120.868251,
              44.923805
            ],
            [
              -120.868271,
              44.923822
            ],
            [
              -120.868294,
              44.923832
            ],
            [
              -120.868322,
              44.923834
            ],
            [
              -120.868354,
              44.923829
            ],
            [
              -120.868387,
              44.92382
            ],
            [
              -120.868423,
              44.923807
            ],
            [
              -120.868459,
              44.923792
            ],
            [
              -120.868497,
              44.923771
            ],
            [
              -120.868701,
              44.923646
            ],
            [
              -120.868743,
              44.923623
            ],
            [
              -120.868774,
              44.923608
            ],
            [
              -120.868806,
              44.923594
            ],
            [
              -120.868935,
              44.923542
            ],
            [
              -120.868997,
              44.923515
            ],
            [
              -120.869038,
              44.923494
            ],
            [
              -120.869077,
              44.923473
            ],
            [
              -120.869183,
              44.923415
            ],
            [
              -120.86921,
              44.923402
            ],
            [
              -120.869239,
              44.923389
            ],
            [
              -120.869365,
              44.923339
            ],
            [
              -120.869506,
              44.92328
            ],
            [
              -120.869598,
              44.923243
            ],
            [
              -120.869683,
              44.923206
            ],
            [
              -120.869722,
              44.923191
            ],
            [
              -120.869763,
              44.923177
            ],
            [
              -120.869865,
              44.923145
            ],
            [
              -120.869903,
              44.923132
            ],
            [
              -120.869937,
              44.923119
            ],
            [
              -120.869965,
              44.923106
            ],
            [
              -120.869981,
              44.923095
            ],
            [
              -120.869993,
              44.923084
            ],
            [
              -120.869997,
              44.923072
            ],
            [
              -120.869996,
              44.92306
            ],
            [
              -120.869989,
              44.923047
            ],
            [
              -120.869979,
              44.923035
            ],
            [
              -120.869965,
              44.923021
            ],
            [
              -120.869948,
              44.923006
            ],
            [
              -120.869919,
              44.922985
            ],
            [
              -120.869861,
              44.922948
            ],
            [
              -120.869835,
              44.922933
            ],
            [
              -120.869794,
              44.922913
            ],
            [
              -120.869749,
              44.922894
            ],
            [
              -120.869699,
              44.922876
            ],
            [
              -120.869595,
              44.922841
            ],
            [
              -120.869546,
              44.922824
            ],
            [
              -120.869497,
              44.922806
            ],
            [
              -120.869449,
              44.922786
            ],
            [
              -120.869403,
              44.922766
            ],
            [
              -120.869358,
              44.922744
            ],
            [
              -120.869316,
              44.922721
            ],
            [
              -120.869277,
              44.922696
            ],
            [
              -120.869242,
              44.92267
            ],
            [
              -120.86922,
              44.922649
            ],
            [
              -120.8692,
              44.922628
            ],
            [
              -120.869182,
              44.922605
            ],
            [
              -120.869149,
              44.92256
            ],
            [
              -120.869088,
              44.92247
            ],
            [
              -120.869073,
              44.922449
            ],
            [
              -120.86904,
              44.922409
            ],
            [
              -120.869025,
              44.922388
            ],
            [
              -120.868992,
              44.922336
            ],
            [
              -120.868943,
              44.922252
            ],
            [
              -120.868915,
              44.922208
            ],
            [
              -120.868899,
              44.922187
            ],
            [
              -120.868883,
              44.922167
            ],
            [
              -120.868865,
              44.922149
            ],
            [
              -120.868845,
              44.922133
            ],
            [
              -120.868825,
              44.922118
            ],
            [
              -120.868782,
              44.922088
            ],
            [
              -120.8686,
              44.921975
            ],
            [
              -120.868577,
              44.921961
            ],
            [
              -120.868553,
              44.921949
            ],
            [
              -120.868528,
              44.921937
            ],
            [
              -120.868501,
              44.921928
            ],
            [
              -120.868474,
              44.921921
            ],
            [
              -120.86839,
              44.921901
            ],
            [
              -120.868364,
              44.921893
            ],
            [
              -120.868339,
              44.921883
            ],
            [
              -120.868316,
              44.921872
            ],
            [
              -120.868293,
              44.92186
            ],
            [
              -120.868272,
              44.921846
            ],
            [
              -120.868253,
              44.92183
            ],
            [
              -120.868236,
              44.921812
            ],
            [
              -120.86822,
              44.921792
            ],
            [
              -120.868206,
              44.92177
            ],
            [
              -120.868193,
              44.921748
            ],
            [
              -120.868181,
              44.921725
            ],
            [
              -120.868171,
              44.921701
            ],
            [
              -120.868153,
              44.921652
            ],
            [
              -120.868146,
              44.921628
            ],
            [
              -120.86814,
              44.921604
            ],
            [
              -120.868136,
              44.92158
            ],
            [
              -120.868134,
              44.921556
            ],
            [
              -120.868135,
              44.921534
            ],
            [
              -120.868137,
              44.921512
            ],
            [
              -120.868152,
              44.921424
            ],
            [
              -120.868158,
              44.921403
            ],
            [
              -120.868165,
              44.921382
            ],
            [
              -120.868188,
              44.921319
            ],
            [
              -120.868197,
              44.921298
            ],
            [
              -120.868208,
              44.921277
            ],
            [
              -120.868227,
              44.921249
            ],
            [
              -120.86825,
              44.921222
            ],
            [
              -120.86827,
              44.921205
            ],
            [
              -120.868331,
              44.921156
            ],
            [
              -120.868369,
              44.921123
            ],
            [
              -120.868431,
              44.921076
            ],
            [
              -120.868453,
              44.92106
            ],
            [
              -120.868477,
              44.921045
            ],
            [
              -120.868503,
              44.92103
            ],
            [
              -120.868545,
              44.921009
            ],
            [
              -120.868589,
              44.920988
            ],
            [
              -120.868636,
              44.920969
            ],
            [
              -120.868669,
              44.920957
            ],
            [
              -120.868703,
              44.920946
            ],
            [
              -120.868749,
              44.920933
            ],
            [
              -120.868933,
              44.920883
            ],
            [
              -120.868977,
              44.920871
            ],
            [
              -120.869008,
              44.92086
            ],
            [
              -120.869038,
              44.92085
            ],
            [
              -120.869095,
              44.920827
            ],
            [
              -120.869134,
              44.920813
            ],
            [
              -120.86931,
              44.920756
            ],
            [
              -120.86934,
              44.920745
            ],
            [
              -120.869368,
              44.920734
            ],
            [
              -120.869395,
              44.920722
            ],
            [
              -120.869419,
              44.920709
            ],
            [
              -120.869508,
              44.92066
            ],
            [
              -120.869538,
              44.92064
            ],
            [
              -120.86956,
              44.920625
            ],
            [
              -120.869626,
              44.920577
            ],
            [
              -120.869735,
              44.920493
            ],
            [
              -120.869765,
              44.920468
            ],
            [
              -120.869831,
              44.920406
            ],
            [
              -120.869852,
              44.92039
            ],
            [
              -120.869917,
              44.920342
            ],
            [
              -120.869958,
              44.92031
            ],
            [
              -120.869981,
              44.920294
            ],
            [
              -120.870038,
              44.920256
            ],
            [
              -120.870073,
              44.920235
            ],
            [
              -120.870175,
              44.920179
            ],
            [
              -120.870223,
              44.920151
            ],
            [
              -120.870248,
              44.920138
            ],
            [
              -120.870354,
              44.920086
            ],
            [
              -120.870379,
              44.920073
            ],
            [
              -120.870451,
              44.920028
            ],
            [
              -120.870549,
              44.919969
            ],
            [
              -120.870631,
              44.919925
            ],
            [
              -120.870658,
              44.919909
            ],
            [
              -120.870694,
              44.919887
            ],
            [
              -120.870751,
              44.919848
            ],
            [
              -120.870776,
              44.919833
            ],
            [
              -120.870802,
              44.919818
            ],
            [
              -120.87083,
              44.919805
            ],
            [
              -120.870966,
              44.919749
            ],
            [
              -120.871002,
              44.919732
            ],
            [
              -120.871026,
              44.919718
            ],
            [
              -120.871047,
              44.919703
            ],
            [
              -120.87107,
              44.91968
            ],
            [
              -120.871085,
              44.919655
            ],
            [
              -120.87109,
              44.91963
            ],
            [
              -120.871087,
              44.919605
            ],
            [
              -120.871078,
              44.91958
            ],
            [
              -120.871068,
              44.919563
            ],
            [
              -120.871054,
              44.919547
            ],
            [
              -120.871038,
              44.919533
            ],
            [
              -120.87098,
              44.919491
            ],
            [
              -120.870955,
              44.919469
            ],
            [
              -120.870931,
              44.919443
            ],
            [
              -120.870853,
              44.919353
            ],
            [
              -120.870833,
              44.919332
            ],
            [
              -120.870774,
              44.919273
            ],
            [
              -120.870732,
              44.91923
            ],
            [
              -120.870702,
              44.919199
            ],
            [
              -120.870674,
              44.919168
            ],
            [
              -120.870656,
              44.919145
            ],
            [
              -120.87064,
              44.919121
            ],
            [
              -120.87062,
              44.919088
            ],
            [
              -120.870601,
              44.919054
            ],
            [
              -120.870583,
              44.91902
            ],
            [
              -120.870559,
              44.918967
            ],
            [
              -120.870536,
              44.918914
            ],
            [
              -120.870505,
              44.918833
            ],
            [
              -120.870485,
              44.918779
            ],
            [
              -120.870467,
              44.918726
            ],
            [
              -120.870451,
              44.918673
            ],
            [
              -120.870438,
              44.918622
            ],
            [
              -120.870434,
              44.918596
            ],
            [
              -120.870431,
              44.918571
            ],
            [
              -120.87043,
              44.918547
            ],
            [
              -120.870431,
              44.918524
            ],
            [
              -120.870435,
              44.918501
            ],
            [
              -120.870443,
              44.918479
            ],
            [
              -120.870466,
              44.918425
            ],
            [
              -120.870482,
              44.918392
            ],
            [
              -120.870524,
              44.918319
            ],
            [
              -120.870534,
              44.918299
            ],
            [
              -120.870561,
              44.918235
            ],
            [
              -120.870582,
              44.918193
            ],
            [
              -120.870594,
              44.918162
            ],
            [
              -120.870602,
              44.918129
            ],
            [
              -120.870604,
              44.918105
            ],
            [
              -120.870604,
              44.918081
            ],
            [
              -120.870602,
              44.918055
            ],
            [
              -120.870598,
              44.91803
            ],
            [
              -120.870592,
              44.918004
            ],
            [
              -120.870586,
              44.917978
            ],
            [
              -120.870571,
              44.917925
            ],
            [
              -120.87053,
              44.917791
            ],
            [
              -120.870515,
              44.917738
            ],
            [
              -120.87051,
              44.917711
            ],
            [
              -120.870505,
              44.917684
            ],
            [
              -120.870502,
              44.917658
            ],
            [
              -120.870501,
              44.917632
            ],
            [
              -120.870503,
              44.917606
            ],
            [
              -120.870509,
              44.917569
            ],
            [
              -120.87052,
              44.917533
            ],
            [
              -120.870558,
              44.917422
            ],
            [
              -120.87057,
              44.917383
            ],
            [
              -120.870594,
              44.917295
            ],
            [
              -120.87063,
              44.917181
            ],
            [
              -120.870645,
              44.917137
            ],
            [
              -120.870651,
              44.917115
            ],
            [
              -120.870665,
              44.917048
            ],
            [
              -120.870671,
              44.917026
            ],
            [
              -120.870679,
              44.917005
            ],
            [
              -120.870689,
              44.916984
            ],
            [
              -120.870701,
              44.916963
            ],
            [
              -120.87072,
              44.916932
            ],
            [
              -120.87074,
              44.916901
            ],
            [
              -120.870762,
              44.916871
            ],
            [
              -120.870829,
              44.916796
            ],
            [
              -120.870924,
              44.916707
            ],
            [
              -120.870963,
              44.916668
            ],
            [
              -120.871046,
              44.916569
            ],
            [
              -120.871072,
              44.916539
            ],
            [
              -120.871135,
              44.916471
            ],
            [
              -120.871191,
              44.916403
            ],
            [
              -120.87125,
              44.91634
            ],
            [
              -120.871344,
              44.916234
            ],
            [
              -120.871409,
              44.916165
            ],
            [
              -120.871463,
              44.916114
            ],
            [
              -120.87148,
              44.916096
            ],
            [
              -120.871495,
              44.916076
            ],
            [
              -120.87153,
              44.916026
            ],
            [
              -120.871571,
              44.915964
            ],
            [
              -120.871617,
              44.915892
            ],
            [
              -120.871632,
              44.915873
            ],
            [
              -120.87165,
              44.915855
            ],
            [
              -120.871672,
              44.915839
            ],
            [
              -120.871696,
              44.915825
            ],
            [
              -120.871733,
              44.915809
            ],
            [
              -120.871773,
              44.915795
            ],
            [
              -120.871815,
              44.915783
            ],
            [
              -120.871868,
              44.915772
            ],
            [
              -120.871922,
              44.915763
            ],
            [
              -120.871975,
              44.915758
            ],
            [
              -120.872025,
              44.915758
            ],
            [
              -120.872072,
              44.915763
            ],
            [
              -120.872098,
              44.91577
            ],
            [
              -120.872123,
              44.915779
            ],
            [
              -120.872147,
              44.91579
            ],
            [
              -120.872169,
              44.915803
            ],
            [
              -120.872189,
              44.915819
            ],
            [
              -120.872206,
              44.915837
            ],
            [
              -120.872223,
              44.915857
            ],
            [
              -120.872237,
              44.915879
            ],
            [
              -120.872251,
              44.915902
            ],
            [
              -120.872264,
              44.915926
            ],
            [
              -120.872276,
              44.915951
            ],
            [
              -120.872299,
              44.916003
            ],
            [
              -120.872331,
              44.916084
            ],
            [
              -120.872411,
              44.916303
            ],
            [
              -120.872442,
              44.916384
            ],
            [
              -120.872475,
              44.916464
            ],
            [
              -120.8725,
              44.916516
            ],
            [
              -120.872513,
              44.916542
            ],
            [
              -120.872541,
              44.916592
            ],
            [
              -120.872556,
              44.916616
            ],
            [
              -120.872604,
              44.916682
            ],
            [
              -120.872625,
              44.916714
            ],
            [
              -120.872645,
              44.916746
            ],
            [
              -120.872707,
              44.916853
            ],
            [
              -120.872737,
              44.916902
            ],
            [
              -120.872753,
              44.916926
            ],
            [
              -120.872801,
              44.916992
            ],
            [
              -120.872831,
              44.91704
            ],
            [
              -120.872858,
              44.917091
            ],
            [
              -120.872875,
              44.917125
            ],
            [
              -120.872906,
              44.917195
            ],
            [
              -120.872974,
              44.917353
            ],
            [
              -120.873011,
              44.917432
            ],
            [
              -120.873038,
              44.917483
            ],
            [
              -120.873053,
              44.917508
            ],
            [
              -120.873126,
              44.917618
            ],
            [
              -120.873141,
              44.917644
            ],
            [
              -120.873155,
              44.917669
            ],
            [
              -120.873181,
              44.917721
            ],
            [
              -120.873216,
              44.9178
            ],
            [
              -120.873249,
              44.91788
            ],
            [
              -120.873291,
              44.917987
            ],
            [
              -120.873434,
              44.918365
            ],
            [
              -120.873463,
              44.918446
            ],
            [
              -120.873481,
              44.918499
            ],
            [
              -120.873497,
              44.918553
            ],
            [
              -120.873511,
              44.918606
            ],
            [
              -120.87352,
              44.918659
            ],
            [
              -120.873523,
              44.918685
            ],
            [
              -120.873527,
              44.918785
            ],
            [
              -120.873536,
              44.91889
            ],
            [
              -120.873539,
              44.91899
            ],
            [
              -120.873541,
              44.919016
            ],
            [
              -120.873545,
              44.919042
            ],
            [
              -120.873555,
              44.919095
            ],
            [
              -120.87358,
              44.919199
            ],
            [
              -120.873591,
              44.91925
            ],
            [
              -120.873599,
              44.9193
            ],
            [
              -120.8736,
              44.919324
            ],
            [
              -120.8736,
              44.919347
            ],
            [
              -120.873595,
              44.919416
            ],
            [
              -120.873591,
              44.919524
            ],
            [
              -120.873591,
              44.919559
            ],
            [
              -120.873593,
              44.919585
            ],
            [
              -120.873597,
              44.919611
            ],
            [
              -120.873601,
              44.919637
            ],
            [
              -120.873614,
              44.91969
            ],
            [
              -120.873639,
              44.91977
            ],
            [
              -120.873677,
              44.919877
            ],
            [
              -120.873728,
              44.920012
            ],
            [
              -120.873855,
              44.920337
            ],
            [
              -120.873905,
              44.920471
            ],
            [
              -120.873923,
              44.920524
            ],
            [
              -120.873939,
              44.920576
            ],
            [
              -120.87395,
              44.920627
            ],
            [
              -120.873954,
              44.920652
            ],
            [
              -120.873956,
              44.920676
            ],
            [
              -120.873956,
              44.920699
            ],
            [
              -120.873954,
              44.920722
            ],
            [
              -120.873949,
              44.920744
            ],
            [
              -120.873942,
              44.920765
            ],
            [
              -120.873926,
              44.920808
            ],
            [
              -120.873912,
              44.920838
            ],
            [
              -120.873874,
              44.920909
            ],
            [
              -120.873866,
              44.92093
            ],
            [
              -120.873837,
              44.921016
            ],
            [
              -120.873828,
              44.921037
            ],
            [
              -120.873817,
              44.921057
            ],
            [
              -120.873786,
              44.921107
            ],
            [
              -120.87372,
              44.921221
            ],
            [
              -120.873682,
              44.921298
            ],
            [
              -120.873651,
              44.921366
            ],
            [
              -120.873614,
              44.921458
            ],
            [
              -120.873605,
              44.92148
            ],
            [
              -120.873543,
              44.921598
            ],
            [
              -120.873534,
              44.921618
            ],
            [
              -120.873511,
              44.921677
            ],
            [
              -120.873493,
              44.921716
            ],
            [
              -120.873469,
              44.921776
            ],
            [
              -120.873462,
              44.921796
            ],
            [
              -120.873457,
              44.921818
            ],
            [
              -120.873454,
              44.92184
            ],
            [
              -120.873449,
              44.921936
            ],
            [
              -120.873442,
              44.922007
            ],
            [
              -120.873435,
              44.922182
            ],
            [
              -120.873436,
              44.922207
            ],
            [
              -120.873437,
              44.922233
            ],
            [
              -120.87345,
              44.922357
            ],
            [
              -120.87345,
              44.922427
            ],
            [
              -120.873452,
              44.92245
            ],
            [
              -120.873455,
              44.922475
            ],
            [
              -120.873466,
              44.922525
            ],
            [
              -120.873489,
              44.922602
            ],
            [
              -120.873516,
              44.922682
            ],
            [
              -120.873585,
              44.922869
            ],
            [
              -120.873613,
              44.922949
            ],
            [
              -120.873637,
              44.923027
            ],
            [
              -120.87365,
              44.923078
            ],
            [
              -120.873654,
              44.923102
            ],
            [
              -120.873657,
              44.923127
            ],
            [
              -120.873659,
              44.92315
            ],
            [
              -120.873658,
              44.92322
            ],
            [
              -120.873664,
              44.923319
            ],
            [
              -120.873668,
              44.923417
            ],
            [
              -120.873671,
              44.923443
            ],
            [
              -120.873675,
              44.923469
            ],
            [
              -120.873687,
              44.923522
            ],
            [
              -120.873731,
              44.923683
            ],
            [
              -120.873742,
              44.923735
            ],
            [
              -120.873746,
              44.923761
            ],
            [
              -120.873748,
              44.923786
            ],
            [
              -120.873748,
              44.923811
            ],
            [
              -120.873746,
              44.923835
            ],
            [
              -120.873737,
              44.923867
            ],
            [
              -120.873723,
              44.923898
            ],
            [
              -120.873711,
              44.923918
            ],
            [
              -120.873685,
              44.923957
            ],
            [
              -120.873671,
              44.923975
            ],
            [
              -120.873656,
              44.923993
            ],
            [
              -120.873638,
              44.924009
            ],
            [
              -120.873616,
              44.924024
            ],
            [
              -120.87359,
              44.924037
            ],
            [
              -120.873562,
              44.924049
            ],
            [
              -120.873531,
              44.924059
            ],
            [
              -120.873499,
              44.924069
            ],
            [
              -120.873465,
              44.924078
            ],
            [
              -120.873418,
              44.924089
            ],
            [
              -120.873369,
              44.924098
            ],
            [
              -120.87332,
              44.924107
            ],
            [
              -120.873245,
              44.924117
            ],
            [
              -120.873195,
              44.924122
            ],
            [
              -120.873145,
              44.924124
            ],
            [
              -120.873096,
              44.924124
            ],
            [
              -120.873042,
              44.924121
            ],
            [
              -120.872991,
              44.924114
            ],
            [
              -120.872943,
              44.924103
            ],
            [
              -120.872914,
              44.924094
            ],
            [
              -120.872887,
              44.924083
            ],
            [
              -120.872863,
              44.924069
            ],
            [
              -120.872841,
              44.924054
            ],
            [
              -120.872821,
              44.924037
            ],
            [
              -120.872803,
              44.924019
            ],
            [
              -120.872753,
              44.923969
            ],
            [
              -120.872738,
              44.923955
            ],
            [
              -120.872722,
              44.923943
            ],
            [
              -120.872707,
              44.923936
            ],
            [
              -120.872692,
              44.923932
            ],
            [
              -120.872677,
              44.923933
            ],
            [
              -120.872664,
              44.923937
            ],
            [
              -120.872654,
              44.923945
            ],
            [
              -120.872647,
              44.923966
            ],
            [
              -120.872648,
              44.923994
            ],
            [
              -120.872654,
              44.924027
            ],
            [
              -120.872665,
              44.924064
            ],
            [
              -120.872679,
              44.924103
            ],
            [
              -120.872713,
              44.924186
            ],
            [
              -120.87275,
              44.924272
            ],
            [
              -120.872886,
              44.924577
            ],
            [
              -120.873018,
              44.924879
            ],
            [
              -120.873056,
              44.924964
            ],
            [
              -120.873096,
              44.925047
            ],
            [
              -120.873117,
              44.925086
            ],
            [
              -120.87314,
              44.925125
            ],
            [
              -120.873164,
              44.925161
            ],
            [
              -120.873181,
              44.925182
            ],
            [
              -120.873199,
              44.925201
            ],
            [
              -120.873219,
              44.925219
            ],
            [
              -120.87326,
              44.925254
            ],
            [
              -120.873314,
              44.925297
            ],
            [
              -120.873369,
              44.925338
            ],
            [
              -120.873393,
              44.925354
            ],
            [
              -120.873417,
              44.92537
            ],
            [
              -120.873442,
              44.925384
            ],
            [
              -120.873482,
              44.925401
            ],
            [
              -120.873525,
              44.925414
            ],
            [
              -120.873557,
              44.92542
            ],
            [
              -120.87359,
              44.925425
            ],
            [
              -120.873694,
              44.925436
            ],
            [
              -120.873729,
              44.92544
            ],
            [
              -120.873778,
              44.925448
            ],
            [
              -120.873827,
              44.925459
            ],
            [
              -120.873874,
              44.92547
            ],
            [
              -120.873921,
              44.925483
            ],
            [
              -120.873953,
              44.925492
            ],
            [
              -120.873985,
              44.925503
            ],
            [
              -120.874026,
              44.92552
            ],
            [
              -120.874064,
              44.925541
            ],
            [
              -120.874089,
              44.925558
            ],
            [
              -120.874112,
              44.925576
            ],
            [
              -120.874155,
              44.925616
            ],
            [
              -120.874184,
              44.925645
            ],
            [
              -120.874211,
              44.925675
            ],
            [
              -120.874229,
              44.925698
            ],
            [
              -120.874245,
              44.925722
            ],
            [
              -120.874273,
              44.925771
            ],
            [
              -120.874298,
              44.925823
            ],
            [
              -120.874314,
              44.925858
            ],
            [
              -120.874343,
              44.925929
            ],
            [
              -120.874394,
              44.926065
            ],
            [
              -120.874443,
              44.9262
            ],
            [
              -120.87447,
              44.926281
            ],
            [
              -120.874486,
              44.926335
            ],
            [
              -120.874501,
              44.926398
            ],
            [
              -120.874508,
              44.926433
            ],
            [
              -120.874512,
              44.926468
            ],
            [
              -120.874516,
              44.926577
            ],
            [
              -120.874524,
              44.926674
            ],
            [
              -120.874525,
              44.9267
            ],
            [
              -120.874525,
              44.926773
            ],
            [
              -120.874527,
              44.926799
            ],
            [
              -120.874542,
              44.926929
            ],
            [
              -120.874544,
              44.926954
            ],
            [
              -120.874544,
              44.926979
            ],
            [
              -120.874544,
              44.927003
            ],
            [
              -120.874541,
              44.927027
            ],
            [
              -120.874533,
              44.92706
            ],
            [
              -120.874522,
              44.927091
            ],
            [
              -120.874504,
              44.927134
            ],
            [
              -120.874498,
              44.927155
            ],
            [
              -120.874478,
              44.927241
            ],
            [
              -120.874474,
              44.927263
            ],
            [
              -120.874473,
              44.927286
            ],
            [
              -120.874473,
              44.927309
            ],
            [
              -120.874479,
              44.927358
            ],
            [
              -120.874502,
              44.927486
            ],
            [
              -120.87451,
              44.927538
            ],
            [
              -120.874512,
              44.927564
            ],
            [
              -120.874516,
              44.927663
            ],
            [
              -120.874525,
              44.927768
            ],
            [
              -120.87453,
              44.927869
            ],
            [
              -120.874533,
              44.927895
            ],
            [
              -120.874543,
              44.927948
            ],
            [
              -120.874549,
              44.927975
            ],
            [
              -120.874565,
              44.928028
            ],
            [
              -120.874591,
              44.928109
            ],
            [
              -120.874648,
              44.928269
            ],
            [
              -120.874674,
              44.928348
            ],
            [
              -120.874688,
              44.928399
            ],
            [
              -120.874695,
              44.928432
            ],
            [
              -120.8747,
              44.928465
            ],
            [
              -120.874703,
              44.928496
            ],
            [
              -120.874702,
              44.928564
            ],
            [
              -120.874713,
              44.928682
            ],
            [
              -120.874714,
              44.928705
            ],
            [
              -120.874714,
              44.928728
            ],
            [
              -120.874712,
              44.928773
            ],
            [
              -120.874713,
              44.928796
            ],
            [
              -120.874718,
              44.928845
            ],
            [
              -120.874734,
              44.928946
            ],
            [
              -120.874741,
              44.928998
            ],
            [
              -120.874743,
              44.929023
            ],
            [
              -120.874746,
              44.929097
            ],
            [
              -120.874747,
              44.929123
            ],
            [
              -120.87476,
              44.929228
            ],
            [
              -120.874764,
              44.92928
            ],
            [
              -120.874765,
              44.929306
            ],
            [
              -120.874763,
              44.92938
            ],
            [
              -120.874763,
              44.929521
            ],
            [
              -120.874764,
              44.929558
            ],
            [
              -120.874766,
              44.929584
            ],
            [
              -120.87477,
              44.92961
            ],
            [
              -120.874782,
              44.929664
            ],
            [
              -120.874789,
              44.92969
            ],
            [
              -120.874805,
              44.929744
            ],
            [
              -120.874833,
              44.929825
            ],
            [
              -120.874892,
              44.929986
            ],
            [
              -120.874919,
              44.930067
            ],
            [
              -120.874934,
              44.93012
            ],
            [
              -120.874941,
              44.930146
            ],
            [
              -120.874946,
              44.930172
            ],
            [
              -120.874949,
              44.930198
            ],
            [
              -120.874951,
              44.930223
            ],
            [
              -120.874951,
              44.930248
            ],
            [
              -120.874946,
              44.930283
            ],
            [
              -120.874939,
              44.930316
            ],
            [
              -120.874933,
              44.930339
            ],
            [
              -120.874925,
              44.930362
            ],
            [
              -120.874863,
              44.930512
            ],
            [
              -120.874838,
              44.930578
            ],
            [
              -120.874831,
              44.9306
            ],
            [
              -120.874825,
              44.930622
            ],
            [
              -120.874821,
              44.930646
            ],
            [
              -120.874815,
              44.930694
            ],
            [
              -120.874811,
              44.930729
            ],
            [
              -120.874809,
              44.930765
            ],
            [
              -120.874811,
              44.93079
            ],
            [
              -120.874814,
              44.930816
            ],
            [
              -120.874818,
              44.930842
            ],
            [
              -120.874824,
              44.930868
            ],
            [
              -120.874838,
              44.930921
            ],
            [
              -120.874865,
              44.931001
            ],
            [
              -120.874896,
              44.931079
            ],
            [
              -120.874919,
              44.93113
            ],
            [
              -120.874932,
              44.931155
            ],
            [
              -120.874958,
              44.931202
            ],
            [
              -120.874972,
              44.931224
            ],
            [
              -120.874988,
              44.931245
            ],
            [
              -120.875004,
              44.931265
            ],
            [
              -120.875057,
              44.93132
            ],
            [
              -120.875145,
              44.931412
            ],
            [
              -120.875161,
              44.931432
            ],
            [
              -120.875176,
              44.931453
            ],
            [
              -120.875191,
              44.931476
            ],
            [
              -120.875217,
              44.931523
            ],
            [
              -120.875252,
              44.9316
            ],
            [
              -120.875285,
              44.931681
            ],
            [
              -120.875357,
              44.931868
            ],
            [
              -120.875388,
              44.931942
            ],
            [
              -120.875408,
              44.931986
            ],
            [
              -120.875419,
              44.932004
            ],
            [
              -120.87543,
              44.932021
            ],
            [
              -120.875441,
              44.932034
            ],
            [
              -120.875452,
              44.932044
            ],
            [
              -120.875464,
              44.932049
            ],
            [
              -120.875481,
              44.932048
            ],
            [
              -120.875498,
              44.932039
            ],
            [
              -120.875509,
              44.932029
            ],
            [
              -120.875547,
              44.931991
            ],
            [
              -120.875631,
              44.931893
            ],
            [
              -120.875677,
              44.931843
            ],
            [
              -120.875693,
              44.931826
            ],
            [
              -120.875764,
              44.931761
            ],
            [
              -120.87581,
              44.93171
            ],
            [
              -120.875827,
              44.931693
            ],
            [
              -120.875846,
              44.931677
            ],
            [
              -120.875867,
              44.931662
            ],
            [
              -120.875926,
              44.931622
            ],
            [
              -120.875954,
              44.931601
            ],
            [
              -120.87602,
              44.931542
            ],
            [
              -120.876049,
              44.931517
            ],
            [
              -120.876135,
              44.931451
            ],
            [
              -120.876159,
              44.931435
            ],
            [
              -120.876236,
              44.931387
            ],
            [
              -120.876272,
              44.931363
            ],
            [
              -120.876386,
              44.931285
            ],
            [
              -120.876448,
              44.93124
            ],
            [
              -120.876471,
              44.931222
            ],
            [
              -120.876499,
              44.931195
            ],
            [
              -120.876524,
              44.931166
            ],
            [
              -120.876538,
              44.931146
            ],
            [
              -120.876564,
              44.931104
            ],
            [
              -120.876576,
              44.931083
            ],
            [
              -120.876586,
              44.931062
            ],
            [
              -120.876611,
              44.930993
            ],
            [
              -120.876626,
              44.930961
            ],
            [
              -120.876642,
              44.930928
            ],
            [
              -120.87666,
              44.930897
            ],
            [
              -120.876691,
              44.930845
            ],
            [
              -120.876705,
              44.930824
            ],
            [
              -120.87672,
              44.930805
            ],
            [
              -120.876754,
              44.930768
            ],
            [
              -120.876773,
              44.930751
            ],
            [
              -120.876794,
              44.930734
            ],
            [
              -120.876816,
              44.930718
            ],
            [
              -120.876851,
              44.930696
            ],
            [
              -120.876888,
              44.930675
            ],
            [
              -120.876926,
              44.930657
            ],
            [
              -120.877064,
              44.930601
            ],
            [
              -120.877091,
              44.930589
            ],
            [
              -120.877116,
              44.930576
            ],
            [
              -120.877139,
              44.930562
            ],
            [
              -120.877161,
              44.930547
            ],
            [
              -120.877204,
              44.930517
            ],
            [
              -120.877223,
              44.930501
            ],
            [
              -120.87724,
              44.930484
            ],
            [
              -120.877254,
              44.930466
            ],
            [
              -120.877266,
              44.930446
            ],
            [
              -120.877281,
              44.930416
            ],
            [
              -120.877291,
              44.930384
            ],
            [
              -120.877296,
              44.930361
            ],
            [
              -120.877299,
              44.930338
            ],
            [
              -120.877305,
              44.930268
            ],
            [
              -120.877307,
              44.930245
            ],
            [
              -120.877314,
              44.930199
            ],
            [
              -120.877317,
              44.930168
            ],
            [
              -120.87732,
              44.930067
            ],
            [
              -120.877321,
              44.930031
            ],
            [
              -120.87732,
              44.930005
            ],
            [
              -120.877308,
              44.929876
            ],
            [
              -120.877307,
              44.929851
            ],
            [
              -120.877309,
              44.929826
            ],
            [
              -120.877314,
              44.929792
            ],
            [
              -120.877322,
              44.929759
            ],
            [
              -120.87733,
              44.929737
            ],
            [
              -120.877339,
              44.929716
            ],
            [
              -120.87735,
              44.929697
            ],
            [
              -120.877365,
              44.929679
            ],
            [
              -120.877385,
              44.929663
            ],
            [
              -120.877408,
              44.929649
            ],
            [
              -120.877434,
              44.929637
            ],
            [
              -120.877463,
              44.929626
            ],
            [
              -120.877494,
              44.929615
            ],
            [
              -120.87756,
              44.929596
            ],
            [
              -120.877735,
              44.929554
            ],
            [
              -120.877803,
              44.929536
            ],
            [
              -120.877836,
              44.929527
            ],
            [
              -120.877867,
              44.929517
            ],
            [
              -120.877896,
              44.929506
            ],
            [
              -120.877923,
              44.929494
            ],
            [
              -120.877948,
              44.929482
            ],
            [
              -120.878003,
              44.929451
            ],
            [
              -120.878032,
              44.929433
            ],
            [
              -120.87806,
              44.929413
            ],
            [
              -120.878078,
              44.929398
            ],
            [
              -120.878111,
              44.929366
            ],
            [
              -120.878127,
              44.929349
            ],
            [
              -120.878171,
              44.929297
            ],
            [
              -120.878188,
              44.92928
            ],
            [
              -120.878208,
              44.929265
            ],
            [
              -120.878231,
              44.92925
            ],
            [
              -120.878281,
              44.929221
            ],
            [
              -120.87832,
              44.929201
            ],
            [
              -120.87836,
              44.929182
            ],
            [
              -120.878391,
              44.929169
            ],
            [
              -120.878423,
              44.929158
            ],
            [
              -120.878456,
              44.929147
            ],
            [
              -120.878624,
              44.929099
            ],
            [
              -120.878688,
              44.929078
            ],
            [
              -120.878717,
              44.929067
            ],
            [
              -120.878744,
              44.929056
            ],
            [
              -120.878769,
              44.929043
            ],
            [
              -120.878791,
              44.929029
            ],
            [
              -120.878809,
              44.929014
            ],
            [
              -120.878825,
              44.928997
            ],
            [
              -120.878853,
              44.928963
            ],
            [
              -120.878911,
              44.928896
            ],
            [
              -120.87896,
              44.928848
            ],
            [
              -120.878978,
              44.928832
            ],
            [
              -120.878997,
              44.928817
            ],
            [
              -120.879018,
              44.928803
            ],
            [
              -120.879103,
              44.928747
            ],
            [
              -120.879127,
              44.928734
            ],
            [
              -120.879228,
              44.928684
            ],
            [
              -120.879252,
              44.928672
            ],
            [
              -120.879299,
              44.928645
            ],
            [
              -120.879323,
              44.928632
            ],
            [
              -120.879424,
              44.928583
            ],
            [
              -120.879449,
              44.928571
            ],
            [
              -120.879477,
              44.928559
            ],
            [
              -120.879507,
              44.928549
            ],
            [
              -120.879539,
              44.928539
            ],
            [
              -120.879606,
              44.92852
            ],
            [
              -120.87982,
              44.92847
            ],
            [
              -120.879891,
              44.928451
            ],
            [
              -120.87996,
              44.928431
            ],
            [
              -120.879993,
              44.92842
            ],
            [
              -120.880025,
              44.928407
            ],
            [
              -120.880056,
              44.928394
            ],
            [
              -120.880096,
              44.928372
            ],
            [
              -120.880133,
              44.928349
            ],
            [
              -120.880276,
              44.928253
            ],
            [
              -120.8803,
              44.928237
            ],
            [
              -120.880326,
              44.928223
            ],
            [
              -120.880353,
              44.928209
            ],
            [
              -120.880468,
              44.928154
            ],
            [
              -120.880549,
              44.928112
            ],
            [
              -120.880651,
              44.928062
            ],
            [
              -120.880695,
              44.928043
            ],
            [
              -120.880727,
              44.92803
            ],
            [
              -120.880761,
              44.928019
            ],
            [
              -120.880795,
              44.928009
            ],
            [
              -120.880866,
              44.927989
            ],
            [
              -120.880977,
              44.927964
            ],
            [
              -120.88109,
              44.927941
            ],
            [
              -120.881318,
              44.927897
            ],
            [
              -120.881776,
              44.927811
            ],
            [
              -120.881927,
              44.927785
            ],
            [
              -120.882036,
              44.927768
            ],
            [
              -120.882107,
              44.92776
            ],
            [
              -120.882142,
              44.927757
            ],
            [
              -120.882175,
              44.927756
            ],
            [
              -120.882241,
              44.927755
            ],
            [
              -120.882309,
              44.927751
            ],
            [
              -120.882523,
              44.92773
            ],
            [
              -120.882594,
              44.927726
            ],
            [
              -120.882629,
              44.927725
            ],
            [
              -120.882663,
              44.927727
            ],
            [
              -120.88271,
              44.927731
            ],
            [
              -120.882754,
              44.927739
            ],
            [
              -120.882784,
              44.927745
            ],
            [
              -120.882812,
              44.927753
            ],
            [
              -120.882838,
              44.927763
            ],
            [
              -120.882863,
              44.927774
            ],
            [
              -120.882886,
              44.927786
            ],
            [
              -120.882908,
              44.9278
            ],
            [
              -120.882928,
              44.927816
            ],
            [
              -120.882947,
              44.927834
            ],
            [
              -120.882975,
              44.927865
            ],
            [
              -120.883028,
              44.92793
            ],
            [
              -120.883056,
              44.927962
            ],
            [
              -120.883087,
              44.927992
            ],
            [
              -120.883109,
              44.928009
            ],
            [
              -120.883165,
              44.928048
            ],
            [
              -120.883198,
              44.928073
            ],
            [
              -120.883221,
              44.928092
            ],
            [
              -120.883274,
              44.928139
            ],
            [
              -120.883304,
              44.928168
            ],
            [
              -120.883324,
              44.92819
            ],
            [
              -120.883342,
              44.928212
            ],
            [
              -120.883412,
              44.928306
            ],
            [
              -120.883467,
              44.928377
            ],
            [
              -120.883494,
              44.928413
            ],
            [
              -120.883516,
              44.928446
            ],
            [
              -120.883628,
              44.928625
            ],
            [
              -120.883673,
              44.9287
            ],
            [
              -120.883695,
              44.928738
            ],
            [
              -120.883715,
              44.928776
            ],
            [
              -120.883732,
              44.928812
            ],
            [
              -120.883763,
              44.928883
            ],
            [
              -120.883868,
              44.929153
            ],
            [
              -120.88389,
              44.929204
            ],
            [
              -120.883915,
              44.929253
            ],
            [
              -120.883929,
              44.929275
            ],
            [
              -120.883944,
              44.929296
            ],
            [
              -120.88396,
              44.929316
            ],
            [
              -120.883978,
              44.929333
            ],
            [
              -120.883998,
              44.929348
            ],
            [
              -120.884021,
              44.929359
            ],
            [
              -120.884047,
              44.929367
            ],
            [
              -120.884075,
              44.929371
            ],
            [
              -120.884105,
              44.929373
            ],
            [
              -120.884138,
              44.929373
            ],
            [
              -120.884171,
              44.929372
            ],
            [
              -120.884206,
              44.929369
            ],
            [
              -120.884242,
              44.929364
            ],
            [
              -120.884314,
              44.929354
            ],
            [
              -120.884463,
              44.929331
            ],
            [
              -120.884537,
              44.929322
            ],
            [
              -120.884573,
              44.929319
            ],
            [
              -120.884609,
              44.929317
            ],
            [
              -120.884643,
              44.929316
            ],
            [
              -120.884677,
              44.929317
            ],
            [
              -120.884709,
              44.92932
            ],
            [
              -120.884752,
              44.929329
            ],
            [
              -120.884792,
              44.929343
            ],
            [
              -120.884817,
              44.929355
            ],
            [
              -120.884888,
              44.929394
            ],
            [
              -120.884934,
              44.929419
            ],
            [
              -120.884979,
              44.929444
            ],
            [
              -120.885002,
              44.929456
            ],
            [
              -120.885026,
              44.929466
            ],
            [
              -120.885052,
              44.929474
            ],
            [
              -120.885078,
              44.929481
            ],
            [
              -120.885161,
              44.929499
            ],
            [
              -120.885188,
              44.929505
            ],
            [
              -120.885264,
              44.92953
            ],
            [
              -120.885291,
              44.929538
            ],
            [
              -120.885333,
              44.929546
            ],
            [
              -120.885421,
              44.929558
            ],
            [
              -120.885465,
              44.929566
            ],
            [
              -120.885494,
              44.929572
            ],
            [
              -120.88558,
              44.929595
            ],
            [
              -120.88562,
              44.929607
            ],
            [
              -120.88566,
              44.929622
            ],
            [
              -120.885714,
              44.929643
            ],
            [
              -120.885822,
              44.929683
            ],
            [
              -120.885917,
              44.929716
            ],
            [
              -120.88601,
              44.929751
            ],
            [
              -120.886089,
              44.929777
            ],
            [
              -120.886114,
              44.929787
            ],
            [
              -120.886138,
              44.929798
            ],
            [
              -120.886159,
              44.92981
            ],
            [
              -120.88618,
              44.929824
            ],
            [
              -120.8862,
              44.929838
            ],
            [
              -120.886217,
              44.929855
            ],
            [
              -120.886232,
              44.929874
            ],
            [
              -120.886245,
              44.929894
            ],
            [
              -120.886256,
              44.929916
            ],
            [
              -120.886266,
              44.929939
            ],
            [
              -120.886274,
              44.929962
            ],
            [
              -120.886281,
              44.929986
            ],
            [
              -120.886286,
              44.93001
            ],
            [
              -120.886298,
              44.930077
            ],
            [
              -120.886304,
              44.9301
            ],
            [
              -120.886312,
              44.930123
            ],
            [
              -120.886325,
              44.930152
            ],
            [
              -120.886341,
              44.930179
            ],
            [
              -120.886361,
              44.930203
            ],
            [
              -120.886379,
              44.930219
            ],
            [
              -120.886418,
              44.930248
            ],
            [
              -120.88644,
              44.930262
            ],
            [
              -120.886462,
              44.930274
            ],
            [
              -120.886535,
              44.930311
            ],
            [
              -120.886573,
              44.930326
            ],
            [
              -120.886613,
              44.93034
            ],
            [
              -120.886729,
              44.930374
            ],
            [
              -120.886856,
              44.930402
            ],
            [
              -120.886909,
              44.930417
            ],
            [
              -120.886961,
              44.930435
            ],
            [
              -120.887014,
              44.930456
            ],
            [
              -120.887066,
              44.930478
            ],
            [
              -120.887119,
              44.930501
            ],
            [
              -120.887223,
              44.93055
            ],
            [
              -120.887432,
              44.930653
            ],
            [
              -120.888471,
              44.931169
            ],
            [
              -120.889511,
              44.931685
            ],
            [
              -120.889666,
              44.931763
            ],
            [
              -120.889767,
              44.931815
            ],
            [
              -120.889863,
              44.931869
            ],
            [
              -120.889909,
              44.931896
            ],
            [
              -120.889951,
              44.931923
            ],
            [
              -120.890024,
              44.931975
            ],
            [
              -120.890048,
              44.93199
            ],
            [
              -120.890135,
              44.932038
            ],
            [
              -120.890169,
              44.932059
            ],
            [
              -120.890193,
              44.932074
            ],
            [
              -120.890237,
              44.932103
            ],
            [
              -120.890259,
              44.932118
            ],
            [
              -120.890279,
              44.932135
            ],
            [
              -120.890298,
              44.932152
            ],
            [
              -120.890352,
              44.932205
            ],
            [
              -120.890371,
              44.932222
            ],
            [
              -120.89041,
              44.932255
            ],
            [
              -120.890484,
              44.932323
            ],
            [
              -120.890523,
              44.932357
            ],
            [
              -120.89056,
              44.932394
            ],
            [
              -120.890623,
              44.932465
            ],
            [
              -120.890649,
              44.932495
            ],
            [
              -120.890671,
              44.932526
            ],
            [
              -120.890691,
              44.932558
            ],
            [
              -120.89071,
              44.93259
            ],
            [
              -120.890764,
              44.93269
            ],
            [
              -120.890779,
              44.932714
            ],
            [
              -120.890794,
              44.932738
            ],
            [
              -120.890809,
              44.932761
            ],
            [
              -120.890827,
              44.932784
            ],
            [
              -120.890853,
              44.932813
            ],
            [
              -120.8909,
              44.932861
            ],
            [
              -120.89092,
              44.932879
            ],
            [
              -120.89094,
              44.932896
            ],
            [
              -120.890961,
              44.932912
            ],
            [
              -120.890983,
              44.932925
            ],
            [
              -120.89103,
              44.932949
            ],
            [
              -120.891054,
              44.93296
            ],
            [
              -120.891079,
              44.932969
            ],
            [
              -120.891155,
              44.932995
            ],
            [
              -120.89125,
              44.933036
            ],
            [
              -120.891351,
              44.933069
            ],
            [
              -120.891376,
              44.933079
            ],
            [
              -120.891423,
              44.9331
            ],
            [
              -120.891448,
              44.93311
            ],
            [
              -120.891473,
              44.933118
            ],
            [
              -120.891552,
              44.933141
            ],
            [
              -120.891629,
              44.93317
            ],
            [
              -120.891655,
              44.93318
            ],
            [
              -120.89168,
              44.933191
            ],
            [
              -120.891803,
              44.93325
            ],
            [
              -120.891828,
              44.933263
            ],
            [
              -120.89185,
              44.933277
            ],
            [
              -120.891872,
              44.933293
            ],
            [
              -120.891935,
              44.93334
            ],
            [
              -120.891956,
              44.933357
            ],
            [
              -120.891976,
              44.933374
            ],
            [
              -120.89209,
              44.933489
            ],
            [
              -120.892152,
              44.93356
            ],
            [
              -120.892178,
              44.933587
            ],
            [
              -120.892206,
              44.933612
            ],
            [
              -120.892238,
              44.933637
            ],
            [
              -120.892274,
              44.933658
            ],
            [
              -120.8923,
              44.933672
            ],
            [
              -120.892327,
              44.933683
            ],
            [
              -120.892366,
              44.933695
            ],
            [
              -120.892409,
              44.933705
            ],
            [
              -120.892557,
              44.933732
            ],
            [
              -120.89261,
              44.933743
            ],
            [
              -120.892659,
              44.933755
            ],
            [
              -120.892874,
              44.933809
            ],
            [
              -120.89292,
              44.933822
            ],
            [
              -120.892965,
              44.933837
            ],
            [
              -120.893026,
              44.933858
            ],
            [
              -120.893133,
              44.933891
            ],
            [
              -120.893296,
              44.933942
            ],
            [
              -120.893326,
              44.933952
            ],
            [
              -120.893353,
              44.933962
            ],
            [
              -120.893434,
              44.933994
            ],
            [
              -120.89346,
              44.934006
            ],
            [
              -120.893585,
              44.934065
            ],
            [
              -120.893609,
              44.934078
            ],
            [
              -120.893631,
              44.934093
            ],
            [
              -120.893653,
              44.934108
            ],
            [
              -120.893713,
              44.934157
            ],
            [
              -120.893733,
              44.934174
            ],
            [
              -120.893751,
              44.934192
            ],
            [
              -120.893768,
              44.934212
            ],
            [
              -120.893792,
              44.934244
            ],
            [
              -120.89384,
              44.934312
            ],
            [
              -120.893865,
              44.934346
            ],
            [
              -120.893915,
              44.93441
            ],
            [
              -120.893941,
              44.934447
            ],
            [
              -120.893964,
              44.934485
            ],
            [
              -120.893987,
              44.934524
            ],
            [
              -120.894028,
              44.934605
            ],
            [
              -120.894087,
              44.934728
            ],
            [
              -120.894181,
              44.934935
            ],
            [
              -120.89422,
              44.935017
            ],
            [
              -120.89426,
              44.935096
            ],
            [
              -120.894281,
              44.935134
            ],
            [
              -120.894303,
              44.935171
            ],
            [
              -120.894327,
              44.935206
            ],
            [
              -120.894353,
              44.935238
            ],
            [
              -120.894382,
              44.935265
            ],
            [
              -120.894402,
              44.935281
            ],
            [
              -120.894445,
              44.93531
            ],
            [
              -120.894467,
              44.935323
            ],
            [
              -120.894561,
              44.935373
            ],
            [
              -120.894611,
              44.935398
            ],
            [
              -120.894734,
              44.935468
            ],
            [
              -120.894771,
              44.93549
            ],
            [
              -120.894806,
              44.935513
            ],
            [
              -120.894877,
              44.935561
            ],
            [
              -120.894901,
              44.935576
            ],
            [
              -120.894926,
              44.935589
            ],
            [
              -120.894977,
              44.935613
            ],
            [
              -120.895004,
              44.935625
            ],
            [
              -120.895032,
              44.935635
            ],
            [
              -120.895103,
              44.935659
            ],
            [
              -120.89519,
              44.935687
            ],
            [
              -120.89535,
              44.935732
            ],
            [
              -120.895379,
              44.93574
            ],
            [
              -120.895436,
              44.935753
            ],
            [
              -120.895466,
              44.935759
            ],
            [
              -120.895497,
              44.935763
            ],
            [
              -120.895561,
              44.935769
            ],
            [
              -120.895642,
              44.935776
            ],
            [
              -120.895691,
              44.935779
            ],
            [
              -120.895725,
              44.93578
            ],
            [
              -120.895828,
              44.935781
            ],
            [
              -120.895861,
              44.935782
            ],
            [
              -120.895894,
              44.935784
            ],
            [
              -120.896056,
              44.9358
            ],
            [
              -120.89609,
              44.935804
            ],
            [
              -120.896137,
              44.935812
            ],
            [
              -120.896183,
              44.935822
            ],
            [
              -120.896272,
              44.935845
            ],
            [
              -120.896331,
              44.935862
            ],
            [
              -120.896359,
              44.935872
            ],
            [
              -120.896411,
              44.935892
            ],
            [
              -120.896436,
              44.935903
            ],
            [
              -120.896461,
              44.935915
            ],
            [
              -120.896484,
              44.935928
            ],
            [
              -120.896507,
              44.935941
            ],
            [
              -120.896529,
              44.935956
            ],
            [
              -120.89655,
              44.935972
            ],
            [
              -120.89657,
              44.935989
            ],
            [
              -120.896609,
              44.936028
            ],
            [
              -120.896636,
              44.936056
            ],
            [
              -120.896662,
              44.936086
            ],
            [
              -120.896679,
              44.936108
            ],
            [
              -120.896694,
              44.936132
            ],
            [
              -120.896723,
              44.93618
            ],
            [
              -120.896787,
              44.936304
            ],
            [
              -120.896814,
              44.936351
            ],
            [
              -120.896828,
              44.936374
            ],
            [
              -120.896844,
              44.936396
            ],
            [
              -120.89686,
              44.936416
            ],
            [
              -120.896913,
              44.936474
            ],
            [
              -120.896991,
              44.936567
            ],
            [
              -120.897016,
              44.936598
            ],
            [
              -120.897033,
              44.936621
            ],
            [
              -120.897048,
              44.936645
            ],
            [
              -120.897062,
              44.936669
            ],
            [
              -120.897088,
              44.936719
            ],
            [
              -120.897112,
              44.936771
            ],
            [
              -120.897135,
              44.936824
            ],
            [
              -120.897166,
              44.936904
            ],
            [
              -120.897247,
              44.937121
            ],
            [
              -120.897405,
              44.937556
            ],
            [
              -120.897436,
              44.937637
            ],
            [
              -120.897458,
              44.937691
            ],
            [
              -120.897485,
              44.937751
            ],
            [
              -120.897503,
              44.937785
            ],
            [
              -120.897522,
              44.937817
            ],
            [
              -120.897537,
              44.93784
            ],
            [
              -120.897555,
              44.937863
            ],
            [
              -120.897574,
              44.937883
            ],
            [
              -120.897595,
              44.937902
            ],
            [
              -120.89763,
              44.937925
            ],
            [
              -120.897669,
              44.937945
            ],
            [
              -120.897712,
              44.93796
            ],
            [
              -120.897757,
              44.937972
            ],
            [
              -120.89779,
              44.937977
            ],
            [
              -120.897824,
              44.937981
            ],
            [
              -120.897962,
              44.937992
            ],
            [
              -120.898009,
              44.937998
            ],
            [
              -120.898055,
              44.938006
            ],
            [
              -120.898085,
              44.938012
            ],
            [
              -120.898115,
              44.938018
            ],
            [
              -120.898143,
              44.938027
            ],
            [
              -120.89817,
              44.938036
            ],
            [
              -120.898196,
              44.938045
            ],
            [
              -120.898221,
              44.938055
            ],
            [
              -120.898245,
              44.938067
            ],
            [
              -120.89829,
              44.938092
            ],
            [
              -120.898312,
              44.938107
            ],
            [
              -120.898332,
              44.938123
            ],
            [
              -120.898351,
              44.938141
            ],
            [
              -120.898369,
              44.938161
            ],
            [
              -120.898475,
              44.938282
            ],
            [
              -120.898492,
              44.938304
            ],
            [
              -120.898541,
              44.938369
            ],
            [
              -120.898558,
              44.938389
            ],
            [
              -120.898575,
              44.938409
            ],
            [
              -120.898593,
              44.938427
            ],
            [
              -120.898613,
              44.938443
            ],
            [
              -120.898634,
              44.938457
            ],
            [
              -120.898656,
              44.93847
            ],
            [
              -120.898678,
              44.938482
            ],
            [
              -120.898702,
              44.938493
            ],
            [
              -120.898727,
              44.938502
            ],
            [
              -120.898803,
              44.938526
            ],
            [
              -120.898877,
              44.938554
            ],
            [
              -120.898901,
              44.938564
            ],
            [
              -120.898972,
              44.938596
            ],
            [
              -120.898996,
              44.938606
            ],
            [
              -120.899021,
              44.938614
            ],
            [
              -120.899101,
              44.938634
            ],
            [
              -120.899153,
              44.938649
            ],
            [
              -120.899259,
              44.938677
            ],
            [
              -120.899341,
              44.938695
            ],
            [
              -120.899367,
              44.938701
            ],
            [
              -120.899392,
              44.93871
            ],
            [
              -120.899416,
              44.93872
            ],
            [
              -120.899437,
              44.938734
            ],
            [
              -120.899456,
              44.93875
            ],
            [
              -120.899474,
              44.938767
            ],
            [
              -120.89949,
              44.938787
            ],
            [
              -120.899505,
              44.938807
            ],
            [
              -120.899579,
              44.938916
            ],
            [
              -120.899595,
              44.938937
            ],
            [
              -120.899612,
              44.938956
            ],
            [
              -120.89963,
              44.938974
            ],
            [
              -120.899688,
              44.939028
            ],
            [
              -120.899708,
              44.939046
            ],
            [
              -120.899729,
              44.939064
            ],
            [
              -120.899762,
              44.939087
            ],
            [
              -120.899797,
              44.939108
            ],
            [
              -120.899822,
              44.939121
            ],
            [
              -120.899848,
              44.939133
            ],
            [
              -120.899876,
              44.939144
            ],
            [
              -120.899906,
              44.939153
            ],
            [
              -120.899966,
              44.939169
            ],
            [
              -120.900009,
              44.939182
            ],
            [
              -120.900111,
              44.939217
            ],
            [
              -120.900155,
              44.93923
            ],
            [
              -120.9002,
              44.939241
            ],
            [
              -120.900232,
              44.939247
            ],
            [
              -120.900329,
              44.939262
            ],
            [
              -120.90036,
              44.939268
            ],
            [
              -120.90039,
              44.939276
            ],
            [
              -120.900429,
              44.939292
            ],
            [
              -120.900464,
              44.939312
            ],
            [
              -120.900486,
              44.939329
            ],
            [
              -120.900505,
              44.939349
            ],
            [
              -120.900522,
              44.93937
            ],
            [
              -120.900537,
              44.939392
            ],
            [
              -120.900552,
              44.939416
            ],
            [
              -120.900565,
              44.93944
            ],
            [
              -120.900589,
              44.939491
            ],
            [
              -120.900611,
              44.939544
            ],
            [
              -120.900674,
              44.939704
            ],
            [
              -120.900697,
              44.939755
            ],
            [
              -120.900709,
              44.93978
            ],
            [
              -120.900721,
              44.939804
            ],
            [
              -120.900735,
              44.939828
            ],
            [
              -120.900749,
              44.93985
            ],
            [
              -120.900765,
              44.93987
            ],
            [
              -120.900783,
              44.939889
            ],
            [
              -120.900803,
              44.939906
            ],
            [
              -120.900825,
              44.93992
            ],
            [
              -120.900849,
              44.939931
            ],
            [
              -120.900876,
              44.939939
            ],
            [
              -120.900905,
              44.939947
            ],
            [
              -120.900978,
              44.939961
            ],
            [
              -120.901022,
              44.939969
            ],
            [
              -120.901115,
              44.939983
            ],
            [
              -120.901144,
              44.939989
            ],
            [
              -120.901171,
              44.939996
            ],
            [
              -120.901197,
              44.940004
            ],
            [
              -120.901223,
              44.940013
            ],
            [
              -120.901248,
              44.940023
            ],
            [
              -120.901271,
              44.940034
            ],
            [
              -120.901294,
              44.940047
            ],
            [
              -120.901315,
              44.94006
            ],
            [
              -120.901335,
              44.940075
            ],
            [
              -120.901354,
              44.940092
            ],
            [
              -120.901371,
              44.940111
            ],
            [
              -120.901386,
              44.940132
            ],
            [
              -120.9014,
              44.940154
            ],
            [
              -120.901413,
              44.940177
            ],
            [
              -120.901438,
              44.940226
            ],
            [
              -120.901507,
              44.940381
            ],
            [
              -120.901532,
              44.940432
            ],
            [
              -120.901559,
              44.940482
            ],
            [
              -120.901574,
              44.940506
            ],
            [
              -120.90159,
              44.940529
            ],
            [
              -120.901607,
              44.940551
            ],
            [
              -120.901635,
              44.94058
            ],
            [
              -120.901686,
              44.940625
            ],
            [
              -120.901707,
              44.940643
            ],
            [
              -120.901773,
              44.940693
            ],
            [
              -120.901838,
              44.940745
            ],
            [
              -120.901926,
              44.940807
            ],
            [
              -120.901947,
              44.940824
            ],
            [
              -120.901966,
              44.940842
            ],
            [
              -120.901984,
              44.940862
            ],
            [
              -120.901999,
              44.940884
            ],
            [
              -120.902013,
              44.940906
            ],
            [
              -120.902025,
              44.940929
            ],
            [
              -120.902036,
              44.940952
            ],
            [
              -120.902045,
              44.940976
            ],
            [
              -120.902053,
              44.940999
            ],
            [
              -120.902059,
              44.941023
            ],
            [
              -120.902063,
              44.941047
            ],
            [
              -120.902065,
              44.94107
            ],
            [
              -120.902065,
              44.941092
            ],
            [
              -120.902061,
              44.941114
            ],
            [
              -120.902054,
              44.941135
            ],
            [
              -120.902043,
              44.941154
            ],
            [
              -120.902028,
              44.941172
            ],
            [
              -120.901972,
              44.941235
            ],
            [
              -120.901892,
              44.941336
            ],
            [
              -120.901837,
              44.941409
            ],
            [
              -120.9018,
              44.941465
            ],
            [
              -120.901786,
              44.941483
            ],
            [
              -120.901769,
              44.9415
            ],
            [
              -120.901715,
              44.941552
            ],
            [
              -120.901691,
              44.941578
            ],
            [
              -120.901671,
              44.941606
            ],
            [
              -120.901648,
              44.941645
            ],
            [
              -120.901637,
              44.941665
            ],
            [
              -120.901628,
              44.941686
            ],
            [
              -120.901622,
              44.941707
            ],
            [
              -120.901617,
              44.941728
            ],
            [
              -120.901605,
              44.941817
            ],
            [
              -120.901596,
              44.941861
            ],
            [
              -120.901593,
              44.941896
            ],
            [
              -120.901589,
              44.941968
            ],
            [
              -120.901585,
              44.942006
            ],
            [
              -120.901579,
              44.942041
            ],
            [
              -120.901564,
              44.942112
            ],
            [
              -120.901559,
              44.942148
            ],
            [
              -120.901558,
              44.942173
            ],
            [
              -120.901558,
              44.942199
            ],
            [
              -120.90156,
              44.942224
            ],
            [
              -120.90157,
              44.942324
            ],
            [
              -120.901571,
              44.942348
            ],
            [
              -120.901571,
              44.942372
            ],
            [
              -120.90157,
              44.942395
            ],
            [
              -120.90155,
              44.942503
            ],
            [
              -120.901545,
              44.942525
            ],
            [
              -120.901525,
              44.942589
            ],
            [
              -120.901512,
              44.942644
            ],
            [
              -120.901505,
              44.942677
            ],
            [
              -120.901503,
              44.942701
            ],
            [
              -120.901498,
              44.942796
            ],
            [
              -120.901496,
              44.942819
            ],
            [
              -120.901491,
              44.942864
            ],
            [
              -120.901489,
              44.942887
            ],
            [
              -120.90149,
              44.94301
            ],
            [
              -120.901488,
              44.94308
            ],
            [
              -120.901488,
              44.943106
            ],
            [
              -120.901492,
              44.943197
            ],
            [
              -120.901492,
              44.94323
            ],
            [
              -120.90149,
              44.943253
            ],
            [
              -120.901487,
              44.943277
            ],
            [
              -120.901467,
              44.943354
            ],
            [
              -120.901462,
              44.943388
            ],
            [
              -120.901461,
              44.943412
            ],
            [
              -120.901462,
              44.943437
            ],
            [
              -120.901465,
              44.943463
            ],
            [
              -120.901475,
              44.943514
            ],
            [
              -120.901489,
              44.943567
            ],
            [
              -120.901535,
              44.943723
            ],
            [
              -120.901549,
              44.943782
            ],
            [
              -120.901553,
              44.943815
            ],
            [
              -120.901555,
              44.943847
            ],
            [
              -120.901549,
              44.943964
            ],
            [
              -120.901544,
              44.944013
            ],
            [
              -120.90154,
              44.944037
            ],
            [
              -120.90153,
              44.944071
            ],
            [
              -120.901516,
              44.944105
            ],
            [
              -120.901485,
              44.944172
            ],
            [
              -120.901462,
              44.944218
            ],
            [
              -120.901443,
              44.944248
            ],
            [
              -120.901422,
              44.944277
            ],
            [
              -120.901391,
              44.944316
            ],
            [
              -120.901335,
              44.944392
            ],
            [
              -120.901311,
              44.944431
            ],
            [
              -120.9013,
              44.944451
            ],
            [
              -120.90129,
              44.944472
            ],
            [
              -120.901281,
              44.944493
            ],
            [
              -120.901274,
              44.944516
            ],
            [
              -120.901264,
              44.944554
            ],
            [
              -120.901235,
              44.944677
            ],
            [
              -120.901211,
              44.944759
            ],
            [
              -120.901197,
              44.944801
            ],
            [
              -120.901167,
              44.944884
            ],
            [
              -120.901071,
              44.945135
            ],
            [
              -120.901041,
              44.945218
            ],
            [
              -120.901028,
              44.945259
            ],
            [
              -120.901016,
              44.945301
            ],
            [
              -120.901006,
              44.945343
            ],
            [
              -120.900999,
              44.945384
            ],
            [
              -120.900997,
              44.945426
            ],
            [
              -120.900998,
              44.945453
            ],
            [
              -120.901,
              44.94548
            ],
            [
              -120.901005,
              44.945507
            ],
            [
              -120.901011,
              44.945534
            ],
            [
              -120.901017,
              44.945561
            ],
            [
              -120.901033,
              44.945615
            ],
            [
              -120.901061,
              44.945695
            ],
            [
              -120.901095,
              44.945785
            ],
            [
              -120.901416,
              44.946613
            ],
            [
              -120.901447,
              44.946694
            ],
            [
              -120.901476,
              44.946775
            ],
            [
              -120.901499,
              44.946846
            ],
            [
              -120.901516,
              44.946908
            ],
            [
              -120.901522,
              44.946935
            ],
            [
              -120.901526,
              44.946961
            ],
            [
              -120.901528,
              44.946987
            ],
            [
              -120.901529,
              44.947023
            ],
            [
              -120.901527,
              44.947132
            ],
            [
              -120.901525,
              44.947156
            ],
            [
              -120.901521,
              44.947179
            ],
            [
              -120.901515,
              44.947201
            ],
            [
              -120.901507,
              44.947222
            ],
            [
              -120.901486,
              44.947263
            ],
            [
              -120.901475,
              44.947283
            ],
            [
              -120.901454,
              44.947311
            ],
            [
              -120.901431,
              44.947338
            ],
            [
              -120.901375,
              44.947391
            ],
            [
              -120.901358,
              44.947409
            ],
            [
              -120.901343,
              44.947428
            ],
            [
              -120.9013,
              44.947489
            ],
            [
              -120.901275,
              44.947518
            ],
            [
              -120.901248,
              44.947546
            ],
            [
              -120.90117,
              44.947612
            ],
            [
              -120.901064,
              44.947701
            ],
            [
              -120.901029,
              44.947731
            ],
            [
              -120.900998,
              44.947761
            ],
            [
              -120.90097,
              44.947791
            ],
            [
              -120.900944,
              44.947822
            ],
            [
              -120.900921,
              44.947852
            ],
            [
              -120.900907,
              44.947873
            ],
            [
              -120.900896,
              44.947895
            ],
            [
              -120.900889,
              44.947918
            ],
            [
              -120.900886,
              44.947941
            ],
            [
              -120.900885,
              44.947965
            ],
            [
              -120.900887,
              44.94799
            ],
            [
              -120.900891,
              44.948015
            ],
            [
              -120.900903,
              44.948067
            ],
            [
              -120.900918,
              44.948119
            ],
            [
              -120.900937,
              44.948172
            ],
            [
              -120.900967,
              44.948253
            ],
            [
              -120.901128,
              44.948659
            ],
            [
              -120.90117,
              44.948767
            ],
            [
              -120.9012,
              44.948847
            ],
            [
              -120.901227,
              44.948926
            ],
            [
              -120.901244,
              44.948986
            ],
            [
              -120.901251,
              44.94902
            ],
            [
              -120.901256,
              44.949052
            ],
            [
              -120.901258,
              44.949076
            ],
            [
              -120.901258,
              44.949098
            ],
            [
              -120.901256,
              44.94912
            ],
            [
              -120.901246,
              44.949207
            ],
            [
              -120.901234,
              44.949272
            ],
            [
              -120.90123,
              44.949302
            ],
            [
              -120.901225,
              44.949389
            ],
            [
              -120.901222,
              44.949414
            ],
            [
              -120.901215,
              44.94945
            ],
            [
              -120.901205,
              44.949486
            ],
            [
              -120.901191,
              44.949521
            ],
            [
              -120.901171,
              44.949566
            ],
            [
              -120.901125,
              44.949687
            ],
            [
              -120.901081,
              44.949796
            ],
            [
              -120.901069,
              44.949832
            ],
            [
              -120.901061,
              44.949868
            ],
            [
              -120.901057,
              44.949894
            ],
            [
              -120.901056,
              44.94992
            ],
            [
              -120.901056,
              44.949946
            ],
            [
              -120.901066,
              44.950077
            ],
            [
              -120.90107,
              44.950151
            ],
            [
              -120.901073,
              44.950178
            ],
            [
              -120.901083,
              44.95023
            ],
            [
              -120.901114,
              44.950361
            ],
            [
              -120.901124,
              44.950412
            ],
            [
              -120.901128,
              44.950437
            ],
            [
              -120.90113,
              44.950461
            ],
            [
              -120.90113,
              44.950485
            ],
            [
              -120.901128,
              44.950509
            ],
            [
              -120.901123,
              44.950531
            ],
            [
              -120.901116,
              44.950554
            ],
            [
              -120.901102,
              44.9506
            ],
            [
              -120.901063,
              44.950701
            ],
            [
              -120.901051,
              44.950736
            ],
            [
              -120.901039,
              44.950787
            ],
            [
              -120.901033,
              44.950823
            ],
            [
              -120.901028,
              44.950859
            ],
            [
              -120.901028,
              44.950893
            ],
            [
              -120.90103,
              44.950928
            ],
            [
              -120.901043,
              44.951042
            ],
            [
              -120.901044,
              44.951067
            ],
            [
              -120.901044,
              44.951093
            ],
            [
              -120.901042,
              44.951118
            ],
            [
              -120.901035,
              44.951152
            ],
            [
              -120.901024,
              44.951186
            ],
            [
              -120.901014,
              44.951209
            ],
            [
              -120.901002,
              44.951231
            ],
            [
              -120.90098,
              44.95126
            ],
            [
              -120.900952,
              44.951287
            ],
            [
              -120.900929,
              44.951304
            ],
            [
              -120.900903,
              44.95132
            ],
            [
              -120.900792,
              44.951381
            ],
            [
              -120.900753,
              44.951405
            ],
            [
              -120.900674,
              44.951454
            ],
            [
              -120.900633,
              44.951478
            ],
            [
              -120.900588,
              44.951501
            ],
            [
              -120.900542,
              44.951523
            ],
            [
              -120.900494,
              44.951544
            ],
            [
              -120.900348,
              44.951606
            ],
            [
              -120.900299,
              44.951627
            ],
            [
              -120.900203,
              44.951672
            ],
            [
              -120.900092,
              44.951727
            ],
            [
              -120.900046,
              44.951752
            ],
            [
              -120.900003,
              44.951778
            ],
            [
              -120.89996,
              44.951805
            ],
            [
              -120.89992,
              44.951833
            ],
            [
              -120.899882,
              44.951862
            ],
            [
              -120.899847,
              44.951892
            ],
            [
              -120.899815,
              44.951924
            ],
            [
              -120.899754,
              44.951987
            ],
            [
              -120.899614,
              44.952115
            ],
            [
              -120.899581,
              44.952143
            ],
            [
              -120.8995,
              44.952209
            ],
            [
              -120.899405,
              44.952291
            ],
            [
              -120.899318,
              44.95236
            ],
            [
              -120.899295,
              44.952376
            ],
            [
              -120.899225,
              44.952424
            ],
            [
              -120.899193,
              44.952447
            ],
            [
              -120.899142,
              44.952489
            ],
            [
              -120.89912,
              44.952505
            ],
            [
              -120.899085,
              44.952529
            ],
            [
              -120.899007,
              44.952573
            ],
            [
              -120.898968,
              44.952597
            ],
            [
              -120.898934,
              44.952621
            ],
            [
              -120.898901,
              44.952647
            ],
            [
              -120.898839,
              44.952698
            ],
            [
              -120.898817,
              44.952715
            ],
            [
              -120.898794,
              44.952731
            ],
            [
              -120.898768,
              44.952745
            ],
            [
              -120.89874,
              44.952758
            ],
            [
              -120.89871,
              44.95277
            ],
            [
              -120.898679,
              44.952781
            ],
            [
              -120.898611,
              44.9528
            ],
            [
              -120.898564,
              44.952812
            ],
            [
              -120.898516,
              44.952823
            ],
            [
              -120.89843,
              44.952841
            ],
            [
              -120.898241,
              44.952878
            ],
            [
              -120.897667,
              44.952983
            ],
            [
              -120.8974,
              44.953034
            ],
            [
              -120.897211,
              44.953072
            ],
            [
              -120.897099,
              44.953097
            ],
            [
              -120.897026,
              44.953115
            ],
            [
              -120.896955,
              44.953136
            ],
            [
              -120.896903,
              44.953154
            ],
            [
              -120.896801,
              44.95319
            ],
            [
              -120.896748,
              44.953208
            ],
            [
              -120.896589,
              44.953258
            ],
            [
              -120.896423,
              44.953314
            ],
            [
              -120.896367,
              44.953332
            ],
            [
              -120.896309,
              44.953348
            ],
            [
              -120.89625,
              44.953363
            ],
            [
              -120.89613,
              44.95339
            ],
            [
              -120.895956,
              44.953425
            ],
            [
              -120.895728,
              44.953469
            ],
            [
              -120.895559,
              44.953498
            ],
            [
              -120.895448,
              44.953515
            ],
            [
              -120.895394,
              44.953522
            ],
            [
              -120.895346,
              44.953528
            ],
            [
              -120.8953,
              44.953531
            ],
            [
              -120.895256,
              44.953533
            ],
            [
              -120.89519,
              44.953534
            ],
            [
              -120.895157,
              44.953536
            ],
            [
              -120.895087,
              44.953541
            ],
            [
              -120.895052,
              44.953545
            ],
            [
              -120.894979,
              44.953555
            ],
            [
              -120.894905,
              44.953566
            ],
            [
              -120.894792,
              44.953585
            ],
            [
              -120.89464,
              44.953612
            ],
            [
              -120.894468,
              44.953645
            ],
            [
              -120.894355,
              44.953669
            ],
            [
              -120.8943,
              44.953682
            ],
            [
              -120.894251,
              44.953694
            ],
            [
              -120.894203,
              44.953707
            ],
            [
              -120.894157,
              44.953722
            ],
            [
              -120.894124,
              44.953734
            ],
            [
              -120.894091,
              44.953748
            ],
            [
              -120.894048,
              44.953769
            ],
            [
              -120.894006,
              44.953792
            ],
            [
              -120.893963,
              44.953818
            ],
            [
              -120.893879,
              44.95387
            ],
            [
              -120.893799,
              44.953922
            ],
            [
              -120.893739,
              44.953964
            ],
            [
              -120.893718,
              44.953981
            ],
            [
              -120.893699,
              44.953999
            ],
            [
              -120.893682,
              44.954016
            ],
            [
              -120.89365,
              44.954052
            ],
            [
              -120.893623,
              44.954088
            ],
            [
              -120.8936,
              44.954125
            ],
            [
              -120.893591,
              44.954144
            ],
            [
              -120.893566,
              44.954203
            ],
            [
              -120.893539,
              44.954261
            ],
            [
              -120.893515,
              44.954319
            ],
            [
              -120.893509,
              44.95434
            ],
            [
              -120.893484,
              44.954444
            ],
            [
              -120.89348,
              44.954466
            ],
            [
              -120.893472,
              44.954531
            ],
            [
              -120.893468,
              44.954552
            ],
            [
              -120.893461,
              44.954572
            ],
            [
              -120.893452,
              44.95459
            ],
            [
              -120.89344,
              44.954607
            ],
            [
              -120.893423,
              44.954622
            ],
            [
              -120.893402,
              44.954635
            ],
            [
              -120.893378,
              44.954646
            ],
            [
              -120.893351,
              44.954655
            ],
            [
              -120.893323,
              44.954662
            ],
            [
              -120.893293,
              44.954668
            ],
            [
              -120.893263,
              44.954672
            ],
            [
              -120.893232,
              44.954675
            ],
            [
              -120.8932,
              44.954675
            ],
            [
              -120.89317,
              44.954674
            ],
            [
              -120.893139,
              44.95467
            ],
            [
              -120.893078,
              44.954658
            ],
            [
              -120.893046,
              44.954651
            ],
            [
              -120.893,
              44.954639
            ],
            [
              -120.892954,
              44.954624
            ],
            [
              -120.892814,
              44.954576
            ],
            [
              -120.892766,
              44.954561
            ],
            [
              -120.892717,
              44.95455
            ],
            [
              -120.892682,
              44.954546
            ],
            [
              -120.892647,
              44.954544
            ],
            [
              -120.892611,
              44.954544
            ],
            [
              -120.892575,
              44.954545
            ],
            [
              -120.892538,
              44.954548
            ],
            [
              -120.892501,
              44.954551
            ],
            [
              -120.892444,
              44.954558
            ],
            [
              -120.892217,
              44.954589
            ],
            [
              -120.892161,
              44.954595
            ],
            [
              -120.892105,
              44.9546
            ],
            [
              -120.892051,
              44.954601
            ],
            [
              -120.892016,
              44.9546
            ],
            [
              -120.891981,
              44.954596
            ],
            [
              -120.891935,
              44.954587
            ],
            [
              -120.891891,
              44.954574
            ],
            [
              -120.891849,
              44.954558
            ],
            [
              -120.891812,
              44.954539
            ],
            [
              -120.891788,
              44.954525
            ],
            [
              -120.891724,
              44.954481
            ],
            [
              -120.89165,
              44.954437
            ],
            [
              -120.891635,
              44.95443
            ],
            [
              -120.891619,
              44.954426
            ],
            [
              -120.89161,
              44.954425
            ],
            [
              -120.891592,
              44.954429
            ],
            [
              -120.891574,
              44.954437
            ],
            [
              -120.891557,
              44.95445
            ],
            [
              -120.891531,
              44.954472
            ],
            [
              -120.891483,
              44.954518
            ],
            [
              -120.891447,
              44.954555
            ],
            [
              -120.891394,
              44.954615
            ],
            [
              -120.891356,
              44.95466
            ],
            [
              -120.891218,
              44.954841
            ],
            [
              -120.891185,
              44.95488
            ],
            [
              -120.891108,
              44.954964
            ],
            [
              -120.891072,
              44.955006
            ],
            [
              -120.891059,
              44.955022
            ],
            [
              -120.891037,
              44.955056
            ],
            [
              -120.891002,
              44.955122
            ],
            [
              -120.890993,
              44.955137
            ],
            [
              -120.890982,
              44.955152
            ],
            [
              -120.890969,
              44.955167
            ],
            [
              -120.890955,
              44.95518
            ],
            [
              -120.890939,
              44.955192
            ],
            [
              -120.890913,
              44.955208
            ],
            [
              -120.890881,
              44.955222
            ],
            [
              -120.890845,
              44.955233
            ],
            [
              -120.890819,
              44.955239
            ],
            [
              -120.890792,
              44.955245
            ],
            [
              -120.890741,
              44.955251
            ],
            [
              -120.890689,
              44.955256
            ],
            [
              -120.890588,
              44.955261
            ],
            [
              -120.890541,
              44.955262
            ],
            [
              -120.890369,
              44.955265
            ],
            [
              -120.890298,
              44.955267
            ],
            [
              -120.890235,
              44.955271
            ],
            [
              -120.890069,
              44.955284
            ],
            [
              -120.890028,
              44.955287
            ],
            [
              -120.889988,
              44.955289
            ],
            [
              -120.889923,
              44.955289
            ],
            [
              -120.889867,
              44.955287
            ],
            [
              -120.88984,
              44.955284
            ],
            [
              -120.889814,
              44.955281
            ],
            [
              -120.889789,
              44.955276
            ],
            [
              -120.889766,
              44.955269
            ],
            [
              -120.889743,
              44.955261
            ],
            [
              -120.889711,
              44.955248
            ],
            [
              -120.889645,
              44.955218
            ],
            [
              -120.889613,
              44.955204
            ],
            [
              -120.889579,
              44.955192
            ],
            [
              -120.889471,
              44.955156
            ],
            [
              -120.889398,
              44.955128
            ],
            [
              -120.889164,
              44.955035
            ],
            [
              -120.889094,
              44.955007
            ],
            [
              -120.889072,
              44.954996
            ],
            [
              -120.888912,
              44.954919
            ],
            [
              -120.888887,
              44.954906
            ],
            [
              -120.888831,
              44.954873
            ],
            [
              -120.888809,
              44.95486
            ],
            [
              -120.888786,
              44.954844
            ],
            [
              -120.888765,
              44.954827
            ],
            [
              -120.888746,
              44.954811
            ],
            [
              -120.888707,
              44.954773
            ],
            [
              -120.888627,
              44.954685
            ],
            [
              -120.888591,
              44.954649
            ],
            [
              -120.888558,
              44.95462
            ],
            [
              -120.888539,
              44.954606
            ],
            [
              -120.888519,
              44.954594
            ],
            [
              -120.888498,
              44.954585
            ],
            [
              -120.888474,
              44.954576
            ],
            [
              -120.88845,
              44.95457
            ],
            [
              -120.888427,
              44.954566
            ],
            [
              -120.888404,
              44.954564
            ],
            [
              -120.888381,
              44.954566
            ],
            [
              -120.888358,
              44.954571
            ]
          ]
        ]
      },
      "properties": {
        "event_id": "OR4494912090120190812",
        "map_id": 10016337,
        "program": "MTBS",
        "analytical_status": "official-program-reference"
      }
    }
  ],
  "warning": "Analyst-interpreted remotely sensed reference. Not an operational incident perimeter, field truth, or endorsement."
}
