{
  "type": "FeatureCollection",
  "name": "BurnLens accepted RBR polygons",
  "bbox": [
    -120.8805268,
    44.94014414,
    -120.82142845,
    44.96916811
  ],
  "features": [
    {
      "type": "Feature",
      "id": "WCP-001-RBR-001",
      "geometry": {
        "type": "MultiPolygon",
        "coordinates": [
          [
            [
              [
                -120.88010285,
                44.95196098
              ],
              [
                -120.8805268,
                44.9404463
              ],
              [
                -120.87546038,
                44.94035212
              ],
              [
                -120.87544047,
                44.94089187
              ],
              [
                -120.87569379,
                44.94089659
              ],
              [
                -120.87568715,
                44.9410765
              ],
              [
                -120.87492718,
                44.94106236
              ],
              [
                -120.87493382,
                44.94088244
              ],
              [
                -120.8746805,
                44.94087772
              ],
              [
                -120.87467386,
                44.94105764
              ],
              [
                -120.87442053,
                44.94105292
              ],
              [
                -120.87440061,
                44.94159267
              ],
              [
                -120.87414728,
                44.94158796
              ],
              [
                -120.87416057,
                44.94122812
              ],
              [
                -120.87390724,
                44.94122341
              ],
              [
                -120.87391389,
                44.94104349
              ],
              [
                -120.87416721,
                44.94104821
              ],
              [
                -120.8741805,
                44.94068837
              ],
              [
                -120.87443382,
                44.94069309
              ],
              [
                -120.8744471,
                44.94033326
              ],
              [
                -120.86431434,
                44.94014414
              ],
              [
                -120.86402068,
                44.9480604
              ],
              [
                -120.86452738,
                44.94806988
              ],
              [
                -120.86453405,
                44.94788996
              ],
              [
                -120.86554746,
                44.94790891
              ],
              [
                -120.86555413,
                44.947729
              ],
              [
                -120.86580748,
                44.94773374
              ],
              [
                -120.86581415,
                44.94755382
              ],
              [
                -120.86606751,
                44.94755856
              ],
              [
                -120.86606084,
                44.94773847
              ],
              [
                -120.86631419,
                44.94774321
              ],
              [
                -120.86630752,
                44.94792312
              ],
              [
                -120.86605417,
                44.94791839
              ],
              [
                -120.86603416,
                44.94845813
              ],
              [
                -120.86628751,
                44.94846287
              ],
              [
                -120.86628084,
                44.94864278
              ],
              [
                -120.86678756,
                44.94865225
              ],
              [
                -120.86678089,
                44.94883217
              ],
              [
                -120.8672876,
                44.94884164
              ],
              [
                -120.86729427,
                44.94866172
              ],
              [
                -120.86830769,
                44.94868065
              ],
              [
                -120.86831435,
                44.94850074
              ],
              [
                -120.86856771,
                44.94850547
              ],
              [
                -120.86858103,
                44.94814564
              ],
              [
                -120.86883438,
                44.94815037
              ],
              [
                -120.8688144,
                44.94869011
              ],
              [
                -120.86856105,
                44.94868538
              ],
              [
                -120.86855438,
                44.9488653
              ],
              [
                -120.86880774,
                44.94887003
              ],
              [
                -120.86879442,
                44.94922986
              ],
              [
                -120.87006121,
                44.9492535
              ],
              [
                -120.87006787,
                44.94907359
              ],
              [
                -120.87057458,
                44.94908304
              ],
              [
                -120.87056127,
                44.94944287
              ],
              [
                -120.87030791,
                44.94943815
              ],
              [
                -120.87030126,
                44.94961806
              ],
              [
                -120.8700479,
                44.94961333
              ],
              [
                -120.87004124,
                44.94979325
              ],
              [
                -120.86953452,
                44.94978379
              ],
              [
                -120.8695212,
                44.95014362
              ],
              [
                -120.86926784,
                44.9501389
              ],
              [
                -120.86926118,
                44.95031881
              ],
              [
                -120.8697679,
                44.95032827
              ],
              [
                -120.86976125,
                44.95050818
              ],
              [
                -120.87001461,
                44.95051291
              ],
              [
                -120.87002793,
                44.95015308
              ],
              [
                -120.87028129,
                44.95015781
              ],
              [
                -120.87028794,
                44.94997789
              ],
              [
                -120.87079467,
                44.94998734
              ],
              [
                -120.87080132,
                44.94980743
              ],
              [
                -120.87105468,
                44.94981215
              ],
              [
                -120.87107465,
                44.94927241
              ],
              [
                -120.87082129,
                44.94926768
              ],
              [
                -120.87082794,
                44.94908777
              ],
              [
                -120.87133466,
                44.94909722
              ],
              [
                -120.87132801,
                44.94927713
              ],
              [
                -120.87158136,
                44.94928186
              ],
              [
                -120.87156141,
                44.9498216
              ],
              [
                -120.87181477,
                44.94982633
              ],
              [
                -120.87182142,
                44.94964641
              ],
              [
                -120.87232814,
                44.94965586
              ],
              [
                -120.87233479,
                44.94947594
              ],
              [
                -120.87284151,
                44.94948539
              ],
              [
                -120.87282157,
                44.95002513
              ],
              [
                -120.8725682,
                44.95002041
              ],
              [
                -120.87255491,
                44.95038024
              ],
              [
                -120.87280827,
                44.95038496
              ],
              [
                -120.87280162,
                44.95056488
              ],
              [
                -120.87254826,
                44.95056016
              ],
              [
                -120.87253496,
                44.95091999
              ],
              [
                -120.87278832,
                44.95092471
              ],
              [
                -120.87278167,
                44.95110463
              ],
              [
                -120.87354178,
                44.95111879
              ],
              [
                -120.87355507,
                44.95075896
              ],
              [
                -120.87380844,
                44.95076368
              ],
              [
                -120.87381508,
                44.95058376
              ],
              [
                -120.87432181,
                44.9505932
              ],
              [
                -120.87431517,
                44.95077311
              ],
              [
                -120.8740618,
                44.9507684
              ],
              [
                -120.87404187,
                44.95130814
              ],
              [
                -120.8737885,
                44.95130342
              ],
              [
                -120.87377521,
                44.95166326
              ],
              [
                -120.87352184,
                44.95165854
              ],
              [
                -120.87351519,
                44.95183845
              ],
              [
                -120.88010285,
                44.95196098
              ]
            ],
            [
              [
                -120.87310152,
                44.94931019
              ],
              [
                -120.87284816,
                44.94930547
              ],
              [
                -120.87285481,
                44.94912555
              ],
              [
                -120.87260145,
                44.94912083
              ],
              [
                -120.87261475,
                44.948761
              ],
              [
                -120.87185468,
                44.94874683
              ],
              [
                -120.87184803,
                44.94892675
              ],
              [
                -120.87134131,
                44.9489173
              ],
              [
                -120.87134796,
                44.94873739
              ],
              [
                -120.87160132,
                44.94874211
              ],
              [
                -120.87161463,
                44.94838228
              ],
              [
                -120.87186798,
                44.948387
              ],
              [
                -120.87187463,
                44.94820709
              ],
              [
                -120.87162128,
                44.94820236
              ],
              [
                -120.87162793,
                44.94802245
              ],
              [
                -120.87188128,
                44.94802717
              ],
              [
                -120.87188793,
                44.94784725
              ],
              [
                -120.87239464,
                44.9478567
              ],
              [
                -120.87240794,
                44.94749687
              ],
              [
                -120.87215459,
                44.94749215
              ],
              [
                -120.87216124,
                44.94731223
              ],
              [
                -120.87292129,
                44.94732639
              ],
              [
                -120.87293458,
                44.94696656
              ],
              [
                -120.87318793,
                44.94697128
              ],
              [
                -120.87318129,
                44.9471512
              ],
              [
                -120.87368799,
                44.94716064
              ],
              [
                -120.87368134,
                44.94734055
              ],
              [
                -120.87393469,
                44.94734527
              ],
              [
                -120.87392805,
                44.94752519
              ],
              [
                -120.87443475,
                44.94753463
              ],
              [
                -120.87442811,
                44.94771454
              ],
              [
                -120.87366805,
                44.94770039
              ],
              [
                -120.8736614,
                44.9478803
              ],
              [
                -120.87340805,
                44.94787558
              ],
              [
                -120.87339476,
                44.94823541
              ],
              [
                -120.8731414,
                44.94823069
              ],
              [
                -120.87313476,
                44.94841061
              ],
              [
                -120.87338811,
                44.94841533
              ],
              [
                -120.87336153,
                44.94913499
              ],
              [
                -120.87310817,
                44.94913027
              ],
              [
                -120.87310152,
                44.94931019
              ]
            ],
            [
              [
                -120.86956115,
                44.94906413
              ],
              [
                -120.86930779,
                44.9490594
              ],
              [
                -120.86931445,
                44.94887949
              ],
              [
                -120.86956781,
                44.94888422
              ],
              [
                -120.86956115,
                44.94906413
              ]
            ],
            [
              [
                -120.86684756,
                44.94703302
              ],
              [
                -120.86634086,
                44.94702355
              ],
              [
                -120.86634753,
                44.94684363
              ],
              [
                -120.86685422,
                44.9468531
              ],
              [
                -120.86684756,
                44.94703302
              ]
            ],
            [
              [
                -120.87126758,
                44.94405485
              ],
              [
                -120.87101425,
                44.94405013
              ],
              [
                -120.87102755,
                44.94369029
              ],
              [
                -120.87077422,
                44.94368557
              ],
              [
                -120.87078753,
                44.94332574
              ],
              [
                -120.87129419,
                44.94333519
              ],
              [
                -120.87128754,
                44.9435151
              ],
              [
                -120.87154087,
                44.94351983
              ],
              [
                -120.87153422,
                44.94369974
              ],
              [
                -120.87128089,
                44.94369502
              ],
              [
                -120.87126758,
                44.94405485
              ]
            ],
            [
              [
                -120.87052754,
                44.94350093
              ],
              [
                -120.8702742,
                44.9434962
              ],
              [
                -120.87028086,
                44.94331629
              ],
              [
                -120.87053419,
                44.94332101
              ],
              [
                -120.87052754,
                44.94350093
              ]
            ],
            [
              [
                -120.86622088,
                44.94342051
              ],
              [
                -120.86596755,
                44.94341577
              ],
              [
                -120.86597421,
                44.94323586
              ],
              [
                -120.86622755,
                44.94324059
              ],
              [
                -120.86622088,
                44.94342051
              ]
            ],
            [
              [
                -120.87078753,
                44.94332574
              ],
              [
                -120.87053419,
                44.94332101
              ],
              [
                -120.87054085,
                44.9431411
              ],
              [
                -120.87079418,
                44.94314582
              ],
              [
                -120.87078753,
                44.94332574
              ]
            ]
          ]
        ]
      },
      "properties": {
        "candidate_id": "WCP-001",
        "component_id": "WCP-001-RBR-001",
        "pixel_count": 3421,
        "area_m2": 1368400.0,
        "analytical_method": "burnlens-baseline-v0.1.0 rbr-threshold",
        "analytical_status": "accepted-baseline",
        "source_precedence": "Official sources govern"
      }
    },
    {
      "type": "Feature",
      "id": "WCP-001-RBR-002",
      "geometry": {
        "type": "MultiPolygon",
        "coordinates": [
          [
            [
              [
                -120.87257485,
                44.9498405
              ],
              [
                -120.8725815,
                44.94966058
              ],
              [
                -120.87232814,
                44.94965586
              ],
              [
                -120.87232149,
                44.94983577
              ],
              [
                -120.87257485,
                44.9498405
              ]
            ]
          ]
        ]
      },
      "properties": {
        "candidate_id": "WCP-001",
        "component_id": "WCP-001-RBR-002",
        "pixel_count": 1,
        "area_m2": 400.0,
        "analytical_method": "burnlens-baseline-v0.1.0 rbr-threshold",
        "analytical_status": "accepted-baseline",
        "source_precedence": "Official sources govern"
      }
    },
    {
      "type": "Feature",
      "id": "WCP-001-RBR-003",
      "geometry": {
        "type": "MultiPolygon",
        "coordinates": [
          [
            [
              [
                -120.87238134,
                44.94821653
              ],
              [
                -120.87238799,
                44.94803662
              ],
              [
                -120.87213464,
                44.94803189
              ],
              [
                -120.87212799,
                44.94821181
              ],
              [
                -120.87238134,
                44.94821653
              ]
            ]
          ]
        ]
      },
      "properties": {
        "candidate_id": "WCP-001",
        "component_id": "WCP-001-RBR-003",
        "pixel_count": 1,
        "area_m2": 400.0,
        "analytical_method": "burnlens-baseline-v0.1.0 rbr-threshold",
        "analytical_status": "accepted-baseline",
        "source_precedence": "Official sources govern"
      }
    },
    {
      "type": "Feature",
      "id": "WCP-001-RBR-004",
      "geometry": {
        "type": "MultiPolygon",
        "coordinates": [
          [
            [
              [
                -120.87128809,
                44.95035663
              ],
              [
                -120.87129474,
                44.95017671
              ],
              [
                -120.87104138,
                44.95017199
              ],
              [
                -120.87103472,
                44.9503519
              ],
              [
                -120.87128809,
                44.95035663
              ]
            ]
          ]
        ]
      },
      "properties": {
        "candidate_id": "WCP-001",
        "component_id": "WCP-001-RBR-004",
        "pixel_count": 1,
        "area_m2": 400.0,
        "analytical_method": "burnlens-baseline-v0.1.0 rbr-threshold",
        "analytical_status": "accepted-baseline",
        "source_precedence": "Official sources govern"
      }
    },
    {
      "type": "Feature",
      "id": "WCP-001-RBR-005",
      "geometry": {
        "type": "MultiPolygon",
        "coordinates": [
          [
            [
              [
                -120.86972795,
                44.95140776
              ],
              [
                -120.86973461,
                44.95122785
              ],
              [
                -120.86948125,
                44.95122312
              ],
              [
                -120.86947459,
                44.95140303
              ],
              [
                -120.86972795,
                44.95140776
              ]
            ]
          ]
        ]
      },
      "properties": {
        "candidate_id": "WCP-001",
        "component_id": "WCP-001-RBR-005",
        "pixel_count": 1,
        "area_m2": 400.0,
        "analytical_method": "burnlens-baseline-v0.1.0 rbr-threshold",
        "analytical_status": "accepted-baseline",
        "source_precedence": "Official sources govern"
      }
    },
    {
      "type": "Feature",
      "id": "WCP-001-RBR-006",
      "geometry": {
        "type": "MultiPolygon",
        "coordinates": [
          [
            [
              [
                -120.86971464,
                44.95176759
              ],
              [
                -120.8697213,
                44.95158768
              ],
              [
                -120.86896119,
                44.95157349
              ],
              [
                -120.86895453,
                44.9517534
              ],
              [
                -120.86971464,
                44.95176759
              ]
            ]
          ]
        ]
      },
      "properties": {
        "candidate_id": "WCP-001",
        "component_id": "WCP-001-RBR-006",
        "pixel_count": 3,
        "area_m2": 1200.0,
        "analytical_method": "burnlens-baseline-v0.1.0 rbr-threshold",
        "analytical_status": "accepted-baseline",
        "source_precedence": "Official sources govern"
      }
    },
    {
      "type": "Feature",
      "id": "WCP-001-RBR-007",
      "geometry": {
        "type": "MultiPolygon",
        "coordinates": [
          [
            [
              [
                -120.86928782,
                44.94959915
              ],
              [
                -120.86929448,
                44.94941923
              ],
              [
                -120.86904112,
                44.9494145
              ],
              [
                -120.86903446,
                44.94959442
              ],
              [
                -120.86928782,
                44.94959915
              ]
            ]
          ]
        ]
      },
      "properties": {
        "candidate_id": "WCP-001",
        "component_id": "WCP-001-RBR-007",
        "pixel_count": 1,
        "area_m2": 400.0,
        "analytical_method": "burnlens-baseline-v0.1.0 rbr-threshold",
        "analytical_status": "accepted-baseline",
        "source_precedence": "Official sources govern"
      }
    },
    {
      "type": "Feature",
      "id": "WCP-001-RBR-008",
      "geometry": {
        "type": "MultiPolygon",
        "coordinates": [
          [
            [
              [
                -120.86923454,
                44.95103847
              ],
              [
                -120.8692412,
                44.95085856
              ],
              [
                -120.86898783,
                44.95085383
              ],
              [
                -120.86898117,
                44.95103374
              ],
              [
                -120.86923454,
                44.95103847
              ]
            ]
          ]
        ]
      },
      "properties": {
        "candidate_id": "WCP-001",
        "component_id": "WCP-001-RBR-008",
        "pixel_count": 1,
        "area_m2": 400.0,
        "analytical_method": "burnlens-baseline-v0.1.0 rbr-threshold",
        "analytical_status": "accepted-baseline",
        "source_precedence": "Official sources govern"
      }
    },
    {
      "type": "Feature",
      "id": "WCP-001-RBR-009",
      "geometry": {
        "type": "MultiPolygon",
        "coordinates": [
          [
            [
              [
                -120.86876777,
                44.94994952
              ],
              [
                -120.86877444,
                44.94976961
              ],
              [
                -120.86852107,
                44.94976487
              ],
              [
                -120.86851441,
                44.94994479
              ],
              [
                -120.86876777,
                44.94994952
              ]
            ]
          ]
        ]
      },
      "properties": {
        "candidate_id": "WCP-001",
        "component_id": "WCP-001-RBR-009",
        "pixel_count": 1,
        "area_m2": 400.0,
        "analytical_method": "burnlens-baseline-v0.1.0 rbr-threshold",
        "analytical_status": "accepted-baseline",
        "source_precedence": "Official sources govern"
      }
    },
    {
      "type": "Feature",
      "id": "WCP-001-RBR-010",
      "geometry": {
        "type": "MultiPolygon",
        "coordinates": [
          [
            [
              [
                -120.86870116,
                44.95174867
              ],
              [
                -120.86871448,
                44.95138884
              ],
              [
                -120.86795438,
                44.95137465
              ],
              [
                -120.86797437,
                44.9508349
              ],
              [
                -120.86822774,
                44.95083964
              ],
              [
                -120.8682344,
                44.95065972
              ],
              [
                -120.86798103,
                44.95065499
              ],
              [
                -120.8679877,
                44.95047507
              ],
              [
                -120.86849443,
                44.95048454
              ],
              [
                -120.86850109,
                44.95030462
              ],
              [
                -120.86799436,
                44.95029516
              ],
              [
                -120.86800103,
                44.95011524
              ],
              [
                -120.86825439,
                44.95011997
              ],
              [
                -120.86826771,
                44.94976014
              ],
              [
                -120.86801435,
                44.94975541
              ],
              [
                -120.86800769,
                44.94993533
              ],
              [
                -120.86775433,
                44.9499306
              ],
              [
                -120.867741,
                44.95029043
              ],
              [
                -120.86748764,
                44.95028569
              ],
              [
                -120.86750097,
                44.94992586
              ],
              [
                -120.86724761,
                44.94992113
              ],
              [
                -120.86725427,
                44.94974121
              ],
              [
                -120.86674755,
                44.94973175
              ],
              [
                -120.86673422,
                44.95009158
              ],
              [
                -120.86648085,
                44.95008684
              ],
              [
                -120.86646752,
                44.95044667
              ],
              [
                -120.86672088,
                44.95045141
              ],
              [
                -120.86671421,
                44.95063132
              ],
              [
                -120.86696758,
                44.95063606
              ],
              [
                -120.86696091,
                44.95081597
              ],
              [
                -120.86670755,
                44.95081124
              ],
              [
                -120.86670088,
                44.95099115
              ],
              [
                -120.86594078,
                44.95097694
              ],
              [
                -120.8659141,
                44.9516966
              ],
              [
                -120.86616747,
                44.95170134
              ],
              [
                -120.86617414,
                44.95152143
              ],
              [
                -120.86642751,
                44.95152616
              ],
              [
                -120.86642084,
                44.95170608
              ],
              [
                -120.86743431,
                44.95172501
              ],
              [
                -120.86744098,
                44.9515451
              ],
              [
                -120.86794771,
                44.95155456
              ],
              [
                -120.86794105,
                44.95173448
              ],
              [
                -120.86819442,
                44.95173921
              ],
              [
                -120.86820108,
                44.9515593
              ],
              [
                -120.86845445,
                44.95156403
              ],
              [
                -120.86844779,
                44.95174394
              ],
              [
                -120.86870116,
                44.95174867
              ]
            ],
            [
              [
                -120.86693424,
                44.95153563
              ],
              [
                -120.86668087,
                44.9515309
              ],
              [
                -120.86668754,
                44.95135098
              ],
              [
                -120.86618081,
                44.95134151
              ],
              [
                -120.86618748,
                44.9511616
              ],
              [
                -120.86694758,
                44.9511758
              ],
              [
                -120.86693424,
                44.95153563
              ]
            ],
            [
              [
                -120.86770101,
                44.95136992
              ],
              [
                -120.86744764,
                44.95136518
              ],
              [
                -120.86745431,
                44.95118527
              ],
              [
                -120.86770768,
                44.95119
              ],
              [
                -120.86770101,
                44.95136992
              ]
            ],
            [
              [
                -120.86720094,
                44.95118054
              ],
              [
                -120.86694758,
                44.9511758
              ],
              [
                -120.86695424,
                44.95099589
              ],
              [
                -120.86720761,
                44.95100062
              ],
              [
                -120.86720094,
                44.95118054
              ]
            ],
            [
              [
                -120.86697424,
                44.95045614
              ],
              [
                -120.86672088,
                44.95045141
              ],
              [
                -120.86672755,
                44.95027149
              ],
              [
                -120.86698091,
                44.95027623
              ],
              [
                -120.86697424,
                44.95045614
              ]
            ]
          ]
        ]
      },
      "properties": {
        "candidate_id": "WCP-001",
        "component_id": "WCP-001-RBR-010",
        "pixel_count": 63,
        "area_m2": 25200.0,
        "analytical_method": "burnlens-baseline-v0.1.0 rbr-threshold",
        "analytical_status": "accepted-baseline",
        "source_precedence": "Official sources govern"
      }
    },
    {
      "type": "Feature",
      "id": "WCP-001-RBR-011",
      "geometry": {
        "type": "MultiPolygon",
        "coordinates": [
          [
            [
              [
                -120.86827438,
                44.94958023
              ],
              [
                -120.8682877,
                44.9492204
              ],
              [
                -120.86778099,
                44.94921093
              ],
              [
                -120.86777432,
                44.94939085
              ],
              [
                -120.86802768,
                44.94939558
              ],
              [
                -120.86802102,
                44.9495755
              ],
              [
                -120.86827438,
                44.94958023
              ]
            ]
          ]
        ]
      },
      "properties": {
        "candidate_id": "WCP-001",
        "component_id": "WCP-001-RBR-011",
        "pixel_count": 3,
        "area_m2": 1200.0,
        "analytical_method": "burnlens-baseline-v0.1.0 rbr-threshold",
        "analytical_status": "accepted-baseline",
        "source_precedence": "Official sources govern"
      }
    },
    {
      "type": "Feature",
      "id": "WCP-001-RBR-012",
      "geometry": {
        "type": "MultiPolygon",
        "coordinates": [
          [
            [
              [
                -120.86778099,
                44.94921093
              ],
              [
                -120.86778765,
                44.94903102
              ],
              [
                -120.86753429,
                44.94902629
              ],
              [
                -120.86752763,
                44.9492062
              ],
              [
                -120.86778099,
                44.94921093
              ]
            ]
          ]
        ]
      },
      "properties": {
        "candidate_id": "WCP-001",
        "component_id": "WCP-001-RBR-012",
        "pixel_count": 1,
        "area_m2": 400.0,
        "analytical_method": "burnlens-baseline-v0.1.0 rbr-threshold",
        "analytical_status": "accepted-baseline",
        "source_precedence": "Official sources govern"
      }
    },
    {
      "type": "Feature",
      "id": "WCP-001-RBR-013",
      "geometry": {
        "type": "MultiPolygon",
        "coordinates": [
          [
            [
              [
                -120.86776099,
                44.94975068
              ],
              [
                -120.86777432,
                44.94939085
              ],
              [
                -120.8672676,
                44.94938138
              ],
              [
                -120.86725427,
                44.94974121
              ],
              [
                -120.86776099,
                44.94975068
              ]
            ]
          ]
        ]
      },
      "properties": {
        "candidate_id": "WCP-001",
        "component_id": "WCP-001-RBR-013",
        "pixel_count": 4,
        "area_m2": 1600.0,
        "analytical_method": "burnlens-baseline-v0.1.0 rbr-threshold",
        "analytical_status": "accepted-baseline",
        "source_precedence": "Official sources govern"
      }
    },
    {
      "type": "Feature",
      "id": "WCP-001-RBR-014",
      "geometry": {
        "type": "MultiPolygon",
        "coordinates": [
          [
            [
              [
                -120.86753429,
                44.94902629
              ],
              [
                -120.86754096,
                44.94884637
              ],
              [
                -120.8672876,
                44.94884164
              ],
              [
                -120.86728094,
                44.94902155
              ],
              [
                -120.86753429,
                44.94902629
              ]
            ]
          ]
        ]
      },
      "properties": {
        "candidate_id": "WCP-001",
        "component_id": "WCP-001-RBR-014",
        "pixel_count": 1,
        "area_m2": 400.0,
        "analytical_method": "burnlens-baseline-v0.1.0 rbr-threshold",
        "analytical_status": "accepted-baseline",
        "source_precedence": "Official sources govern"
      }
    },
    {
      "type": "Feature",
      "id": "WCP-001-RBR-015",
      "geometry": {
        "type": "MultiPolygon",
        "coordinates": [
          [
            [
              [
                -120.8672676,
                44.94938138
              ],
              [
                -120.86728094,
                44.94902155
              ],
              [
                -120.86702758,
                44.94901682
              ],
              [
                -120.86701425,
                44.94937665
              ],
              [
                -120.8672676,
                44.94938138
              ]
            ]
          ]
        ]
      },
      "properties": {
        "candidate_id": "WCP-001",
        "component_id": "WCP-001-RBR-015",
        "pixel_count": 2,
        "area_m2": 800.0,
        "analytical_method": "burnlens-baseline-v0.1.0 rbr-threshold",
        "analytical_status": "accepted-baseline",
        "source_precedence": "Official sources govern"
      }
    },
    {
      "type": "Feature",
      "id": "WCP-001-RBR-016",
      "geometry": {
        "type": "MultiPolygon",
        "coordinates": [
          [
            [
              [
                -120.86677422,
                44.94901209
              ],
              [
                -120.86678089,
                44.94883217
              ],
              [
                -120.86652753,
                44.94882744
              ],
              [
                -120.86652086,
                44.94900735
              ],
              [
                -120.86677422,
                44.94901209
              ]
            ]
          ]
        ]
      },
      "properties": {
        "candidate_id": "WCP-001",
        "component_id": "WCP-001-RBR-016",
        "pixel_count": 1,
        "area_m2": 400.0,
        "analytical_method": "burnlens-baseline-v0.1.0 rbr-threshold",
        "analytical_status": "accepted-baseline",
        "source_precedence": "Official sources govern"
      }
    },
    {
      "type": "Feature",
      "id": "WCP-001-RBR-017",
      "geometry": {
        "type": "MultiPolygon",
        "coordinates": [
          [
            [
              [
                -120.86626751,
                44.94900261
              ],
              [
                -120.86627418,
                44.9488227
              ],
              [
                -120.86576746,
                44.94881323
              ],
              [
                -120.86576079,
                44.94899314
              ],
              [
                -120.86626751,
                44.94900261
              ]
            ]
          ]
        ]
      },
      "properties": {
        "candidate_id": "WCP-001",
        "component_id": "WCP-001-RBR-017",
        "pixel_count": 2,
        "area_m2": 800.0,
        "analytical_method": "burnlens-baseline-v0.1.0 rbr-threshold",
        "analytical_status": "accepted-baseline",
        "source_precedence": "Official sources govern"
      }
    },
    {
      "type": "Feature",
      "id": "WCP-001-RBR-018",
      "geometry": {
        "type": "MultiPolygon",
        "coordinates": [
          [
            [
              [
                -120.86598747,
                44.94971754
              ],
              [
                -120.86599414,
                44.94953762
              ],
              [
                -120.86574078,
                44.94953289
              ],
              [
                -120.86573411,
                44.9497128
              ],
              [
                -120.86598747,
                44.94971754
              ]
            ]
          ]
        ]
      },
      "properties": {
        "candidate_id": "WCP-001",
        "component_id": "WCP-001-RBR-018",
        "pixel_count": 1,
        "area_m2": 400.0,
        "analytical_method": "burnlens-baseline-v0.1.0 rbr-threshold",
        "analytical_status": "accepted-baseline",
        "source_precedence": "Official sources govern"
      }
    },
    {
      "type": "Feature",
      "id": "WCP-001-RBR-019",
      "geometry": {
        "type": "MultiPolygon",
        "coordinates": [
          [
            [
              [
                -120.86595412,
                44.95061711
              ],
              [
                -120.86596746,
                44.95025728
              ],
              [
                -120.8657141,
                44.95025255
              ],
              [
                -120.86570076,
                44.95061238
              ],
              [
                -120.86595412,
                44.95061711
              ]
            ]
          ]
        ]
      },
      "properties": {
        "candidate_id": "WCP-001",
        "component_id": "WCP-001-RBR-019",
        "pixel_count": 2,
        "area_m2": 800.0,
        "analytical_method": "burnlens-baseline-v0.1.0 rbr-threshold",
        "analytical_status": "accepted-baseline",
        "source_precedence": "Official sources govern"
      }
    },
    {
      "type": "Feature",
      "id": "WCP-001-RBR-020",
      "geometry": {
        "type": "MultiPolygon",
        "coordinates": [
          [
            [
              [
                -120.86576746,
                44.94881323
              ],
              [
                -120.86577413,
                44.94863331
              ],
              [
                -120.86552078,
                44.94862858
              ],
              [
                -120.86551411,
                44.94880849
              ],
              [
                -120.86576746,
                44.94881323
              ]
            ]
          ]
        ]
      },
      "properties": {
        "candidate_id": "WCP-001",
        "component_id": "WCP-001-RBR-020",
        "pixel_count": 1,
        "area_m2": 400.0,
        "analytical_method": "burnlens-baseline-v0.1.0 rbr-threshold",
        "analytical_status": "accepted-baseline",
        "source_precedence": "Official sources govern"
      }
    },
    {
      "type": "Feature",
      "id": "WCP-001-RBR-021",
      "geometry": {
        "type": "MultiPolygon",
        "coordinates": [
          [
            [
              [
                -120.86546074,
                44.95024781
              ],
              [
                -120.86546741,
                44.9500679
              ],
              [
                -120.86572077,
                44.95007263
              ],
              [
                -120.86572744,
                44.94989272
              ],
              [
                -120.86446064,
                44.94986903
              ],
              [
                -120.86446731,
                44.94968911
              ],
              [
                -120.86396059,
                44.94967963
              ],
              [
                -120.86395392,
                44.94985954
              ],
              [
                -120.86420728,
                44.94986429
              ],
              [
                -120.8642006,
                44.9500442
              ],
              [
                -120.86521405,
                44.95006316
              ],
              [
                -120.86520737,
                44.95024307
              ],
              [
                -120.86546074,
                44.95024781
              ]
            ]
          ]
        ]
      },
      "properties": {
        "candidate_id": "WCP-001",
        "component_id": "WCP-001-RBR-021",
        "pixel_count": 9,
        "area_m2": 3600.0,
        "analytical_method": "burnlens-baseline-v0.1.0 rbr-threshold",
        "analytical_status": "accepted-baseline",
        "source_precedence": "Official sources govern"
      }
    },
    {
      "type": "Feature",
      "id": "WCP-001-RBR-022",
      "geometry": {
        "type": "MultiPolygon",
        "coordinates": [
          [
            [
              [
                -120.86566073,
                44.95169187
              ],
              [
                -120.86567407,
                44.95133204
              ],
              [
                -120.86542071,
                44.9513273
              ],
              [
                -120.86540736,
                44.95168713
              ],
              [
                -120.86566073,
                44.95169187
              ]
            ]
          ]
        ]
      },
      "properties": {
        "candidate_id": "WCP-001",
        "component_id": "WCP-001-RBR-022",
        "pixel_count": 2,
        "area_m2": 800.0,
        "analytical_method": "burnlens-baseline-v0.1.0 rbr-threshold",
        "analytical_status": "accepted-baseline",
        "source_precedence": "Official sources govern"
      }
    },
    {
      "type": "Feature",
      "id": "WCP-001-RBR-023",
      "geometry": {
        "type": "MultiPolygon",
        "coordinates": [
          [
            [
              [
                -120.86550744,
                44.94898841
              ],
              [
                -120.86551411,
                44.94880849
              ],
              [
                -120.86526075,
                44.94880375
              ],
              [
                -120.86525408,
                44.94898367
              ],
              [
                -120.86550744,
                44.94898841
              ]
            ]
          ]
        ]
      },
      "properties": {
        "candidate_id": "WCP-001",
        "component_id": "WCP-001-RBR-023",
        "pixel_count": 1,
        "area_m2": 400.0,
        "analytical_method": "burnlens-baseline-v0.1.0 rbr-threshold",
        "analytical_status": "accepted-baseline",
        "source_precedence": "Official sources govern"
      }
    },
    {
      "type": "Feature",
      "id": "WCP-001-RBR-024",
      "geometry": {
        "type": "MultiPolygon",
        "coordinates": [
          [
            [
              [
                -120.86524074,
                44.9493435
              ],
              [
                -120.86524741,
                44.94916358
              ],
              [
                -120.86499405,
                44.94915884
              ],
              [
                -120.86500072,
                44.94897893
              ],
              [
                -120.86424065,
                44.94896471
              ],
              [
                -120.86423398,
                44.94914463
              ],
              [
                -120.86448734,
                44.94914937
              ],
              [
                -120.86448066,
                44.94932928
              ],
              [
                -120.86524074,
                44.9493435
              ]
            ]
          ]
        ]
      },
      "properties": {
        "candidate_id": "WCP-001",
        "component_id": "WCP-001-RBR-024",
        "pixel_count": 6,
        "area_m2": 2400.0,
        "analytical_method": "burnlens-baseline-v0.1.0 rbr-threshold",
        "analytical_status": "accepted-baseline",
        "source_precedence": "Official sources govern"
      }
    },
    {
      "type": "Feature",
      "id": "WCP-001-RBR-025",
      "geometry": {
        "type": "MultiPolygon",
        "coordinates": [
          [
            [
              [
                -120.86516734,
                44.95132256
              ],
              [
                -120.86518068,
                44.95096273
              ],
              [
                -120.86467395,
                44.95095325
              ],
              [
                -120.86466728,
                44.95113317
              ],
              [
                -120.86492064,
                44.95113791
              ],
              [
                -120.86491397,
                44.95131782
              ],
              [
                -120.86516734,
                44.95132256
              ]
            ]
          ]
        ]
      },
      "properties": {
        "candidate_id": "WCP-001",
        "component_id": "WCP-001-RBR-025",
        "pixel_count": 3,
        "area_m2": 1200.0,
        "analytical_method": "burnlens-baseline-v0.1.0 rbr-threshold",
        "analytical_status": "accepted-baseline",
        "source_precedence": "Official sources govern"
      }
    },
    {
      "type": "Feature",
      "id": "WCP-001-RBR-026",
      "geometry": {
        "type": "MultiPolygon",
        "coordinates": [
          [
            [
              [
                -120.86465393,
                44.951493
              ],
              [
                -120.8646606,
                44.95131308
              ],
              [
                -120.86440724,
                44.95130834
              ],
              [
                -120.86440056,
                44.95148826
              ],
              [
                -120.86465393,
                44.951493
              ]
            ]
          ]
        ]
      },
      "properties": {
        "candidate_id": "WCP-001",
        "component_id": "WCP-001-RBR-026",
        "pixel_count": 1,
        "area_m2": 400.0,
        "analytical_method": "burnlens-baseline-v0.1.0 rbr-threshold",
        "analytical_status": "accepted-baseline",
        "source_precedence": "Official sources govern"
      }
    },
    {
      "type": "Feature",
      "id": "WCP-001-RBR-027",
      "geometry": {
        "type": "MultiPolygon",
        "coordinates": [
          [
            [
              [
                -120.86424733,
                44.9487848
              ],
              [
                -120.864254,
                44.94860488
              ],
              [
                -120.86400065,
                44.94860014
              ],
              [
                -120.86399397,
                44.94878006
              ],
              [
                -120.86424733,
                44.9487848
              ]
            ]
          ]
        ]
      },
      "properties": {
        "candidate_id": "WCP-001",
        "component_id": "WCP-001-RBR-027",
        "pixel_count": 1,
        "area_m2": 400.0,
        "analytical_method": "burnlens-baseline-v0.1.0 rbr-threshold",
        "analytical_status": "accepted-baseline",
        "source_precedence": "Official sources govern"
      }
    },
    {
      "type": "Feature",
      "id": "WCP-001-RBR-028",
      "geometry": {
        "type": "MultiPolygon",
        "coordinates": [
          [
            [
              [
                -120.86419393,
                44.95022412
              ],
              [
                -120.8642006,
                44.9500442
              ],
              [
                -120.86394724,
                44.95003946
              ],
              [
                -120.86394056,
                44.95021937
              ],
              [
                -120.86419393,
                44.95022412
              ]
            ]
          ]
        ]
      },
      "properties": {
        "candidate_id": "WCP-001",
        "component_id": "WCP-001-RBR-028",
        "pixel_count": 1,
        "area_m2": 400.0,
        "analytical_method": "burnlens-baseline-v0.1.0 rbr-threshold",
        "analytical_status": "accepted-baseline",
        "source_precedence": "Official sources govern"
      }
    },
    {
      "type": "Feature",
      "id": "WCP-002-RBR-001",
      "geometry": {
        "type": "MultiPolygon",
        "coordinates": [
          [
            [
              [
                -120.83804724,
                44.9578337
              ],
              [
                -120.83805399,
                44.95765378
              ],
              [
                -120.83754721,
                44.95764419
              ],
              [
                -120.83754045,
                44.9578241
              ],
              [
                -120.83804724,
                44.9578337
              ]
            ]
          ]
        ]
      },
      "properties": {
        "candidate_id": "WCP-002",
        "component_id": "WCP-002-RBR-001",
        "pixel_count": 2,
        "area_m2": 800.0,
        "analytical_method": "burnlens-baseline-v0.1.0 rbr-threshold",
        "analytical_status": "accepted-baseline",
        "source_precedence": "Official sources govern"
      }
    },
    {
      "type": "Feature",
      "id": "WCP-002-RBR-002",
      "geometry": {
        "type": "MultiPolygon",
        "coordinates": [
          [
            [
              [
                -120.83799992,
                44.95909308
              ],
              [
                -120.83804048,
                44.95801361
              ],
              [
                -120.83778708,
                44.95800881
              ],
              [
                -120.83774652,
                44.95908828
              ],
              [
                -120.83799992,
                44.95909308
              ]
            ]
          ]
        ]
      },
      "properties": {
        "candidate_id": "WCP-002",
        "component_id": "WCP-002-RBR-002",
        "pixel_count": 6,
        "area_m2": 2400.0,
        "analytical_method": "burnlens-baseline-v0.1.0 rbr-threshold",
        "analytical_status": "accepted-baseline",
        "source_precedence": "Official sources govern"
      }
    },
    {
      "type": "Feature",
      "id": "WCP-002-RBR-003",
      "geometry": {
        "type": "MultiPolygon",
        "coordinates": [
          [
            [
              [
                -120.83797288,
                44.95981272
              ],
              [
                -120.8379864,
                44.9594529
              ],
              [
                -120.837733,
                44.9594481
              ],
              [
                -120.83771948,
                44.95980792
              ],
              [
                -120.83797288,
                44.95981272
              ]
            ]
          ]
        ]
      },
      "properties": {
        "candidate_id": "WCP-002",
        "component_id": "WCP-002-RBR-003",
        "pixel_count": 2,
        "area_m2": 800.0,
        "analytical_method": "burnlens-baseline-v0.1.0 rbr-threshold",
        "analytical_status": "accepted-baseline",
        "source_precedence": "Official sources govern"
      }
    },
    {
      "type": "Feature",
      "id": "WCP-002-RBR-004",
      "geometry": {
        "type": "MultiPolygon",
        "coordinates": [
          [
            [
              [
                -120.8379526,
                44.96035246
              ],
              [
                -120.83795936,
                44.96017255
              ],
              [
                -120.83770596,
                44.96016775
              ],
              [
                -120.8376992,
                44.96034766
              ],
              [
                -120.8379526,
                44.96035246
              ]
            ]
          ]
        ]
      },
      "properties": {
        "candidate_id": "WCP-002",
        "component_id": "WCP-002-RBR-004",
        "pixel_count": 1,
        "area_m2": 400.0,
        "analytical_method": "burnlens-baseline-v0.1.0 rbr-threshold",
        "analytical_status": "accepted-baseline",
        "source_precedence": "Official sources govern"
      }
    },
    {
      "type": "Feature",
      "id": "WCP-002-RBR-005",
      "geometry": {
        "type": "MultiPolygon",
        "coordinates": [
          [
            [
              [
                -120.83793908,
                44.96071228
              ],
              [
                -120.83794584,
                44.96053237
              ],
              [
                -120.83718563,
                44.96051797
              ],
              [
                -120.83717887,
                44.96069788
              ],
              [
                -120.83793908,
                44.96071228
              ]
            ]
          ]
        ]
      },
      "properties": {
        "candidate_id": "WCP-002",
        "component_id": "WCP-002-RBR-005",
        "pixel_count": 3,
        "area_m2": 1200.0,
        "analytical_method": "burnlens-baseline-v0.1.0 rbr-threshold",
        "analytical_status": "accepted-baseline",
        "source_precedence": "Official sources govern"
      }
    },
    {
      "type": "Feature",
      "id": "WCP-002-RBR-006",
      "geometry": {
        "type": "MultiPolygon",
        "coordinates": [
          [
            [
              [
                -120.83762129,
                44.96916811
              ],
              [
                -120.83762805,
                44.9689882
              ],
              [
                -120.83712117,
                44.96897859
              ],
              [
                -120.8371347,
                44.96861877
              ],
              [
                -120.83688126,
                44.96861397
              ],
              [
                -120.83688803,
                44.96843406
              ],
              [
                -120.83714146,
                44.96843886
              ],
              [
                -120.83714823,
                44.96825895
              ],
              [
                -120.83740167,
                44.96826375
              ],
              [
                -120.83740843,
                44.96808384
              ],
              [
                -120.83715499,
                44.96807904
              ],
              [
                -120.83716852,
                44.96771922
              ],
              [
                -120.83742196,
                44.96772402
              ],
              [
                -120.83743548,
                44.9673642
              ],
              [
                -120.83768892,
                44.967369
              ],
              [
                -120.83770244,
                44.96700917
              ],
              [
                -120.83744901,
                44.96700437
              ],
              [
                -120.83746254,
                44.96664455
              ],
              [
                -120.83720911,
                44.96663975
              ],
              [
                -120.83718881,
                44.96717948
              ],
              [
                -120.83693538,
                44.96717468
              ],
              [
                -120.83694891,
                44.96681486
              ],
              [
                -120.83669548,
                44.96681006
              ],
              [
                -120.83670225,
                44.96663015
              ],
              [
                -120.83619539,
                44.96662054
              ],
              [
                -120.83620215,
                44.96644063
              ],
              [
                -120.83594872,
                44.96643582
              ],
              [
                -120.83595549,
                44.96625591
              ],
              [
                -120.83570206,
                44.96625111
              ],
              [
                -120.8357156,
                44.96589129
              ],
              [
                -120.83596903,
                44.96589609
              ],
              [
                -120.8359758,
                44.96571618
              ],
              [
                -120.83572237,
                44.96571138
              ],
              [
                -120.83573591,
                44.96535155
              ],
              [
                -120.83548248,
                44.96534675
              ],
              [
                -120.83548925,
                44.96516684
              ],
              [
                -120.83523583,
                44.96516203
              ],
              [
                -120.83524937,
                44.96480221
              ],
              [
                -120.83499595,
                44.9647974
              ],
              [
                -120.83501626,
                44.96425767
              ],
              [
                -120.83526968,
                44.96426248
              ],
              [
                -120.83527644,
                44.96408257
              ],
              [
                -120.83502303,
                44.96407776
              ],
              [
                -120.83504334,
                44.96353803
              ],
              [
                -120.83478992,
                44.96353322
              ],
              [
                -120.83480346,
                44.9631734
              ],
              [
                -120.83455005,
                44.96316859
              ],
              [
                -120.8345365,
                44.96352841
              ],
              [
                -120.83428309,
                44.96352361
              ],
              [
                -120.83430341,
                44.96298387
              ],
              [
                -120.83404999,
                44.96297907
              ],
              [
                -120.83404322,
                44.96315898
              ],
              [
                -120.83378981,
                44.96315417
              ],
              [
                -120.83381013,
                44.96261443
              ],
              [
                -120.83355671,
                44.96260963
              ],
              [
                -120.83354994,
                44.96278954
              ],
              [
                -120.83329653,
                44.96278473
              ],
              [
                -120.83331008,
                44.96242491
              ],
              [
                -120.83356349,
                44.96242971
              ],
              [
                -120.83357704,
                44.96206989
              ],
              [
                -120.83307022,
                44.96206027
              ],
              [
                -120.83307699,
                44.96188036
              ],
              [
                -120.83282359,
                44.96187555
              ],
              [
                -120.83285747,
                44.960976
              ],
              [
                -120.83311087,
                44.96098081
              ],
              [
                -120.83311765,
                44.9608009
              ],
              [
                -120.83337105,
                44.96080571
              ],
              [
                -120.83337782,
                44.9606258
              ],
              [
                -120.83312442,
                44.96062099
              ],
              [
                -120.8331312,
                44.96044108
              ],
              [
                -120.8328778,
                44.96043627
              ],
              [
                -120.83286424,
                44.96079609
              ],
              [
                -120.83261084,
                44.96079128
              ],
              [
                -120.83260406,
                44.96097119
              ],
              [
                -120.83235066,
                44.96096638
              ],
              [
                -120.83235744,
                44.96078646
              ],
              [
                -120.83159723,
                44.96077203
              ],
              [
                -120.83159045,
                44.96095194
              ],
              [
                -120.83133704,
                44.96094712
              ],
              [
                -120.83132348,
                44.96130694
              ],
              [
                -120.83107008,
                44.96130213
              ],
              [
                -120.83108364,
                44.96094231
              ],
              [
                -120.83083024,
                44.96093749
              ],
              [
                -120.83082345,
                44.9611174
              ],
              [
                -120.83057005,
                44.96111259
              ],
              [
                -120.83057683,
                44.96093268
              ],
              [
                -120.83032343,
                44.96092786
              ],
              [
                -120.83033021,
                44.96074795
              ],
              [
                -120.83007681,
                44.96074313
              ],
              [
                -120.83006324,
                44.96110296
              ],
              [
                -120.82980984,
                44.96109814
              ],
              [
                -120.82978948,
                44.96163787
              ],
              [
                -120.83004289,
                44.96164269
              ],
              [
                -120.83002932,
                44.96200251
              ],
              [
                -120.83028273,
                44.96200732
              ],
              [
                -120.83026916,
                44.96236715
              ],
              [
                -120.82950893,
                44.96235269
              ],
              [
                -120.82950214,
                44.9625326
              ],
              [
                -120.83026237,
                44.96254706
              ],
              [
                -120.83025559,
                44.96272697
              ],
              [
                -120.830509,
                44.96273178
              ],
              [
                -120.83051578,
                44.96255187
              ],
              [
                -120.8310226,
                44.9625615
              ],
              [
                -120.83101582,
                44.96274141
              ],
              [
                -120.83076241,
                44.9627366
              ],
              [
                -120.83075563,
                44.96291651
              ],
              [
                -120.83100904,
                44.96292132
              ],
              [
                -120.83100226,
                44.96310123
              ],
              [
                -120.83150908,
                44.96311086
              ],
              [
                -120.8315023,
                44.96329077
              ],
              [
                -120.83124889,
                44.96328596
              ],
              [
                -120.83124211,
                44.96346587
              ],
              [
                -120.83149552,
                44.96347069
              ],
              [
                -120.83148874,
                44.9636506
              ],
              [
                -120.83174216,
                44.96365541
              ],
              [
                -120.83174894,
                44.9634755
              ],
              [
                -120.83200235,
                44.96348031
              ],
              [
                -120.83198879,
                44.96384013
              ],
              [
                -120.83224221,
                44.96384495
              ],
              [
                -120.83225577,
                44.96348512
              ],
              [
                -120.83250918,
                44.96348994
              ],
              [
                -120.83249563,
                44.96384976
              ],
              [
                -120.83274904,
                44.96385457
              ],
              [
                -120.83274227,
                44.96403448
              ],
              [
                -120.8332491,
                44.9640441
              ],
              [
                -120.83322877,
                44.96458383
              ],
              [
                -120.83297535,
                44.96457902
              ],
              [
                -120.83296858,
                44.96475893
              ],
              [
                -120.83347542,
                44.96476855
              ],
              [
                -120.83346864,
                44.96494847
              ],
              [
                -120.83321522,
                44.96494366
              ],
              [
                -120.83320845,
                44.96512357
              ],
              [
                -120.83371529,
                44.96513319
              ],
              [
                -120.83370852,
                44.9653131
              ],
              [
                -120.83345509,
                44.96530829
              ],
              [
                -120.83343477,
                44.96584802
              ],
              [
                -120.83368819,
                44.96585283
              ],
              [
                -120.83366787,
                44.96639256
              ],
              [
                -120.83341444,
                44.96638775
              ],
              [
                -120.83340767,
                44.96656766
              ],
              [
                -120.83416795,
                44.96658209
              ],
              [
                -120.83414763,
                44.96712182
              ],
              [
                -120.83440106,
                44.96712663
              ],
              [
                -120.83437397,
                44.96784627
              ],
              [
                -120.83462741,
                44.96785108
              ],
              [
                -120.83460032,
                44.96857072
              ],
              [
                -120.83485376,
                44.96857553
              ],
              [
                -120.83486053,
                44.96839562
              ],
              [
                -120.8353674,
                44.96840523
              ],
              [
                -120.83536063,
                44.96858514
              ],
              [
                -120.83510719,
                44.96858034
              ],
              [
                -120.83508688,
                44.96912007
              ],
              [
                -120.83762129,
                44.96916811
              ]
            ],
            [
              [
                -120.83686773,
                44.96897379
              ],
              [
                -120.83661429,
                44.96896899
              ],
              [
                -120.83662106,
                44.96878908
              ],
              [
                -120.8368745,
                44.96879388
              ],
              [
                -120.83686773,
                44.96897379
              ]
            ],
            [
              [
                -120.83663459,
                44.96842926
              ],
              [
                -120.83638115,
                44.96842445
              ],
              [
                -120.83639469,
                44.96806463
              ],
              [
                -120.83664812,
                44.96806943
              ],
              [
                -120.83663459,
                44.96842926
              ]
            ],
            [
              [
                -120.83612771,
                44.96841965
              ],
              [
                -120.83587428,
                44.96841484
              ],
              [
                -120.83588105,
                44.96823493
              ],
              [
                -120.83613448,
                44.96823974
              ],
              [
                -120.83612771,
                44.96841965
              ]
            ],
            [
              [
                -120.83588781,
                44.96805502
              ],
              [
                -120.83563438,
                44.96805022
              ],
              [
                -120.83564115,
                44.96787031
              ],
              [
                -120.83589458,
                44.96787511
              ],
              [
                -120.83588781,
                44.96805502
              ]
            ],
            [
              [
                -120.83614802,
                44.96787992
              ],
              [
                -120.83589458,
                44.96787511
              ],
              [
                -120.83590135,
                44.9676952
              ],
              [
                -120.83615478,
                44.9677
              ],
              [
                -120.83614802,
                44.96787992
              ]
            ],
            [
              [
                -120.83691509,
                44.96771441
              ],
              [
                -120.83666165,
                44.96770961
              ],
              [
                -120.83666842,
                44.9675297
              ],
              [
                -120.83692185,
                44.9675345
              ],
              [
                -120.83691509,
                44.96771441
              ]
            ],
            [
              [
                -120.83616155,
                44.96752009
              ],
              [
                -120.83590812,
                44.96751529
              ],
              [
                -120.83591489,
                44.96733538
              ],
              [
                -120.83616832,
                44.96734018
              ],
              [
                -120.83616155,
                44.96752009
              ]
            ],
            [
              [
                -120.83692862,
                44.96735459
              ],
              [
                -120.83667518,
                44.96734979
              ],
              [
                -120.83668195,
                44.96716988
              ],
              [
                -120.83693538,
                44.96717468
              ],
              [
                -120.83692862,
                44.96735459
              ]
            ],
            [
              [
                -120.83642175,
                44.96734499
              ],
              [
                -120.83616832,
                44.96734018
              ],
              [
                -120.83618185,
                44.96698036
              ],
              [
                -120.83643528,
                44.96698516
              ],
              [
                -120.83642175,
                44.96734499
              ]
            ],
            [
              [
                -120.83566145,
                44.96733057
              ],
              [
                -120.83515459,
                44.96732096
              ],
              [
                -120.83516136,
                44.96714105
              ],
              [
                -120.83541479,
                44.96714586
              ],
              [
                -120.83542156,
                44.96696595
              ],
              [
                -120.83567499,
                44.96697075
              ],
              [
                -120.83566145,
                44.96733057
              ]
            ],
            [
              [
                -120.8346545,
                44.96713144
              ],
              [
                -120.83440106,
                44.96712663
              ],
              [
                -120.83440784,
                44.96694672
              ],
              [
                -120.83466127,
                44.96695153
              ],
              [
                -120.8346545,
                44.96713144
              ]
            ],
            [
              [
                -120.83592842,
                44.96697556
              ],
              [
                -120.83567499,
                44.96697075
              ],
              [
                -120.8356953,
                44.96643102
              ],
              [
                -120.83594872,
                44.96643582
              ],
              [
                -120.83592842,
                44.96697556
              ]
            ],
            [
              [
                -120.8349147,
                44.96695633
              ],
              [
                -120.83466127,
                44.96695153
              ],
              [
                -120.83466804,
                44.96677162
              ],
              [
                -120.83492147,
                44.96677642
              ],
              [
                -120.8349147,
                44.96695633
              ]
            ],
            [
              [
                -120.83545541,
                44.96606639
              ],
              [
                -120.83520198,
                44.96606159
              ],
              [
                -120.83520875,
                44.96588168
              ],
              [
                -120.83546218,
                44.96588648
              ],
              [
                -120.83545541,
                44.96606639
              ]
            ],
            [
              [
                -120.83469513,
                44.96605197
              ],
              [
                -120.8344417,
                44.96604717
              ],
              [
                -120.83444847,
                44.96586725
              ],
              [
                -120.8347019,
                44.96587206
              ],
              [
                -120.83469513,
                44.96605197
              ]
            ],
            [
              [
                -120.83446202,
                44.96550743
              ],
              [
                -120.83420859,
                44.96550263
              ],
              [
                -120.83421536,
                44.96532271
              ],
              [
                -120.83446879,
                44.96532752
              ],
              [
                -120.83446202,
                44.96550743
              ]
            ],
            [
              [
                -120.83276937,
                44.96331484
              ],
              [
                -120.83251596,
                44.96331003
              ],
              [
                -120.83252274,
                44.96313012
              ],
              [
                -120.83277615,
                44.96313493
              ],
              [
                -120.83276937,
                44.96331484
              ]
            ],
            [
              [
                -120.83226932,
                44.9631253
              ],
              [
                -120.83201591,
                44.96312049
              ],
              [
                -120.83202269,
                44.96294058
              ],
              [
                -120.8322761,
                44.96294539
              ],
              [
                -120.83226932,
                44.9631253
              ]
            ],
            [
              [
                -120.83278293,
                44.96295502
              ],
              [
                -120.8322761,
                44.96294539
              ],
              [
                -120.83228288,
                44.96276548
              ],
              [
                -120.83177606,
                44.96275586
              ],
              [
                -120.83176928,
                44.96293577
              ],
              [
                -120.83151586,
                44.96293095
              ],
              [
                -120.83152943,
                44.96257113
              ],
              [
                -120.83178284,
                44.96257595
              ],
              [
                -120.83178962,
                44.96239604
              ],
              [
                -120.83153621,
                44.96239122
              ],
              [
                -120.83154299,
                44.96221131
              ],
              [
                -120.8317964,
                44.96221612
              ],
              [
                -120.83180318,
                44.96203621
              ],
              [
                -120.83205658,
                44.96204103
              ],
              [
                -120.83207014,
                44.96168121
              ],
              [
                -120.83181673,
                44.96167639
              ],
              [
                -120.83182351,
                44.96149648
              ],
              [
                -120.83233033,
                44.96150611
              ],
              [
                -120.83230999,
                44.96204584
              ],
              [
                -120.8325634,
                44.96205065
              ],
              [
                -120.83255662,
                44.96223056
              ],
              [
                -120.83281003,
                44.96223537
              ],
              [
                -120.83280326,
                44.96241528
              ],
              [
                -120.83254985,
                44.96241047
              ],
              [
                -120.83253629,
                44.96277029
              ],
              [
                -120.8327897,
                44.96277511
              ],
              [
                -120.83278293,
                44.96295502
              ]
            ],
            [
              [
                -120.83154299,
                44.96221131
              ],
              [
                -120.83128958,
                44.9622065
              ],
              [
                -120.83129636,
                44.96202659
              ],
              [
                -120.83154977,
                44.9620314
              ],
              [
                -120.83154299,
                44.96221131
              ]
            ],
            [
              [
                -120.83055648,
                44.96147241
              ],
              [
                -120.83030308,
                44.96146759
              ],
              [
                -120.83030986,
                44.96128768
              ],
              [
                -120.83056327,
                44.9612925
              ],
              [
                -120.83055648,
                44.96147241
              ]
            ],
            [
              [
                -120.8320837,
                44.96132138
              ],
              [
                -120.83183029,
                44.96131657
              ],
              [
                -120.83183707,
                44.96113666
              ],
              [
                -120.83209048,
                44.96114147
              ],
              [
                -120.8320837,
                44.96132138
              ]
            ]
          ]
        ]
      },
      "properties": {
        "candidate_id": "WCP-002",
        "component_id": "WCP-002-RBR-006",
        "pixel_count": 424,
        "area_m2": 169600.0,
        "analytical_method": "burnlens-baseline-v0.1.0 rbr-threshold",
        "analytical_status": "accepted-baseline",
        "source_precedence": "Official sources govern"
      }
    },
    {
      "type": "Feature",
      "id": "WCP-002-RBR-007",
      "geometry": {
        "type": "MultiPolygon",
        "coordinates": [
          [
            [
              [
                -120.83790528,
                44.96161184
              ],
              [
                -120.83793232,
                44.96089219
              ],
              [
                -120.83717211,
                44.96087779
              ],
              [
                -120.83716535,
                44.9610577
              ],
              [
                -120.83691194,
                44.9610529
              ],
              [
                -120.83690518,
                44.96123281
              ],
              [
                -120.83665177,
                44.96122801
              ],
              [
                -120.83665854,
                44.9610481
              ],
              [
                -120.83640513,
                44.96104329
              ],
              [
                -120.8363916,
                44.96140312
              ],
              [
                -120.83664501,
                44.96140792
              ],
              [
                -120.83663824,
                44.96158783
              ],
              [
                -120.83714506,
                44.96159743
              ],
              [
                -120.83715182,
                44.96141752
              ],
              [
                -120.83765863,
                44.96142712
              ],
              [
                -120.83765187,
                44.96160704
              ],
              [
                -120.83790528,
                44.96161184
              ]
            ],
            [
              [
                -120.8376654,
                44.96124721
              ],
              [
                -120.83741199,
                44.96124241
              ],
              [
                -120.83741875,
                44.9610625
              ],
              [
                -120.83767216,
                44.9610673
              ],
              [
                -120.8376654,
                44.96124721
              ]
            ]
          ]
        ]
      },
      "properties": {
        "candidate_id": "WCP-002",
        "component_id": "WCP-002-RBR-007",
        "pixel_count": 16,
        "area_m2": 6400.0,
        "analytical_method": "burnlens-baseline-v0.1.0 rbr-threshold",
        "analytical_status": "accepted-baseline",
        "source_precedence": "Official sources govern"
      }
    },
    {
      "type": "Feature",
      "id": "WCP-002-RBR-008",
      "geometry": {
        "type": "MultiPolygon",
        "coordinates": [
          [
            [
              [
                -120.83787148,
                44.96251139
              ],
              [
                -120.83789852,
                44.96179175
              ],
              [
                -120.83764511,
                44.96178695
              ],
              [
                -120.83765187,
                44.96160704
              ],
              [
                -120.83739847,
                44.96160224
              ],
              [
                -120.83737818,
                44.96214197
              ],
              [
                -120.83763159,
                44.96214677
              ],
              [
                -120.83761807,
                44.96250659
              ],
              [
                -120.83787148,
                44.96251139
              ]
            ]
          ]
        ]
      },
      "properties": {
        "candidate_id": "WCP-002",
        "component_id": "WCP-002-RBR-008",
        "pixel_count": 7,
        "area_m2": 2800.0,
        "analytical_method": "burnlens-baseline-v0.1.0 rbr-threshold",
        "analytical_status": "accepted-baseline",
        "source_precedence": "Official sources govern"
      }
    },
    {
      "type": "Feature",
      "id": "WCP-002-RBR-009",
      "geometry": {
        "type": "MultiPolygon",
        "coordinates": [
          [
            [
              [
                -120.83774978,
                44.9657498
              ],
              [
                -120.8377633,
                44.96538997
              ],
              [
                -120.83750987,
                44.96538517
              ],
              [
                -120.83749635,
                44.965745
              ],
              [
                -120.83774978,
                44.9657498
              ]
            ]
          ]
        ]
      },
      "properties": {
        "candidate_id": "WCP-002",
        "component_id": "WCP-002-RBR-009",
        "pixel_count": 2,
        "area_m2": 800.0,
        "analytical_method": "burnlens-baseline-v0.1.0 rbr-threshold",
        "analytical_status": "accepted-baseline",
        "source_precedence": "Official sources govern"
      }
    },
    {
      "type": "Feature",
      "id": "WCP-002-RBR-010",
      "geometry": {
        "type": "MultiPolygon",
        "coordinates": [
          [
            [
              [
                -120.83772949,
                44.96628953
              ],
              [
                -120.83773625,
                44.96610962
              ],
              [
                -120.83748282,
                44.96610482
              ],
              [
                -120.83747606,
                44.96628473
              ],
              [
                -120.83772949,
                44.96628953
              ]
            ]
          ]
        ]
      },
      "properties": {
        "candidate_id": "WCP-002",
        "component_id": "WCP-002-RBR-010",
        "pixel_count": 1,
        "area_m2": 400.0,
        "analytical_method": "burnlens-baseline-v0.1.0 rbr-threshold",
        "analytical_status": "accepted-baseline",
        "source_precedence": "Official sources govern"
      }
    },
    {
      "type": "Feature",
      "id": "WCP-002-RBR-011",
      "geometry": {
        "type": "MultiPolygon",
        "coordinates": [
          [
            [
              [
                -120.83764158,
                44.96862837
              ],
              [
                -120.8376551,
                44.96826855
              ],
              [
                -120.83740167,
                44.96826375
              ],
              [
                -120.8373949,
                44.96844366
              ],
              [
                -120.83714146,
                44.96843886
              ],
              [
                -120.8371347,
                44.96861877
              ],
              [
                -120.83764158,
                44.96862837
              ]
            ]
          ]
        ]
      },
      "properties": {
        "candidate_id": "WCP-002",
        "component_id": "WCP-002-RBR-011",
        "pixel_count": 3,
        "area_m2": 1200.0,
        "analytical_method": "burnlens-baseline-v0.1.0 rbr-threshold",
        "analytical_status": "accepted-baseline",
        "source_precedence": "Official sources govern"
      }
    },
    {
      "type": "Feature",
      "id": "WCP-002-RBR-012",
      "geometry": {
        "type": "MultiPolygon",
        "coordinates": [
          [
            [
              [
                -120.83676313,
                44.96501095
              ],
              [
                -120.8367699,
                44.96483103
              ],
              [
                -120.83702332,
                44.96483584
              ],
              [
                -120.83703685,
                44.96447601
              ],
              [
                -120.83729027,
                44.96448082
              ],
              [
                -120.83730379,
                44.96412099
              ],
              [
                -120.83755721,
                44.96412579
              ],
              [
                -120.83757073,
                44.96376597
              ],
              [
                -120.83731732,
                44.96376117
              ],
              [
                -120.83731055,
                44.96394108
              ],
              [
                -120.83705714,
                44.96393628
              ],
              [
                -120.83704361,
                44.9642961
              ],
              [
                -120.83679019,
                44.9642913
              ],
              [
                -120.83678343,
                44.96447121
              ],
              [
                -120.83653001,
                44.96446641
              ],
              [
                -120.83651647,
                44.96482623
              ],
              [
                -120.83626305,
                44.96482143
              ],
              [
                -120.83625629,
                44.96500134
              ],
              [
                -120.83676313,
                44.96501095
              ]
            ]
          ]
        ]
      },
      "properties": {
        "candidate_id": "WCP-002",
        "component_id": "WCP-002-RBR-012",
        "pixel_count": 12,
        "area_m2": 4800.0,
        "analytical_method": "burnlens-baseline-v0.1.0 rbr-threshold",
        "analytical_status": "accepted-baseline",
        "source_precedence": "Official sources govern"
      }
    },
    {
      "type": "Feature",
      "id": "WCP-002-RBR-013",
      "geometry": {
        "type": "MultiPolygon",
        "coordinates": [
          [
            [
              [
                -120.83718563,
                44.96051797
              ],
              [
                -120.8371924,
                44.96033806
              ],
              [
                -120.83643219,
                44.96032365
              ],
              [
                -120.83642543,
                44.96050356
              ],
              [
                -120.83718563,
                44.96051797
              ]
            ]
          ]
        ]
      },
      "properties": {
        "candidate_id": "WCP-002",
        "component_id": "WCP-002-RBR-013",
        "pixel_count": 3,
        "area_m2": 1200.0,
        "analytical_method": "burnlens-baseline-v0.1.0 rbr-threshold",
        "analytical_status": "accepted-baseline",
        "source_precedence": "Official sources govern"
      }
    },
    {
      "type": "Feature",
      "id": "WCP-002-RBR-014",
      "geometry": {
        "type": "MultiPolygon",
        "coordinates": [
          [
            [
              [
                -120.83709095,
                44.96303672
              ],
              [
                -120.83709772,
                44.96285681
              ],
              [
                -120.83659089,
                44.96284721
              ],
              [
                -120.83658413,
                44.96302712
              ],
              [
                -120.83709095,
                44.96303672
              ]
            ]
          ]
        ]
      },
      "properties": {
        "candidate_id": "WCP-002",
        "component_id": "WCP-002-RBR-014",
        "pixel_count": 2,
        "area_m2": 800.0,
        "analytical_method": "burnlens-baseline-v0.1.0 rbr-threshold",
        "analytical_status": "accepted-baseline",
        "source_precedence": "Official sources govern"
      }
    },
    {
      "type": "Feature",
      "id": "WCP-002-RBR-015",
      "geometry": {
        "type": "MultiPolygon",
        "coordinates": [
          [
            [
              [
                -120.83695568,
                44.96663495
              ],
              [
                -120.83696244,
                44.96645504
              ],
              [
                -120.83670901,
                44.96645023
              ],
              [
                -120.83670225,
                44.96663015
              ],
              [
                -120.83695568,
                44.96663495
              ]
            ]
          ]
        ]
      },
      "properties": {
        "candidate_id": "WCP-002",
        "component_id": "WCP-002-RBR-015",
        "pixel_count": 1,
        "area_m2": 400.0,
        "analytical_method": "burnlens-baseline-v0.1.0 rbr-threshold",
        "analytical_status": "accepted-baseline",
        "source_precedence": "Official sources govern"
      }
    },
    {
      "type": "Feature",
      "id": "WCP-002-RBR-016",
      "geometry": {
        "type": "MultiPolygon",
        "coordinates": [
          [
            [
              [
                -120.83702015,
                44.95817432
              ],
              [
                -120.83702691,
                44.95799441
              ],
              [
                -120.83677352,
                44.95798961
              ],
              [
                -120.83676675,
                44.95816952
              ],
              [
                -120.83702015,
                44.95817432
              ]
            ]
          ]
        ]
      },
      "properties": {
        "candidate_id": "WCP-002",
        "component_id": "WCP-002-RBR-016",
        "pixel_count": 1,
        "area_m2": 400.0,
        "analytical_method": "burnlens-baseline-v0.1.0 rbr-threshold",
        "analytical_status": "accepted-baseline",
        "source_precedence": "Official sources govern"
      }
    },
    {
      "type": "Feature",
      "id": "WCP-002-RBR-017",
      "geometry": {
        "type": "MultiPolygon",
        "coordinates": [
          [
            [
              [
                -120.83674284,
                44.96555068
              ],
              [
                -120.8367496,
                44.96537077
              ],
              [
                -120.83649618,
                44.96536597
              ],
              [
                -120.83648941,
                44.96554588
              ],
              [
                -120.83674284,
                44.96555068
              ]
            ]
          ]
        ]
      },
      "properties": {
        "candidate_id": "WCP-002",
        "component_id": "WCP-002-RBR-017",
        "pixel_count": 1,
        "area_m2": 400.0,
        "analytical_method": "burnlens-baseline-v0.1.0 rbr-threshold",
        "analytical_status": "accepted-baseline",
        "source_precedence": "Official sources govern"
      }
    },
    {
      "type": "Feature",
      "id": "WCP-002-RBR-018",
      "geometry": {
        "type": "MultiPolygon",
        "coordinates": [
          [
            [
              [
                -120.83671265,
                44.95960881
              ],
              [
                -120.83671941,
                44.9594289
              ],
              [
                -120.83646601,
                44.95942409
              ],
              [
                -120.83645925,
                44.959604
              ],
              [
                -120.83671265,
                44.95960881
              ]
            ]
          ]
        ]
      },
      "properties": {
        "candidate_id": "WCP-002",
        "component_id": "WCP-002-RBR-018",
        "pixel_count": 1,
        "area_m2": 400.0,
        "analytical_method": "burnlens-baseline-v0.1.0 rbr-threshold",
        "analytical_status": "accepted-baseline",
        "source_precedence": "Official sources govern"
      }
    },
    {
      "type": "Feature",
      "id": "WCP-002-RBR-019",
      "geometry": {
        "type": "MultiPolygon",
        "coordinates": [
          [
            [
              [
                -120.83661119,
                44.96230748
              ],
              [
                -120.83662471,
                44.96194765
              ],
              [
                -120.83637131,
                44.96194285
              ],
              [
                -120.83635777,
                44.96230267
              ],
              [
                -120.83661119,
                44.96230748
              ]
            ]
          ]
        ]
      },
      "properties": {
        "candidate_id": "WCP-002",
        "component_id": "WCP-002-RBR-019",
        "pixel_count": 2,
        "area_m2": 800.0,
        "analytical_method": "burnlens-baseline-v0.1.0 rbr-threshold",
        "analytical_status": "accepted-baseline",
        "source_precedence": "Official sources govern"
      }
    },
    {
      "type": "Feature",
      "id": "WCP-002-RBR-020",
      "geometry": {
        "type": "MultiPolygon",
        "coordinates": [
          [
            [
              [
                -120.83646235,
                44.96626552
              ],
              [
                -120.83646911,
                44.96608561
              ],
              [
                -120.83621569,
                44.96608081
              ],
              [
                -120.83622245,
                44.96590089
              ],
              [
                -120.83596903,
                44.96589609
              ],
              [
                -120.83595549,
                44.96625591
              ],
              [
                -120.83646235,
                44.96626552
              ]
            ]
          ]
        ]
      },
      "properties": {
        "candidate_id": "WCP-002",
        "component_id": "WCP-002-RBR-020",
        "pixel_count": 3,
        "area_m2": 1200.0,
        "analytical_method": "burnlens-baseline-v0.1.0 rbr-threshold",
        "analytical_status": "accepted-baseline",
        "source_precedence": "Official sources govern"
      }
    },
    {
      "type": "Feature",
      "id": "WCP-002-RBR-021",
      "geometry": {
        "type": "MultiPolygon",
        "coordinates": [
          [
            [
              [
                -120.83649983,
                44.95852454
              ],
              [
                -120.8365066,
                44.95834463
              ],
              [
                -120.83625321,
                44.95833982
              ],
              [
                -120.83624644,
                44.95851973
              ],
              [
                -120.83649983,
                44.95852454
              ]
            ]
          ]
        ]
      },
      "properties": {
        "candidate_id": "WCP-002",
        "component_id": "WCP-002-RBR-021",
        "pixel_count": 1,
        "area_m2": 400.0,
        "analytical_method": "burnlens-baseline-v0.1.0 rbr-threshold",
        "analytical_status": "accepted-baseline",
        "source_precedence": "Official sources govern"
      }
    },
    {
      "type": "Feature",
      "id": "WCP-002-RBR-022",
      "geometry": {
        "type": "MultiPolygon",
        "coordinates": [
          [
            [
              [
                -120.83633748,
                44.96284241
              ],
              [
                -120.83635101,
                44.96248258
              ],
              [
                -120.8360976,
                44.96247778
              ],
              [
                -120.83608407,
                44.9628376
              ],
              [
                -120.83633748,
                44.96284241
              ]
            ]
          ]
        ]
      },
      "properties": {
        "candidate_id": "WCP-002",
        "component_id": "WCP-002-RBR-022",
        "pixel_count": 2,
        "area_m2": 800.0,
        "analytical_method": "burnlens-baseline-v0.1.0 rbr-threshold",
        "analytical_status": "accepted-baseline",
        "source_precedence": "Official sources govern"
      }
    },
    {
      "type": "Feature",
      "id": "WCP-002-RBR-023",
      "geometry": {
        "type": "MultiPolygon",
        "coordinates": [
          [
            [
              [
                -120.83627659,
                44.96446161
              ],
              [
                -120.83628335,
                44.9642817
              ],
              [
                -120.83602993,
                44.96427689
              ],
              [
                -120.83602317,
                44.9644568
              ],
              [
                -120.83627659,
                44.96446161
              ]
            ]
          ]
        ]
      },
      "properties": {
        "candidate_id": "WCP-002",
        "component_id": "WCP-002-RBR-023",
        "pixel_count": 1,
        "area_m2": 400.0,
        "analytical_method": "burnlens-baseline-v0.1.0 rbr-threshold",
        "analytical_status": "accepted-baseline",
        "source_precedence": "Official sources govern"
      }
    },
    {
      "type": "Feature",
      "id": "WCP-002-RBR-024",
      "geometry": {
        "type": "MultiPolygon",
        "coordinates": [
          [
            [
              [
                -120.83624952,
                44.96518125
              ],
              [
                -120.83625629,
                44.96500134
              ],
              [
                -120.83600286,
                44.96499654
              ],
              [
                -120.8359961,
                44.96517645
              ],
              [
                -120.83624952,
                44.96518125
              ]
            ]
          ]
        ]
      },
      "properties": {
        "candidate_id": "WCP-002",
        "component_id": "WCP-002-RBR-024",
        "pixel_count": 1,
        "area_m2": 400.0,
        "analytical_method": "burnlens-baseline-v0.1.0 rbr-threshold",
        "analytical_status": "accepted-baseline",
        "source_precedence": "Official sources govern"
      }
    },
    {
      "type": "Feature",
      "id": "WCP-002-RBR-025",
      "geometry": {
        "type": "MultiPolygon",
        "coordinates": [
          [
            [
              [
                -120.83623599,
                44.96554107
              ],
              [
                -120.83624275,
                44.96536116
              ],
              [
                -120.83598933,
                44.96535636
              ],
              [
                -120.83598256,
                44.96553627
              ],
              [
                -120.83623599,
                44.96554107
              ]
            ]
          ]
        ]
      },
      "properties": {
        "candidate_id": "WCP-002",
        "component_id": "WCP-002-RBR-025",
        "pixel_count": 1,
        "area_m2": 400.0,
        "analytical_method": "burnlens-baseline-v0.1.0 rbr-threshold",
        "analytical_status": "accepted-baseline",
        "source_precedence": "Official sources govern"
      }
    },
    {
      "type": "Feature",
      "id": "WCP-002-RBR-026",
      "geometry": {
        "type": "MultiPolygon",
        "coordinates": [
          [
            [
              [
                -120.83625997,
                44.95815991
              ],
              [
                -120.8362735,
                44.95780009
              ],
              [
                -120.83602011,
                44.95779529
              ],
              [
                -120.83600658,
                44.95815511
              ],
              [
                -120.83625997,
                44.95815991
              ]
            ]
          ]
        ]
      },
      "properties": {
        "candidate_id": "WCP-002",
        "component_id": "WCP-002-RBR-026",
        "pixel_count": 2,
        "area_m2": 800.0,
        "analytical_method": "burnlens-baseline-v0.1.0 rbr-threshold",
        "analytical_status": "accepted-baseline",
        "source_precedence": "Official sources govern"
      }
    },
    {
      "type": "Feature",
      "id": "WCP-002-RBR-027",
      "geometry": {
        "type": "MultiPolygon",
        "coordinates": [
          [
            [
              [
                -120.83578328,
                44.96409218
              ],
              [
                -120.83580358,
                44.96355244
              ],
              [
                -120.836057,
                44.96355725
              ],
              [
                -120.8360773,
                44.96301751
              ],
              [
                -120.83582389,
                44.96301271
              ],
              [
                -120.83584419,
                44.96247298
              ],
              [
                -120.8360976,
                44.96247778
              ],
              [
                -120.83615173,
                44.96103849
              ],
              [
                -120.83589832,
                44.96103369
              ],
              [
                -120.83587125,
                44.96175333
              ],
              [
                -120.83561785,
                44.96174853
              ],
              [
                -120.83561108,
                44.96192844
              ],
              [
                -120.83510426,
                44.96191883
              ],
              [
                -120.83511103,
                44.96173892
              ],
              [
                -120.83485762,
                44.96173411
              ],
              [
                -120.83484408,
                44.96209393
              ],
              [
                -120.83509749,
                44.96209874
              ],
              [
                -120.83509072,
                44.96227865
              ],
              [
                -120.8345839,
                44.96226904
              ],
              [
                -120.83459067,
                44.96208913
              ],
              [
                -120.83433726,
                44.96208432
              ],
              [
                -120.83431695,
                44.96262405
              ],
              [
                -120.83482377,
                44.96263367
              ],
              [
                -120.83483054,
                44.96245375
              ],
              [
                -120.83559078,
                44.96246817
              ],
              [
                -120.83558401,
                44.96264808
              ],
              [
                -120.8353306,
                44.96264328
              ],
              [
                -120.83531029,
                44.96318301
              ],
              [
                -120.83505688,
                44.9631782
              ],
              [
                -120.83504334,
                44.96353803
              ],
              [
                -120.83529675,
                44.96354283
              ],
              [
                -120.83528998,
                44.96372274
              ],
              [
                -120.8355434,
                44.96372755
              ],
              [
                -120.83553663,
                44.96390746
              ],
              [
                -120.83528321,
                44.96390265
              ],
              [
                -120.83527644,
                44.96408257
              ],
              [
                -120.83578328,
                44.96409218
              ]
            ],
            [
              [
                -120.83580358,
                44.96355244
              ],
              [
                -120.83555017,
                44.96354764
              ],
              [
                -120.8355637,
                44.96318782
              ],
              [
                -120.83581712,
                44.96319262
              ],
              [
                -120.83580358,
                44.96355244
              ]
            ],
            [
              [
                -120.83585095,
                44.96229307
              ],
              [
                -120.83534413,
                44.96228346
              ],
              [
                -120.8353509,
                44.96210354
              ],
              [
                -120.83585772,
                44.96211315
              ],
              [
                -120.83585095,
                44.96229307
              ]
            ]
          ]
        ]
      },
      "properties": {
        "candidate_id": "WCP-002",
        "component_id": "WCP-002-RBR-027",
        "pixel_count": 43,
        "area_m2": 17200.0,
        "analytical_method": "burnlens-baseline-v0.1.0 rbr-threshold",
        "analytical_status": "accepted-baseline",
        "source_precedence": "Official sources govern"
      }
    },
    {
      "type": "Feature",
      "id": "WCP-002-RBR-028",
      "geometry": {
        "type": "MultiPolygon",
        "coordinates": [
          [
            [
              [
                -120.83574267,
                44.96517164
              ],
              [
                -120.83574944,
                44.96499173
              ],
              [
                -120.83600286,
                44.96499654
              ],
              [
                -120.83602317,
                44.9644568
              ],
              [
                -120.83576975,
                44.964452
              ],
              [
                -120.83575621,
                44.96481182
              ],
              [
                -120.83550279,
                44.96480702
              ],
              [
                -120.83548925,
                44.96516684
              ],
              [
                -120.83574267,
                44.96517164
              ]
            ]
          ]
        ]
      },
      "properties": {
        "candidate_id": "WCP-002",
        "component_id": "WCP-002-RBR-028",
        "pixel_count": 5,
        "area_m2": 2000.0,
        "analytical_method": "burnlens-baseline-v0.1.0 rbr-threshold",
        "analytical_status": "accepted-baseline",
        "source_precedence": "Official sources govern"
      }
    },
    {
      "type": "Feature",
      "id": "WCP-002-RBR-029",
      "geometry": {
        "type": "MultiPolygon",
        "coordinates": [
          [
            [
              [
                -120.83599305,
                44.95851493
              ],
              [
                -120.83599981,
                44.95833502
              ],
              [
                -120.83574642,
                44.95833022
              ],
              [
                -120.83573965,
                44.95851013
              ],
              [
                -120.83599305,
                44.95851493
              ]
            ]
          ]
        ]
      },
      "properties": {
        "candidate_id": "WCP-002",
        "component_id": "WCP-002-RBR-029",
        "pixel_count": 1,
        "area_m2": 400.0,
        "analytical_method": "burnlens-baseline-v0.1.0 rbr-threshold",
        "analytical_status": "accepted-baseline",
        "source_precedence": "Official sources govern"
      }
    },
    {
      "type": "Feature",
      "id": "WCP-002-RBR-030",
      "geometry": {
        "type": "MultiPolygon",
        "coordinates": [
          [
            [
              [
                -120.83514488,
                44.96083936
              ],
              [
                -120.83516518,
                44.96029963
              ],
              [
                -120.83541858,
                44.96030443
              ],
              [
                -120.83542535,
                44.96012452
              ],
              [
                -120.83567875,
                44.96012933
              ],
              [
                -120.83567199,
                44.96030924
              ],
              [
                -120.83592539,
                44.96031404
              ],
              [
                -120.83593892,
                44.95995422
              ],
              [
                -120.83568552,
                44.95994942
              ],
              [
                -120.83571259,
                44.95922977
              ],
              [
                -120.83520579,
                44.95922016
              ],
              [
                -120.83523287,
                44.95850052
              ],
              [
                -120.83497947,
                44.95849571
              ],
              [
                -120.83495917,
                44.95903544
              ],
              [
                -120.83470577,
                44.95903064
              ],
              [
                -120.83469223,
                44.95939046
              ],
              [
                -120.83443883,
                44.95938565
              ],
              [
                -120.83445237,
                44.95902583
              ],
              [
                -120.83419898,
                44.95902102
              ],
              [
                -120.83416512,
                44.95992058
              ],
              [
                -120.83441852,
                44.95992539
              ],
              [
                -120.83440498,
                44.96028521
              ],
              [
                -120.83389818,
                44.96027559
              ],
              [
                -120.83388463,
                44.96063541
              ],
              [
                -120.83413803,
                44.96064022
              ],
              [
                -120.8341448,
                44.96046031
              ],
              [
                -120.83465161,
                44.96046993
              ],
              [
                -120.83464484,
                44.96064984
              ],
              [
                -120.83489824,
                44.96065464
              ],
              [
                -120.83489147,
                44.96083456
              ],
              [
                -120.83514488,
                44.96083936
              ]
            ],
            [
              [
                -120.83518549,
                44.9597599
              ],
              [
                -120.83493209,
                44.95975509
              ],
              [
                -120.8349524,
                44.95921536
              ],
              [
                -120.83520579,
                44.95922016
              ],
              [
                -120.83518549,
                44.9597599
              ]
            ]
          ]
        ]
      },
      "properties": {
        "candidate_id": "WCP-002",
        "component_id": "WCP-002-RBR-030",
        "pixel_count": 46,
        "area_m2": 18400.0,
        "analytical_method": "burnlens-baseline-v0.1.0 rbr-threshold",
        "analytical_status": "accepted-baseline",
        "source_precedence": "Official sources govern"
      }
    },
    {
      "type": "Feature",
      "id": "WCP-002-RBR-031",
      "geometry": {
        "type": "MultiPolygon",
        "coordinates": [
          [
            [
              [
                -120.83590509,
                44.96085378
              ],
              [
                -120.83591185,
                44.96067387
              ],
              [
                -120.83565845,
                44.96066906
              ],
              [
                -120.83567199,
                44.96030924
              ],
              [
                -120.83541858,
                44.96030443
              ],
              [
                -120.83539828,
                44.96084417
              ],
              [
                -120.83590509,
                44.96085378
              ]
            ]
          ]
        ]
      },
      "properties": {
        "candidate_id": "WCP-002",
        "component_id": "WCP-002-RBR-031",
        "pixel_count": 4,
        "area_m2": 1600.0,
        "analytical_method": "burnlens-baseline-v0.1.0 rbr-threshold",
        "analytical_status": "accepted-baseline",
        "source_precedence": "Official sources govern"
      }
    },
    {
      "type": "Feature",
      "id": "WCP-002-RBR-032",
      "geometry": {
        "type": "MultiPolygon",
        "coordinates": [
          [
            [
              [
                -120.83575995,
                44.95797039
              ],
              [
                -120.83576672,
                44.95779048
              ],
              [
                -120.83551333,
                44.95778568
              ],
              [
                -120.83550656,
                44.95796559
              ],
              [
                -120.83575995,
                44.95797039
              ]
            ]
          ]
        ]
      },
      "properties": {
        "candidate_id": "WCP-002",
        "component_id": "WCP-002-RBR-032",
        "pixel_count": 1,
        "area_m2": 400.0,
        "analytical_method": "burnlens-baseline-v0.1.0 rbr-threshold",
        "analytical_status": "accepted-baseline",
        "source_precedence": "Official sources govern"
      }
    },
    {
      "type": "Feature",
      "id": "WCP-002-RBR-033",
      "geometry": {
        "type": "MultiPolygon",
        "coordinates": [
          [
            [
              [
                -120.83563815,
                44.96120879
              ],
              [
                -120.83564492,
                44.96102888
              ],
              [
                -120.83539151,
                44.96102408
              ],
              [
                -120.83538474,
                44.96120399
              ],
              [
                -120.83563815,
                44.96120879
              ]
            ]
          ]
        ]
      },
      "properties": {
        "candidate_id": "WCP-002",
        "component_id": "WCP-002-RBR-033",
        "pixel_count": 1,
        "area_m2": 400.0,
        "analytical_method": "burnlens-baseline-v0.1.0 rbr-threshold",
        "analytical_status": "accepted-baseline",
        "source_precedence": "Official sources govern"
      }
    },
    {
      "type": "Feature",
      "id": "WCP-002-RBR-034",
      "geometry": {
        "type": "MultiPolygon",
        "coordinates": [
          [
            [
              [
                -120.83550279,
                44.96480702
              ],
              [
                -120.83551633,
                44.96444719
              ],
              [
                -120.83526291,
                44.96444239
              ],
              [
                -120.83524937,
                44.96480221
              ],
              [
                -120.83550279,
                44.96480702
              ]
            ]
          ]
        ]
      },
      "properties": {
        "candidate_id": "WCP-002",
        "component_id": "WCP-002-RBR-034",
        "pixel_count": 2,
        "area_m2": 800.0,
        "analytical_method": "burnlens-baseline-v0.1.0 rbr-threshold",
        "analytical_status": "accepted-baseline",
        "source_precedence": "Official sources govern"
      }
    },
    {
      "type": "Feature",
      "id": "WCP-002-RBR-035",
      "geometry": {
        "type": "MultiPolygon",
        "coordinates": [
          [
            [
              [
                -120.83549303,
                44.95832541
              ],
              [
                -120.83549979,
                44.9581455
              ],
              [
                -120.8352464,
                44.95814069
              ],
              [
                -120.83523963,
                44.95832061
              ],
              [
                -120.83549303,
                44.95832541
              ]
            ]
          ]
        ]
      },
      "properties": {
        "candidate_id": "WCP-002",
        "component_id": "WCP-002-RBR-035",
        "pixel_count": 1,
        "area_m2": 400.0,
        "analytical_method": "burnlens-baseline-v0.1.0 rbr-threshold",
        "analytical_status": "accepted-baseline",
        "source_precedence": "Official sources govern"
      }
    },
    {
      "type": "Feature",
      "id": "WCP-002-RBR-036",
      "geometry": {
        "type": "MultiPolygon",
        "coordinates": [
          [
            [
              [
                -120.8351178,
                44.96155901
              ],
              [
                -120.83513134,
                44.96119918
              ],
              [
                -120.83487793,
                44.96119438
              ],
              [
                -120.83487116,
                44.96137429
              ],
              [
                -120.83461776,
                44.96136948
              ],
              [
                -120.83461099,
                44.96154939
              ],
              [
                -120.8351178,
                44.96155901
              ]
            ]
          ]
        ]
      },
      "properties": {
        "candidate_id": "WCP-002",
        "component_id": "WCP-002-RBR-036",
        "pixel_count": 3,
        "area_m2": 1200.0,
        "analytical_method": "burnlens-baseline-v0.1.0 rbr-threshold",
        "analytical_status": "accepted-baseline",
        "source_precedence": "Official sources govern"
      }
    },
    {
      "type": "Feature",
      "id": "WCP-002-RBR-037",
      "geometry": {
        "type": "MultiPolygon",
        "coordinates": [
          [
            [
              [
                -120.83505688,
                44.9631782
              ],
              [
                -120.83506365,
                44.96299829
              ],
              [
                -120.83481023,
                44.96299349
              ],
              [
                -120.83480346,
                44.9631734
              ],
              [
                -120.83505688,
                44.9631782
              ]
            ]
          ]
        ]
      },
      "properties": {
        "candidate_id": "WCP-002",
        "component_id": "WCP-002-RBR-037",
        "pixel_count": 1,
        "area_m2": 400.0,
        "analytical_method": "burnlens-baseline-v0.1.0 rbr-threshold",
        "analytical_status": "accepted-baseline",
        "source_precedence": "Official sources govern"
      }
    },
    {
      "type": "Feature",
      "id": "WCP-002-RBR-038",
      "geometry": {
        "type": "MultiPolygon",
        "coordinates": [
          [
            [
              [
                -120.83499301,
                44.95813589
              ],
              [
                -120.83499978,
                44.95795598
              ],
              [
                -120.83474639,
                44.95795117
              ],
              [
                -120.83473962,
                44.95813108
              ],
              [
                -120.83499301,
                44.95813589
              ]
            ]
          ]
        ]
      },
      "properties": {
        "candidate_id": "WCP-002",
        "component_id": "WCP-002-RBR-038",
        "pixel_count": 1,
        "area_m2": 400.0,
        "analytical_method": "burnlens-baseline-v0.1.0 rbr-threshold",
        "analytical_status": "accepted-baseline",
        "source_precedence": "Official sources govern"
      }
    },
    {
      "type": "Feature",
      "id": "WCP-002-RBR-039",
      "geometry": {
        "type": "MultiPolygon",
        "coordinates": [
          [
            [
              [
                -120.83410417,
                44.96153978
              ],
              [
                -120.83412449,
                44.96100005
              ],
              [
                -120.8346313,
                44.96100966
              ],
              [
                -120.83462453,
                44.96118957
              ],
              [
                -120.83487793,
                44.96119438
              ],
              [
                -120.83489147,
                44.96083456
              ],
              [
                -120.83463807,
                44.96082975
              ],
              [
                -120.83464484,
                44.96064984
              ],
              [
                -120.83413803,
                44.96064022
              ],
              [
                -120.83413126,
                44.96082013
              ],
              [
                -120.83387786,
                44.96081533
              ],
              [
                -120.83387108,
                44.96099524
              ],
              [
                -120.83361768,
                44.96099043
              ],
              [
                -120.83362445,
                44.96081052
              ],
              [
                -120.83337105,
                44.96080571
              ],
              [
                -120.83336428,
                44.96098562
              ],
              [
                -120.83311087,
                44.96098081
              ],
              [
                -120.8331041,
                44.96116072
              ],
              [
                -120.83361091,
                44.96117034
              ],
              [
                -120.83359736,
                44.96153016
              ],
              [
                -120.83410417,
                44.96153978
              ]
            ]
          ]
        ]
      },
      "properties": {
        "candidate_id": "WCP-002",
        "component_id": "WCP-002-RBR-039",
        "pixel_count": 16,
        "area_m2": 6400.0,
        "analytical_method": "burnlens-baseline-v0.1.0 rbr-threshold",
        "analytical_status": "accepted-baseline",
        "source_precedence": "Official sources govern"
      }
    },
    {
      "type": "Feature",
      "id": "WCP-002-RBR-040",
      "geometry": {
        "type": "MultiPolygon",
        "coordinates": [
          [
            [
              [
                -120.83481023,
                44.96299349
              ],
              [
                -120.834817,
                44.96281358
              ],
              [
                -120.83456359,
                44.96280877
              ],
              [
                -120.83455682,
                44.96298868
              ],
              [
                -120.83481023,
                44.96299349
              ]
            ]
          ]
        ]
      },
      "properties": {
        "candidate_id": "WCP-002",
        "component_id": "WCP-002-RBR-040",
        "pixel_count": 1,
        "area_m2": 400.0,
        "analytical_method": "burnlens-baseline-v0.1.0 rbr-threshold",
        "analytical_status": "accepted-baseline",
        "source_precedence": "Official sources govern"
      }
    },
    {
      "type": "Feature",
      "id": "WCP-002-RBR-041",
      "geometry": {
        "type": "MultiPolygon",
        "coordinates": [
          [
            [
              [
                -120.83471254,
                44.95885073
              ],
              [
                -120.83471931,
                44.95867082
              ],
              [
                -120.83446591,
                44.95866601
              ],
              [
                -120.83445914,
                44.95884592
              ],
              [
                -120.83471254,
                44.95885073
              ]
            ]
          ]
        ]
      },
      "properties": {
        "candidate_id": "WCP-002",
        "component_id": "WCP-002-RBR-041",
        "pixel_count": 1,
        "area_m2": 400.0,
        "analytical_method": "burnlens-baseline-v0.1.0 rbr-threshold",
        "analytical_status": "accepted-baseline",
        "source_precedence": "Official sources govern"
      }
    },
    {
      "type": "Feature",
      "id": "WCP-002-RBR-042",
      "geometry": {
        "type": "MultiPolygon",
        "coordinates": [
          [
            [
              [
                -120.83432656,
                44.96910565
              ],
              [
                -120.83434011,
                44.96874583
              ],
              [
                -120.83408667,
                44.96874102
              ],
              [
                -120.83407312,
                44.96910084
              ],
              [
                -120.83432656,
                44.96910565
              ]
            ]
          ]
        ]
      },
      "properties": {
        "candidate_id": "WCP-002",
        "component_id": "WCP-002-RBR-042",
        "pixel_count": 2,
        "area_m2": 800.0,
        "analytical_method": "burnlens-baseline-v0.1.0 rbr-threshold",
        "analytical_status": "accepted-baseline",
        "source_precedence": "Official sources govern"
      }
    },
    {
      "type": "Feature",
      "id": "WCP-002-RBR-043",
      "geometry": {
        "type": "MultiPolygon",
        "coordinates": [
          [
            [
              [
                -120.83447269,
                44.9584861
              ],
              [
                -120.834493,
                44.95794637
              ],
              [
                -120.83423961,
                44.95794156
              ],
              [
                -120.83423283,
                44.95812147
              ],
              [
                -120.83397944,
                44.95811666
              ],
              [
                -120.83397267,
                44.95829657
              ],
              [
                -120.83422606,
                44.95830138
              ],
              [
                -120.83421929,
                44.95848129
              ],
              [
                -120.83447269,
                44.9584861
              ]
            ]
          ]
        ]
      },
      "properties": {
        "candidate_id": "WCP-002",
        "component_id": "WCP-002-RBR-043",
        "pixel_count": 4,
        "area_m2": 1600.0,
        "analytical_method": "burnlens-baseline-v0.1.0 rbr-threshold",
        "analytical_status": "accepted-baseline",
        "source_precedence": "Official sources govern"
      }
    },
    {
      "type": "Feature",
      "id": "WCP-002-RBR-044",
      "geometry": {
        "type": "MultiPolygon",
        "coordinates": [
          [
            [
              [
                -120.83431018,
                44.96280396
              ],
              [
                -120.83431695,
                44.96262405
              ],
              [
                -120.83406354,
                44.96261924
              ],
              [
                -120.83405676,
                44.96279915
              ],
              [
                -120.83431018,
                44.96280396
              ]
            ]
          ]
        ]
      },
      "properties": {
        "candidate_id": "WCP-002",
        "component_id": "WCP-002-RBR-044",
        "pixel_count": 1,
        "area_m2": 400.0,
        "analytical_method": "burnlens-baseline-v0.1.0 rbr-threshold",
        "analytical_status": "accepted-baseline",
        "source_precedence": "Official sources govern"
      }
    },
    {
      "type": "Feature",
      "id": "WCP-002-RBR-045",
      "geometry": {
        "type": "MultiPolygon",
        "coordinates": [
          [
            [
              [
                -120.83408667,
                44.96874102
              ],
              [
                -120.83411376,
                44.96802138
              ],
              [
                -120.83386033,
                44.96801657
              ],
              [
                -120.83384001,
                44.9685563
              ],
              [
                -120.83358657,
                44.96855149
              ],
              [
                -120.83357979,
                44.9687314
              ],
              [
                -120.83408667,
                44.96874102
              ]
            ]
          ]
        ]
      },
      "properties": {
        "candidate_id": "WCP-002",
        "component_id": "WCP-002-RBR-045",
        "pixel_count": 5,
        "area_m2": 2000.0,
        "analytical_method": "burnlens-baseline-v0.1.0 rbr-threshold",
        "analytical_status": "accepted-baseline",
        "source_precedence": "Official sources govern"
      }
    },
    {
      "type": "Feature",
      "id": "WCP-002-RBR-046",
      "geometry": {
        "type": "MultiPolygon",
        "coordinates": [
          [
            [
              [
                -120.83421252,
                44.9586612
              ],
              [
                -120.83421929,
                44.95848129
              ],
              [
                -120.8339659,
                44.95847648
              ],
              [
                -120.83395913,
                44.95865639
              ],
              [
                -120.83421252,
                44.9586612
              ]
            ]
          ]
        ]
      },
      "properties": {
        "candidate_id": "WCP-002",
        "component_id": "WCP-002-RBR-046",
        "pixel_count": 1,
        "area_m2": 400.0,
        "analytical_method": "burnlens-baseline-v0.1.0 rbr-threshold",
        "analytical_status": "accepted-baseline",
        "source_precedence": "Official sources govern"
      }
    },
    {
      "type": "Feature",
      "id": "WCP-002-RBR-047",
      "geometry": {
        "type": "MultiPolygon",
        "coordinates": [
          [
            [
              [
                -120.83383045,
                44.9620747
              ],
              [
                -120.83383722,
                44.96189479
              ],
              [
                -120.83358381,
                44.96188998
              ],
              [
                -120.83357704,
                44.96206989
              ],
              [
                -120.83383045,
                44.9620747
              ]
            ]
          ]
        ]
      },
      "properties": {
        "candidate_id": "WCP-002",
        "component_id": "WCP-002-RBR-047",
        "pixel_count": 1,
        "area_m2": 400.0,
        "analytical_method": "burnlens-baseline-v0.1.0 rbr-threshold",
        "analytical_status": "accepted-baseline",
        "source_precedence": "Official sources govern"
      }
    },
    {
      "type": "Feature",
      "id": "WCP-002-RBR-048",
      "geometry": {
        "type": "MultiPolygon",
        "coordinates": [
          [
            [
              [
                -120.83335346,
                44.96800695
              ],
              [
                -120.83336024,
                44.96782704
              ],
              [
                -120.83361367,
                44.96783185
              ],
              [
                -120.83362044,
                44.96765194
              ],
              [
                -120.83336701,
                44.96764713
              ],
              [
                -120.83338056,
                44.9672873
              ],
              [
                -120.83312713,
                44.96728249
              ],
              [
                -120.83310002,
                44.96800214
              ],
              [
                -120.83335346,
                44.96800695
              ]
            ]
          ]
        ]
      },
      "properties": {
        "candidate_id": "WCP-002",
        "component_id": "WCP-002-RBR-048",
        "pixel_count": 5,
        "area_m2": 2000.0,
        "analytical_method": "burnlens-baseline-v0.1.0 rbr-threshold",
        "analytical_status": "accepted-baseline",
        "source_precedence": "Official sources govern"
      }
    },
    {
      "type": "Feature",
      "id": "WCP-002-RBR-049",
      "geometry": {
        "type": "MultiPolygon",
        "coordinates": [
          [
            [
              [
                -120.83359334,
                44.96837158
              ],
              [
                -120.83360689,
                44.96801176
              ],
              [
                -120.83335346,
                44.96800695
              ],
              [
                -120.83333991,
                44.96836677
              ],
              [
                -120.83359334,
                44.96837158
              ]
            ]
          ]
        ]
      },
      "properties": {
        "candidate_id": "WCP-002",
        "component_id": "WCP-002-RBR-049",
        "pixel_count": 2,
        "area_m2": 800.0,
        "analytical_method": "burnlens-baseline-v0.1.0 rbr-threshold",
        "analytical_status": "accepted-baseline",
        "source_precedence": "Official sources govern"
      }
    },
    {
      "type": "Feature",
      "id": "WCP-002-RBR-050",
      "geometry": {
        "type": "MultiPolygon",
        "coordinates": [
          [
            [
              [
                -120.83366509,
                44.95973105
              ],
              [
                -120.83367187,
                44.95955114
              ],
              [
                -120.83341847,
                44.95954633
              ],
              [
                -120.8334117,
                44.95972624
              ],
              [
                -120.83366509,
                44.95973105
              ]
            ]
          ]
        ]
      },
      "properties": {
        "candidate_id": "WCP-002",
        "component_id": "WCP-002-RBR-050",
        "pixel_count": 1,
        "area_m2": 400.0,
        "analytical_method": "burnlens-baseline-v0.1.0 rbr-threshold",
        "analytical_status": "accepted-baseline",
        "source_precedence": "Official sources govern"
      }
    },
    {
      "type": "Feature",
      "id": "WCP-002-RBR-051",
      "geometry": {
        "type": "MultiPolygon",
        "coordinates": [
          [
            [
              [
                -120.833638,
                44.9604507
              ],
              [
                -120.83365155,
                44.96009087
              ],
              [
                -120.83339815,
                44.96008606
              ],
              [
                -120.8333846,
                44.96044589
              ],
              [
                -120.833638,
                44.9604507
              ]
            ]
          ]
        ]
      },
      "properties": {
        "candidate_id": "WCP-002",
        "component_id": "WCP-002-RBR-051",
        "pixel_count": 2,
        "area_m2": 800.0,
        "analytical_method": "burnlens-baseline-v0.1.0 rbr-threshold",
        "analytical_status": "accepted-baseline",
        "source_precedence": "Official sources govern"
      }
    },
    {
      "type": "Feature",
      "id": "WCP-002-RBR-052",
      "geometry": {
        "type": "MultiPolygon",
        "coordinates": [
          [
            [
              [
                -120.83342799,
                44.96602793
              ],
              [
                -120.83343477,
                44.96584802
              ],
              [
                -120.83318134,
                44.96584321
              ],
              [
                -120.83317457,
                44.96602312
              ],
              [
                -120.83342799,
                44.96602793
              ]
            ]
          ]
        ]
      },
      "properties": {
        "candidate_id": "WCP-002",
        "component_id": "WCP-002-RBR-052",
        "pixel_count": 1,
        "area_m2": 400.0,
        "analytical_method": "burnlens-baseline-v0.1.0 rbr-threshold",
        "analytical_status": "accepted-baseline",
        "source_precedence": "Official sources govern"
      }
    },
    {
      "type": "Feature",
      "id": "WCP-002-RBR-053",
      "geometry": {
        "type": "MultiPolygon",
        "coordinates": [
          [
            [
              [
                -120.83342524,
                44.95936642
              ],
              [
                -120.83343202,
                44.95918651
              ],
              [
                -120.83317862,
                44.9591817
              ],
              [
                -120.83317185,
                44.95936161
              ],
              [
                -120.83342524,
                44.95936642
              ]
            ]
          ]
        ]
      },
      "properties": {
        "candidate_id": "WCP-002",
        "component_id": "WCP-002-RBR-053",
        "pixel_count": 1,
        "area_m2": 400.0,
        "analytical_method": "burnlens-baseline-v0.1.0 rbr-threshold",
        "analytical_status": "accepted-baseline",
        "source_precedence": "Official sources govern"
      }
    },
    {
      "type": "Feature",
      "id": "WCP-002-RBR-054",
      "geometry": {
        "type": "MultiPolygon",
        "coordinates": [
          [
            [
              [
                -120.83318134,
                44.96584321
              ],
              [
                -120.83318812,
                44.9656633
              ],
              [
                -120.83293469,
                44.96565849
              ],
              [
                -120.83292792,
                44.9658384
              ],
              [
                -120.83318134,
                44.96584321
              ]
            ]
          ]
        ]
      },
      "properties": {
        "candidate_id": "WCP-002",
        "component_id": "WCP-002-RBR-054",
        "pixel_count": 1,
        "area_m2": 400.0,
        "analytical_method": "burnlens-baseline-v0.1.0 rbr-threshold",
        "analytical_status": "accepted-baseline",
        "source_precedence": "Official sources govern"
      }
    },
    {
      "type": "Feature",
      "id": "WCP-002-RBR-055",
      "geometry": {
        "type": "MultiPolygon",
        "coordinates": [
          [
            [
              [
                -120.83313391,
                44.96710258
              ],
              [
                -120.83314068,
                44.96692267
              ],
              [
                -120.83263382,
                44.96691305
              ],
              [
                -120.83262705,
                44.96709296
              ],
              [
                -120.83313391,
                44.96710258
              ]
            ]
          ]
        ]
      },
      "properties": {
        "candidate_id": "WCP-002",
        "component_id": "WCP-002-RBR-055",
        "pixel_count": 2,
        "area_m2": 800.0,
        "analytical_method": "burnlens-baseline-v0.1.0 rbr-threshold",
        "analytical_status": "accepted-baseline",
        "source_precedence": "Official sources govern"
      }
    },
    {
      "type": "Feature",
      "id": "WCP-002-RBR-056",
      "geometry": {
        "type": "MultiPolygon",
        "coordinates": [
          [
            [
              [
                -120.83317862,
                44.9591817
              ],
              [
                -120.8331854,
                44.95900179
              ],
              [
                -120.83242521,
                44.95898736
              ],
              [
                -120.83241843,
                44.95916727
              ],
              [
                -120.83317862,
                44.9591817
              ]
            ]
          ]
        ]
      },
      "properties": {
        "candidate_id": "WCP-002",
        "component_id": "WCP-002-RBR-056",
        "pixel_count": 3,
        "area_m2": 1200.0,
        "analytical_method": "burnlens-baseline-v0.1.0 rbr-threshold",
        "analytical_status": "accepted-baseline",
        "source_precedence": "Official sources govern"
      }
    },
    {
      "type": "Feature",
      "id": "WCP-002-RBR-057",
      "geometry": {
        "type": "MultiPolygon",
        "coordinates": [
          [
            [
              [
                -120.8329618,
                44.96493885
              ],
              [
                -120.83296858,
                44.96475893
              ],
              [
                -120.83271516,
                44.96475412
              ],
              [
                -120.83270838,
                44.96493403
              ],
              [
                -120.8329618,
                44.96493885
              ]
            ]
          ]
        ]
      },
      "properties": {
        "candidate_id": "WCP-002",
        "component_id": "WCP-002-RBR-057",
        "pixel_count": 1,
        "area_m2": 400.0,
        "analytical_method": "burnlens-baseline-v0.1.0 rbr-threshold",
        "analytical_status": "accepted-baseline",
        "source_precedence": "Official sources govern"
      }
    },
    {
      "type": "Feature",
      "id": "WCP-002-RBR-058",
      "geometry": {
        "type": "MultiPolygon",
        "coordinates": [
          [
            [
              [
                -120.83291436,
                44.96619822
              ],
              [
                -120.83292792,
                44.9658384
              ],
              [
                -120.83267449,
                44.96583359
              ],
              [
                -120.83266094,
                44.96619341
              ],
              [
                -120.83291436,
                44.96619822
              ]
            ]
          ]
        ]
      },
      "properties": {
        "candidate_id": "WCP-002",
        "component_id": "WCP-002-RBR-058",
        "pixel_count": 2,
        "area_m2": 800.0,
        "analytical_method": "burnlens-baseline-v0.1.0 rbr-threshold",
        "analytical_status": "accepted-baseline",
        "source_precedence": "Official sources govern"
      }
    },
    {
      "type": "Feature",
      "id": "WCP-002-RBR-059",
      "geometry": {
        "type": "MultiPolygon",
        "coordinates": [
          [
            [
              [
                -120.83286692,
                44.96745759
              ],
              [
                -120.8328737,
                44.96727768
              ],
              [
                -120.83262027,
                44.96727287
              ],
              [
                -120.83261349,
                44.96745278
              ],
              [
                -120.83286692,
                44.96745759
              ]
            ]
          ]
        ]
      },
      "properties": {
        "candidate_id": "WCP-002",
        "component_id": "WCP-002-RBR-059",
        "pixel_count": 1,
        "area_m2": 400.0,
        "analytical_method": "burnlens-baseline-v0.1.0 rbr-threshold",
        "analytical_status": "accepted-baseline",
        "source_precedence": "Official sources govern"
      }
    },
    {
      "type": "Feature",
      "id": "WCP-002-RBR-060",
      "geometry": {
        "type": "MultiPolygon",
        "coordinates": [
          [
            [
              [
                -120.83293878,
                44.95881707
              ],
              [
                -120.83294555,
                44.95863716
              ],
              [
                -120.83269216,
                44.95863235
              ],
              [
                -120.83268538,
                44.95881226
              ],
              [
                -120.83293878,
                44.95881707
              ]
            ]
          ]
        ]
      },
      "properties": {
        "candidate_id": "WCP-002",
        "component_id": "WCP-002-RBR-060",
        "pixel_count": 1,
        "area_m2": 400.0,
        "analytical_method": "burnlens-baseline-v0.1.0 rbr-threshold",
        "analytical_status": "accepted-baseline",
        "source_precedence": "Official sources govern"
      }
    },
    {
      "type": "Feature",
      "id": "WCP-002-RBR-061",
      "geometry": {
        "type": "MultiPolygon",
        "coordinates": [
          [
            [
              [
                -120.83267449,
                44.96583359
              ],
              [
                -120.83269482,
                44.96529386
              ],
              [
                -120.83218798,
                44.96528423
              ],
              [
                -120.8321812,
                44.96546414
              ],
              [
                -120.83243462,
                44.96546895
              ],
              [
                -120.83242784,
                44.96564886
              ],
              [
                -120.83217442,
                44.96564405
              ],
              [
                -120.83216764,
                44.96582396
              ],
              [
                -120.83267449,
                44.96583359
              ]
            ]
          ]
        ]
      },
      "properties": {
        "candidate_id": "WCP-002",
        "component_id": "WCP-002-RBR-061",
        "pixel_count": 5,
        "area_m2": 2000.0,
        "analytical_method": "burnlens-baseline-v0.1.0 rbr-threshold",
        "analytical_status": "accepted-baseline",
        "source_precedence": "Official sources govern"
      }
    },
    {
      "type": "Feature",
      "id": "WCP-002-RBR-062",
      "geometry": {
        "type": "MultiPolygon",
        "coordinates": [
          [
            [
              [
                -120.8326406,
                44.96673314
              ],
              [
                -120.83264738,
                44.96655323
              ],
              [
                -120.83239395,
                44.96654842
              ],
              [
                -120.83238717,
                44.96672833
              ],
              [
                -120.8326406,
                44.96673314
              ]
            ]
          ]
        ]
      },
      "properties": {
        "candidate_id": "WCP-002",
        "component_id": "WCP-002-RBR-062",
        "pixel_count": 1,
        "area_m2": 400.0,
        "analytical_method": "burnlens-baseline-v0.1.0 rbr-threshold",
        "analytical_status": "accepted-baseline",
        "source_precedence": "Official sources govern"
      }
    },
    {
      "type": "Feature",
      "id": "WCP-002-RBR-063",
      "geometry": {
        "type": "MultiPolygon",
        "coordinates": [
          [
            [
              [
                -120.83260671,
                44.96763269
              ],
              [
                -120.83261349,
                44.96745278
              ],
              [
                -120.83236006,
                44.96744797
              ],
              [
                -120.83235328,
                44.96762788
              ],
              [
                -120.83260671,
                44.96763269
              ]
            ]
          ]
        ]
      },
      "properties": {
        "candidate_id": "WCP-002",
        "component_id": "WCP-002-RBR-063",
        "pixel_count": 1,
        "area_m2": 400.0,
        "analytical_method": "burnlens-baseline-v0.1.0 rbr-threshold",
        "analytical_status": "accepted-baseline",
        "source_precedence": "Official sources govern"
      }
    },
    {
      "type": "Feature",
      "id": "WCP-002-RBR-064",
      "geometry": {
        "type": "MultiPolygon",
        "coordinates": [
          [
            [
              [
                -120.83263117,
                44.96025154
              ],
              [
                -120.83263795,
                44.96007163
              ],
              [
                -120.83238455,
                44.96006682
              ],
              [
                -120.83237777,
                44.96024673
              ],
              [
                -120.83263117,
                44.96025154
              ]
            ]
          ]
        ]
      },
      "properties": {
        "candidate_id": "WCP-002",
        "component_id": "WCP-002-RBR-064",
        "pixel_count": 1,
        "area_m2": 400.0,
        "analytical_method": "burnlens-baseline-v0.1.0 rbr-threshold",
        "analytical_status": "accepted-baseline",
        "source_precedence": "Official sources govern"
      }
    },
    {
      "type": "Feature",
      "id": "WCP-002-RBR-065",
      "geometry": {
        "type": "MultiPolygon",
        "coordinates": [
          [
            [
              [
                -120.83246851,
                44.9645694
              ],
              [
                -120.83248885,
                44.96402967
              ],
              [
                -120.83223543,
                44.96402486
              ],
              [
                -120.83221509,
                44.96456459
              ],
              [
                -120.83246851,
                44.9645694
              ]
            ]
          ]
        ]
      },
      "properties": {
        "candidate_id": "WCP-002",
        "component_id": "WCP-002-RBR-065",
        "pixel_count": 3,
        "area_m2": 1200.0,
        "analytical_method": "burnlens-baseline-v0.1.0 rbr-threshold",
        "analytical_status": "accepted-baseline",
        "source_precedence": "Official sources govern"
      }
    },
    {
      "type": "Feature",
      "id": "WCP-002-RBR-066",
      "geometry": {
        "type": "MultiPolygon",
        "coordinates": [
          [
            [
              [
                -120.83236684,
                44.96726806
              ],
              [
                -120.83238717,
                44.96672833
              ],
              [
                -120.83188031,
                44.9667187
              ],
              [
                -120.83185997,
                44.96725843
              ],
              [
                -120.83236684,
                44.96726806
              ]
            ]
          ]
        ]
      },
      "properties": {
        "candidate_id": "WCP-002",
        "component_id": "WCP-002-RBR-066",
        "pixel_count": 6,
        "area_m2": 2400.0,
        "analytical_method": "burnlens-baseline-v0.1.0 rbr-threshold",
        "analytical_status": "accepted-baseline",
        "source_precedence": "Official sources govern"
      }
    },
    {
      "type": "Feature",
      "id": "WCP-002-RBR-067",
      "geometry": {
        "type": "MultiPolygon",
        "coordinates": [
          [
            [
              [
                -120.83230582,
                44.96888725
              ],
              [
                -120.83232616,
                44.96834752
              ],
              [
                -120.83207272,
                44.96834271
              ],
              [
                -120.83205238,
                44.96888244
              ],
              [
                -120.83230582,
                44.96888725
              ]
            ]
          ]
        ]
      },
      "properties": {
        "candidate_id": "WCP-002",
        "component_id": "WCP-002-RBR-067",
        "pixel_count": 3,
        "area_m2": 1200.0,
        "analytical_method": "burnlens-baseline-v0.1.0 rbr-threshold",
        "analytical_status": "accepted-baseline",
        "source_precedence": "Official sources govern"
      }
    },
    {
      "type": "Feature",
      "id": "WCP-002-RBR-068",
      "geometry": {
        "type": "MultiPolygon",
        "coordinates": [
          [
            [
              [
                -120.83242521,
                44.95898736
              ],
              [
                -120.83245909,
                44.9580878
              ],
              [
                -120.8322057,
                44.95808299
              ],
              [
                -120.83221248,
                44.95790308
              ],
              [
                -120.83195909,
                44.95789827
              ],
              [
                -120.83196587,
                44.95771836
              ],
              [
                -120.83221926,
                44.95772317
              ],
              [
                -120.83222603,
                44.95754326
              ],
              [
                -120.83095909,
                44.95751919
              ],
              [
                -120.83095231,
                44.9576991
              ],
              [
                -120.83069892,
                44.95769429
              ],
              [
                -120.83069214,
                44.9578742
              ],
              [
                -120.83043875,
                44.95786938
              ],
              [
                -120.83045231,
                44.95750956
              ],
              [
                -120.82842521,
                44.95747102
              ],
              [
                -120.82841163,
                44.95783084
              ],
              [
                -120.82815824,
                44.95782602
              ],
              [
                -120.82815145,
                44.95800593
              ],
              [
                -120.82789806,
                44.95800111
              ],
              [
                -120.82788448,
                44.95836093
              ],
              [
                -120.82763109,
                44.9583561
              ],
              [
                -120.82762429,
                44.95853601
              ],
              [
                -120.82838447,
                44.95855048
              ],
              [
                -120.82837768,
                44.95873039
              ],
              [
                -120.82863108,
                44.95873521
              ],
              [
                -120.82865144,
                44.95819548
              ],
              [
                -120.82890483,
                44.9582003
              ],
              [
                -120.82891162,
                44.95802039
              ],
              [
                -120.82865823,
                44.95801557
              ],
              [
                -120.82867181,
                44.95765575
              ],
              [
                -120.82943197,
                44.9576702
              ],
              [
                -120.82942519,
                44.95785011
              ],
              [
                -120.82993197,
                44.95785975
              ],
              [
                -120.82992518,
                44.95803966
              ],
              [
                -120.83043196,
                44.95804929
              ],
              [
                -120.83042518,
                44.9582292
              ],
              [
                -120.83118536,
                44.95824365
              ],
              [
                -120.83117858,
                44.95842356
              ],
              [
                -120.83143197,
                44.95842837
              ],
              [
                -120.83142519,
                44.95860828
              ],
              [
                -120.83167858,
                44.9586131
              ],
              [
                -120.8316718,
                44.95879301
              ],
              [
                -120.83217859,
                44.95880263
              ],
              [
                -120.83217181,
                44.95898254
              ],
              [
                -120.83242521,
                44.95898736
              ]
            ],
            [
              [
                -120.83193198,
                44.95861791
              ],
              [
                -120.83167858,
                44.9586131
              ],
              [
                -120.83168536,
                44.95843319
              ],
              [
                -120.83193875,
                44.958438
              ],
              [
                -120.83193198,
                44.95861791
              ]
            ],
            [
              [
                -120.82839126,
                44.95837057
              ],
              [
                -120.82813787,
                44.95836575
              ],
              [
                -120.82814466,
                44.95818584
              ],
              [
                -120.82839805,
                44.95819066
              ],
              [
                -120.82839126,
                44.95837057
              ]
            ],
            [
              [
                -120.83119214,
                44.95806374
              ],
              [
                -120.83093875,
                44.95805892
              ],
              [
                -120.83094553,
                44.95787901
              ],
              [
                -120.83119892,
                44.95788383
              ],
              [
                -120.83119214,
                44.95806374
              ]
            ]
          ]
        ]
      },
      "properties": {
        "candidate_id": "WCP-002",
        "component_id": "WCP-002-RBR-068",
        "pixel_count": 64,
        "area_m2": 25600.0,
        "analytical_method": "burnlens-baseline-v0.1.0 rbr-threshold",
        "analytical_status": "accepted-baseline",
        "source_precedence": "Official sources govern"
      }
    },
    {
      "type": "Feature",
      "id": "WCP-002-RBR-069",
      "geometry": {
        "type": "MultiPolygon",
        "coordinates": [
          [
            [
              [
                -120.83246587,
                44.95790789
              ],
              [
                -120.83247265,
                44.95772798
              ],
              [
                -120.83221926,
                44.95772317
              ],
              [
                -120.83221248,
                44.95790308
              ],
              [
                -120.83246587,
                44.95790789
              ]
            ]
          ]
        ]
      },
      "properties": {
        "candidate_id": "WCP-002",
        "component_id": "WCP-002-RBR-069",
        "pixel_count": 1,
        "area_m2": 400.0,
        "analytical_method": "burnlens-baseline-v0.1.0 rbr-threshold",
        "analytical_status": "accepted-baseline",
        "source_precedence": "Official sources govern"
      }
    },
    {
      "type": "Feature",
      "id": "WCP-002-RBR-070",
      "geometry": {
        "type": "MultiPolygon",
        "coordinates": [
          [
            [
              [
                -120.83239132,
                44.95988691
              ],
              [
                -120.83241843,
                44.95916727
              ],
              [
                -120.83216504,
                44.95916246
              ],
              [
                -120.83213792,
                44.9598821
              ],
              [
                -120.83239132,
                44.95988691
              ]
            ]
          ]
        ]
      },
      "properties": {
        "candidate_id": "WCP-002",
        "component_id": "WCP-002-RBR-070",
        "pixel_count": 4,
        "area_m2": 1600.0,
        "analytical_method": "burnlens-baseline-v0.1.0 rbr-threshold",
        "analytical_status": "accepted-baseline",
        "source_precedence": "Official sources govern"
      }
    },
    {
      "type": "Feature",
      "id": "WCP-002-RBR-071",
      "geometry": {
        "type": "MultiPolygon",
        "coordinates": [
          [
            [
              [
                -120.83237099,
                44.96042664
              ],
              [
                -120.83237777,
                44.96024673
              ],
              [
                -120.83212437,
                44.96024192
              ],
              [
                -120.83211759,
                44.96042183
              ],
              [
                -120.83237099,
                44.96042664
              ]
            ]
          ]
        ]
      },
      "properties": {
        "candidate_id": "WCP-002",
        "component_id": "WCP-002-RBR-071",
        "pixel_count": 1,
        "area_m2": 400.0,
        "analytical_method": "burnlens-baseline-v0.1.0 rbr-threshold",
        "analytical_status": "accepted-baseline",
        "source_precedence": "Official sources govern"
      }
    },
    {
      "type": "Feature",
      "id": "WCP-002-RBR-072",
      "geometry": {
        "type": "MultiPolygon",
        "coordinates": [
          [
            [
              [
                -120.83220832,
                44.9647445
              ],
              [
                -120.83221509,
                44.96456459
              ],
              [
                -120.83196167,
                44.96455978
              ],
              [
                -120.8319549,
                44.96473969
              ],
              [
                -120.83220832,
                44.9647445
              ]
            ]
          ]
        ]
      },
      "properties": {
        "candidate_id": "WCP-002",
        "component_id": "WCP-002-RBR-072",
        "pixel_count": 1,
        "area_m2": 400.0,
        "analytical_method": "burnlens-baseline-v0.1.0 rbr-threshold",
        "analytical_status": "accepted-baseline",
        "source_precedence": "Official sources govern"
      }
    },
    {
      "type": "Feature",
      "id": "WCP-002-RBR-073",
      "geometry": {
        "type": "MultiPolygon",
        "coordinates": [
          [
            [
              [
                -120.83214052,
                44.9665436
              ],
              [
                -120.8321473,
                44.96636369
              ],
              [
                -120.83189387,
                44.96635888
              ],
              [
                -120.83188709,
                44.96653879
              ],
              [
                -120.83214052,
                44.9665436
              ]
            ]
          ]
        ]
      },
      "properties": {
        "candidate_id": "WCP-002",
        "component_id": "WCP-002-RBR-073",
        "pixel_count": 1,
        "area_m2": 400.0,
        "analytical_method": "burnlens-baseline-v0.1.0 rbr-threshold",
        "analytical_status": "accepted-baseline",
        "source_precedence": "Official sources govern"
      }
    },
    {
      "type": "Feature",
      "id": "WCP-002-RBR-074",
      "geometry": {
        "type": "MultiPolygon",
        "coordinates": [
          [
            [
              [
                -120.83213115,
                44.96006201
              ],
              [
                -120.83213792,
                44.9598821
              ],
              [
                -120.83188453,
                44.95987729
              ],
              [
                -120.83187775,
                44.9600572
              ],
              [
                -120.83213115,
                44.96006201
              ]
            ]
          ]
        ]
      },
      "properties": {
        "candidate_id": "WCP-002",
        "component_id": "WCP-002-RBR-074",
        "pixel_count": 1,
        "area_m2": 400.0,
        "analytical_method": "burnlens-baseline-v0.1.0 rbr-threshold",
        "analytical_status": "accepted-baseline",
        "source_precedence": "Official sources govern"
      }
    },
    {
      "type": "Feature",
      "id": "WCP-002-RBR-075",
      "geometry": {
        "type": "MultiPolygon",
        "coordinates": [
          [
            [
              [
                -120.83196845,
                44.96437987
              ],
              [
                -120.83197523,
                44.96419995
              ],
              [
                -120.83172182,
                44.96419514
              ],
              [
                -120.83171504,
                44.96437505
              ],
              [
                -120.83196845,
                44.96437987
              ]
            ]
          ]
        ]
      },
      "properties": {
        "candidate_id": "WCP-002",
        "component_id": "WCP-002-RBR-075",
        "pixel_count": 1,
        "area_m2": 400.0,
        "analytical_method": "burnlens-baseline-v0.1.0 rbr-threshold",
        "analytical_status": "accepted-baseline",
        "source_precedence": "Official sources govern"
      }
    },
    {
      "type": "Feature",
      "id": "WCP-002-RBR-076",
      "geometry": {
        "type": "MultiPolygon",
        "coordinates": [
          [
            [
              [
                -120.83188031,
                44.9667187
              ],
              [
                -120.83188709,
                44.96653879
              ],
              [
                -120.83163367,
                44.96653398
              ],
              [
                -120.83165401,
                44.96599425
              ],
              [
                -120.83140058,
                44.96598943
              ],
              [
                -120.8313938,
                44.96616934
              ],
              [
                -120.83088695,
                44.96615971
              ],
              [
                -120.83087338,
                44.96651953
              ],
              [
                -120.83138024,
                44.96652916
              ],
              [
                -120.83137346,
                44.96670907
              ],
              [
                -120.83188031,
                44.9667187
              ]
            ]
          ]
        ]
      },
      "properties": {
        "candidate_id": "WCP-002",
        "component_id": "WCP-002-RBR-076",
        "pixel_count": 9,
        "area_m2": 3600.0,
        "analytical_method": "burnlens-baseline-v0.1.0 rbr-threshold",
        "analytical_status": "accepted-baseline",
        "source_precedence": "Official sources govern"
      }
    },
    {
      "type": "Feature",
      "id": "WCP-002-RBR-077",
      "geometry": {
        "type": "MultiPolygon",
        "coordinates": [
          [
            [
              [
                -120.83185741,
                44.96059693
              ],
              [
                -120.83187097,
                44.96023711
              ],
              [
                -120.83161757,
                44.96023229
              ],
              [
                -120.83160401,
                44.96059212
              ],
              [
                -120.83185741,
                44.96059693
              ]
            ]
          ]
        ]
      },
      "properties": {
        "candidate_id": "WCP-002",
        "component_id": "WCP-002-RBR-077",
        "pixel_count": 2,
        "area_m2": 800.0,
        "analytical_method": "burnlens-baseline-v0.1.0 rbr-threshold",
        "analytical_status": "accepted-baseline",
        "source_precedence": "Official sources govern"
      }
    },
    {
      "type": "Feature",
      "id": "WCP-002-RBR-078",
      "geometry": {
        "type": "MultiPolygon",
        "coordinates": [
          [
            [
              [
                -120.8317286,
                44.96401523
              ],
              [
                -120.83173538,
                44.96383532
              ],
              [
                -120.83148196,
                44.96383051
              ],
              [
                -120.83147518,
                44.96401042
              ],
              [
                -120.8317286,
                44.96401523
              ]
            ]
          ]
        ]
      },
      "properties": {
        "candidate_id": "WCP-002",
        "component_id": "WCP-002-RBR-078",
        "pixel_count": 1,
        "area_m2": 400.0,
        "analytical_method": "burnlens-baseline-v0.1.0 rbr-threshold",
        "analytical_status": "accepted-baseline",
        "source_precedence": "Official sources govern"
      }
    },
    {
      "type": "Feature",
      "id": "WCP-002-RBR-079",
      "geometry": {
        "type": "MultiPolygon",
        "coordinates": [
          [
            [
              [
                -120.83154551,
                44.96887281
              ],
              [
                -120.83155229,
                44.9686929
              ],
              [
                -120.83129885,
                44.96868809
              ],
              [
                -120.83129207,
                44.968868
              ],
              [
                -120.83154551,
                44.96887281
              ]
            ]
          ]
        ]
      },
      "properties": {
        "candidate_id": "WCP-002",
        "component_id": "WCP-002-RBR-079",
        "pixel_count": 1,
        "area_m2": 400.0,
        "analytical_method": "burnlens-baseline-v0.1.0 rbr-threshold",
        "analytical_status": "accepted-baseline",
        "source_precedence": "Official sources govern"
      }
    },
    {
      "type": "Feature",
      "id": "WCP-002-RBR-080",
      "geometry": {
        "type": "MultiPolygon",
        "coordinates": [
          [
            [
              [
                -120.83135989,
                44.96706889
              ],
              [
                -120.83136667,
                44.96688898
              ],
              [
                -120.83111324,
                44.96688417
              ],
              [
                -120.83110646,
                44.96706408
              ],
              [
                -120.83135989,
                44.96706889
              ]
            ]
          ]
        ]
      },
      "properties": {
        "candidate_id": "WCP-002",
        "component_id": "WCP-002-RBR-080",
        "pixel_count": 1,
        "area_m2": 400.0,
        "analytical_method": "burnlens-baseline-v0.1.0 rbr-threshold",
        "analytical_status": "accepted-baseline",
        "source_precedence": "Official sources govern"
      }
    },
    {
      "type": "Feature",
      "id": "WCP-002-RBR-081",
      "geometry": {
        "type": "MultiPolygon",
        "coordinates": [
          [
            [
              [
                -120.83122854,
                44.96382569
              ],
              [
                -120.83123533,
                44.96364578
              ],
              [
                -120.83098191,
                44.96364097
              ],
              [
                -120.83097513,
                44.96382088
              ],
              [
                -120.83122854,
                44.96382569
              ]
            ]
          ]
        ]
      },
      "properties": {
        "candidate_id": "WCP-002",
        "component_id": "WCP-002-RBR-081",
        "pixel_count": 1,
        "area_m2": 400.0,
        "analytical_method": "burnlens-baseline-v0.1.0 rbr-threshold",
        "analytical_status": "accepted-baseline",
        "source_precedence": "Official sources govern"
      }
    },
    {
      "type": "Feature",
      "id": "WCP-002-RBR-082",
      "geometry": {
        "type": "MultiPolygon",
        "coordinates": [
          [
            [
              [
                -120.8312082,
                44.96436542
              ],
              [
                -120.83121498,
                44.96418551
              ],
              [
                -120.83070814,
                44.96417588
              ],
              [
                -120.83072171,
                44.96381606
              ],
              [
                -120.83046829,
                44.96381125
              ],
              [
                -120.83047508,
                44.96363133
              ],
              [
                -120.83022166,
                44.96362652
              ],
              [
                -120.83020809,
                44.96398634
              ],
              [
                -120.82995468,
                44.96398152
              ],
              [
                -120.82994111,
                44.96434134
              ],
              [
                -120.83019452,
                44.96434616
              ],
              [
                -120.83020131,
                44.96416625
              ],
              [
                -120.83045473,
                44.96417107
              ],
              [
                -120.83044794,
                44.96435098
              ],
              [
                -120.8312082,
                44.96436542
              ]
            ]
          ]
        ]
      },
      "properties": {
        "candidate_id": "WCP-002",
        "component_id": "WCP-002-RBR-082",
        "pixel_count": 10,
        "area_m2": 4000.0,
        "analytical_method": "burnlens-baseline-v0.1.0 rbr-threshold",
        "analytical_status": "accepted-baseline",
        "source_precedence": "Official sources govern"
      }
    },
    {
      "type": "Feature",
      "id": "WCP-002-RBR-083",
      "geometry": {
        "type": "MultiPolygon",
        "coordinates": [
          [
            [
              [
                -120.83111324,
                44.96688417
              ],
              [
                -120.83112003,
                44.96670426
              ],
              [
                -120.83061317,
                44.96669463
              ],
              [
                -120.83061995,
                44.96651472
              ],
              [
                -120.83036653,
                44.9665099
              ],
              [
                -120.83035295,
                44.96686972
              ],
              [
                -120.83111324,
                44.96688417
              ]
            ]
          ]
        ]
      },
      "properties": {
        "candidate_id": "WCP-002",
        "component_id": "WCP-002-RBR-083",
        "pixel_count": 4,
        "area_m2": 1600.0,
        "analytical_method": "burnlens-baseline-v0.1.0 rbr-threshold",
        "analytical_status": "accepted-baseline",
        "source_precedence": "Official sources govern"
      }
    },
    {
      "type": "Feature",
      "id": "WCP-002-RBR-084",
      "geometry": {
        "type": "MultiPolygon",
        "coordinates": [
          [
            [
              [
                -120.83110399,
                44.96040258
              ],
              [
                -120.83111077,
                44.96022267
              ],
              [
                -120.83085737,
                44.96021785
              ],
              [
                -120.83085058,
                44.96039776
              ],
              [
                -120.83110399,
                44.96040258
              ]
            ]
          ]
        ]
      },
      "properties": {
        "candidate_id": "WCP-002",
        "component_id": "WCP-002-RBR-084",
        "pixel_count": 1,
        "area_m2": 400.0,
        "analytical_method": "burnlens-baseline-v0.1.0 rbr-threshold",
        "analytical_status": "accepted-baseline",
        "source_precedence": "Official sources govern"
      }
    },
    {
      "type": "Feature",
      "id": "WCP-002-RBR-085",
      "geometry": {
        "type": "MultiPolygon",
        "coordinates": [
          [
            [
              [
                -120.83099547,
                44.96328115
              ],
              [
                -120.83100226,
                44.96310123
              ],
              [
                -120.83074884,
                44.96309642
              ],
              [
                -120.83075563,
                44.96291651
              ],
              [
                -120.83050221,
                44.96291169
              ],
              [
                -120.83048865,
                44.96327151
              ],
              [
                -120.83099547,
                44.96328115
              ]
            ]
          ]
        ]
      },
      "properties": {
        "candidate_id": "WCP-002",
        "component_id": "WCP-002-RBR-085",
        "pixel_count": 3,
        "area_m2": 1200.0,
        "analytical_method": "burnlens-baseline-v0.1.0 rbr-threshold",
        "analytical_status": "accepted-baseline",
        "source_precedence": "Official sources govern"
      }
    },
    {
      "type": "Feature",
      "id": "WCP-002-RBR-086",
      "geometry": {
        "type": "MultiPolygon",
        "coordinates": [
          [
            [
              [
                -120.83083702,
                44.96075758
              ],
              [
                -120.8308438,
                44.96057767
              ],
              [
                -120.8305904,
                44.96057286
              ],
              [
                -120.83058362,
                44.96075277
              ],
              [
                -120.83083702,
                44.96075758
              ]
            ]
          ]
        ]
      },
      "properties": {
        "candidate_id": "WCP-002",
        "component_id": "WCP-002-RBR-086",
        "pixel_count": 1,
        "area_m2": 400.0,
        "analytical_method": "burnlens-baseline-v0.1.0 rbr-threshold",
        "analytical_status": "accepted-baseline",
        "source_precedence": "Official sources govern"
      }
    },
    {
      "type": "Feature",
      "id": "WCP-002-RBR-087",
      "geometry": {
        "type": "MultiPolygon",
        "coordinates": [
          [
            [
              [
                -120.83052497,
                44.96903346
              ],
              [
                -120.83053175,
                44.96885355
              ],
              [
                -120.83027831,
                44.96884873
              ],
              [
                -120.83027153,
                44.96902864
              ],
              [
                -120.83052497,
                44.96903346
              ]
            ]
          ]
        ]
      },
      "properties": {
        "candidate_id": "WCP-002",
        "component_id": "WCP-002-RBR-087",
        "pixel_count": 1,
        "area_m2": 400.0,
        "analytical_method": "burnlens-baseline-v0.1.0 rbr-threshold",
        "analytical_status": "accepted-baseline",
        "source_precedence": "Official sources govern"
      }
    },
    {
      "type": "Feature",
      "id": "WCP-002-RBR-088",
      "geometry": {
        "type": "MultiPolygon",
        "coordinates": [
          [
            [
              [
                -120.83061753,
                44.95985321
              ],
              [
                -120.83062431,
                44.9596733
              ],
              [
                -120.83011752,
                44.95966367
              ],
              [
                -120.83011073,
                44.95984358
              ],
              [
                -120.83061753,
                44.95985321
              ]
            ]
          ]
        ]
      },
      "properties": {
        "candidate_id": "WCP-002",
        "component_id": "WCP-002-RBR-088",
        "pixel_count": 2,
        "area_m2": 800.0,
        "analytical_method": "burnlens-baseline-v0.1.0 rbr-threshold",
        "analytical_status": "accepted-baseline",
        "source_precedence": "Official sources govern"
      }
    },
    {
      "type": "Feature",
      "id": "WCP-002-RBR-089",
      "geometry": {
        "type": "MultiPolygon",
        "coordinates": [
          [
            [
              [
                -120.82925777,
                44.96900937
              ],
              [
                -120.82927135,
                44.96864955
              ],
              [
                -120.82977822,
                44.96865919
              ],
              [
                -120.82981216,
                44.96775964
              ],
              [
                -120.82955873,
                44.96775482
              ],
              [
                -120.82954515,
                44.96811464
              ],
              [
                -120.82929172,
                44.96810982
              ],
              [
                -120.82928493,
                44.96828973
              ],
              [
                -120.82903149,
                44.96828491
              ],
              [
                -120.82904507,
                44.96792509
              ],
              [
                -120.82929851,
                44.96792991
              ],
              [
                -120.82930529,
                44.96775
              ],
              [
                -120.82905186,
                44.96774518
              ],
              [
                -120.82906544,
                44.96738536
              ],
              [
                -120.82931887,
                44.96739018
              ],
              [
                -120.82932566,
                44.96721027
              ],
              [
                -120.82907223,
                44.96720545
              ],
              [
                -120.8290926,
                44.96666572
              ],
              [
                -120.82934603,
                44.96667054
              ],
              [
                -120.82935281,
                44.96649063
              ],
              [
                -120.82884596,
                44.96648099
              ],
              [
                -120.82885954,
                44.96612117
              ],
              [
                -120.82936639,
                44.96613081
              ],
              [
                -120.82937318,
                44.9659509
              ],
              [
                -120.8296266,
                44.96595572
              ],
              [
                -120.82961982,
                44.96613563
              ],
              [
                -120.83012667,
                44.96614526
              ],
              [
                -120.83015381,
                44.96542562
              ],
              [
                -120.82990039,
                44.9654208
              ],
              [
                -120.82990717,
                44.96524089
              ],
              [
                -120.82864006,
                44.9652168
              ],
              [
                -120.82863327,
                44.96539671
              ],
              [
                -120.82837985,
                44.96539189
              ],
              [
                -120.82838664,
                44.96521198
              ],
              [
                -120.82813322,
                44.96520716
              ],
              [
                -120.82815359,
                44.96466743
              ],
              [
                -120.82790018,
                44.9646626
              ],
              [
                -120.82792055,
                44.96412287
              ],
              [
                -120.82842739,
                44.96413252
              ],
              [
                -120.8284206,
                44.96431243
              ],
              [
                -120.82892743,
                44.96432207
              ],
              [
                -120.82893422,
                44.96414216
              ],
              [
                -120.82944106,
                44.9641518
              ],
              [
                -120.82944784,
                44.96397189
              ],
              [
                -120.82919443,
                44.96396707
              ],
              [
                -120.82920121,
                44.96378716
              ],
              [
                -120.82869438,
                44.96377752
              ],
              [
                -120.82870117,
                44.96359761
              ],
              [
                -120.82819434,
                44.96358797
              ],
              [
                -120.82820793,
                44.96322814
              ],
              [
                -120.82795451,
                44.96322332
              ],
              [
                -120.82794772,
                44.96340323
              ],
              [
                -120.82769431,
                44.96339841
              ],
              [
                -120.82770789,
                44.96303859
              ],
              [
                -120.82745448,
                44.96303377
              ],
              [
                -120.82747486,
                44.96249404
              ],
              [
                -120.82722145,
                44.96248921
              ],
              [
                -120.82724183,
                44.96194948
              ],
              [
                -120.82698842,
                44.96194466
              ],
              [
                -120.82700201,
                44.96158484
              ],
              [
                -120.82674861,
                44.96158002
              ],
              [
                -120.82676899,
                44.96104029
              ],
              [
                -120.8270224,
                44.96104511
              ],
              [
                -120.82702919,
                44.9608652
              ],
              [
                -120.82728259,
                44.96087002
              ],
              [
                -120.82728939,
                44.96069011
              ],
              [
                -120.82703598,
                44.96068529
              ],
              [
                -120.82704278,
                44.96050538
              ],
              [
                -120.82678938,
                44.96050056
              ],
              [
                -120.82678258,
                44.96068047
              ],
              [
                -120.82652918,
                44.96067564
              ],
              [
                -120.82654277,
                44.96031582
              ],
              [
                -120.82628937,
                44.960311
              ],
              [
                -120.82633015,
                44.95923154
              ],
              [
                -120.82658354,
                44.95923636
              ],
              [
                -120.82659034,
                44.95905645
              ],
              [
                -120.82684373,
                44.95906128
              ],
              [
                -120.82685732,
                44.95870146
              ],
              [
                -120.82660393,
                44.95869663
              ],
              [
                -120.82661073,
                44.95851672
              ],
              [
                -120.82635733,
                44.9585119
              ],
              [
                -120.82636413,
                44.95833199
              ],
              [
                -120.82585735,
                44.95832233
              ],
              [
                -120.82589133,
                44.95742278
              ],
              [
                -120.82437101,
                44.95739382
              ],
              [
                -120.82436421,
                44.95757373
              ],
              [
                -120.8246176,
                44.95757856
              ],
              [
                -120.82461079,
                44.95775847
              ],
              [
                -120.82435741,
                44.95775364
              ],
              [
                -120.8243506,
                44.95793355
              ],
              [
                -120.82460399,
                44.95793838
              ],
              [
                -120.82459039,
                44.9582982
              ],
              [
                -120.82484378,
                44.95830303
              ],
              [
                -120.82483698,
                44.95848294
              ],
              [
                -120.82458359,
                44.95847811
              ],
              [
                -120.82457679,
                44.95865802
              ],
              [
                -120.8243234,
                44.95865319
              ],
              [
                -120.82431659,
                44.9588331
              ],
              [
                -120.8240632,
                44.95882827
              ],
              [
                -120.8240564,
                44.95900818
              ],
              [
                -120.823803,
                44.95900335
              ],
              [
                -120.8237962,
                44.95918326
              ],
              [
                -120.82354281,
                44.95917843
              ],
              [
                -120.8235292,
                44.95953825
              ],
              [
                -120.82378259,
                44.95954308
              ],
              [
                -120.8237894,
                44.95936317
              ],
              [
                -120.82404279,
                44.959368
              ],
              [
                -120.82402238,
                44.95990773
              ],
              [
                -120.82376898,
                44.9599029
              ],
              [
                -120.82376218,
                44.96008281
              ],
              [
                -120.82401558,
                44.96008764
              ],
              [
                -120.82398836,
                44.96080728
              ],
              [
                -120.82424177,
                44.96081211
              ],
              [
                -120.82422816,
                44.96117192
              ],
              [
                -120.82448156,
                44.96117675
              ],
              [
                -120.82447476,
                44.96135666
              ],
              [
                -120.82472817,
                44.96136149
              ],
              [
                -120.82472136,
                44.9615414
              ],
              [
                -120.82446796,
                44.96153657
              ],
              [
                -120.82446116,
                44.96171648
              ],
              [
                -120.82420775,
                44.96171165
              ],
              [
                -120.82420095,
                44.96189156
              ],
              [
                -120.82369413,
                44.9618819
              ],
              [
                -120.82368052,
                44.96224172
              ],
              [
                -120.82317371,
                44.96223206
              ],
              [
                -120.8231669,
                44.96241197
              ],
              [
                -120.82266008,
                44.9624023
              ],
              [
                -120.82265328,
                44.96258221
              ],
              [
                -120.82214646,
                44.96257254
              ],
              [
                -120.82213284,
                44.96293236
              ],
              [
                -120.82238625,
                44.9629372
              ],
              [
                -120.82237944,
                44.96311711
              ],
              [
                -120.82263285,
                44.96312194
              ],
              [
                -120.82263966,
                44.96294203
              ],
              [
                -120.82289307,
                44.96294686
              ],
              [
                -120.82289988,
                44.96276695
              ],
              [
                -120.8234067,
                44.96277662
              ],
              [
                -120.8234135,
                44.96259671
              ],
              [
                -120.82392032,
                44.96260637
              ],
              [
                -120.82392713,
                44.96242646
              ],
              [
                -120.82418054,
                44.96243129
              ],
              [
                -120.82418734,
                44.96225138
              ],
              [
                -120.82444075,
                44.96225621
              ],
              [
                -120.82443395,
                44.96243612
              ],
              [
                -120.82468735,
                44.96244095
              ],
              [
                -120.82469416,
                44.96226104
              ],
              [
                -120.82494757,
                44.96226587
              ],
              [
                -120.82492716,
                44.9628056
              ],
              [
                -120.82518057,
                44.96281043
              ],
              [
                -120.82517377,
                44.96299034
              ],
              [
                -120.82492036,
                44.96298551
              ],
              [
                -120.82491356,
                44.96316542
              ],
              [
                -120.82542038,
                44.96317508
              ],
              [
                -120.82541358,
                44.96335499
              ],
              [
                -120.825667,
                44.96335981
              ],
              [
                -120.8256602,
                44.96353972
              ],
              [
                -120.82515337,
                44.96353007
              ],
              [
                -120.82513977,
                44.96388989
              ],
              [
                -120.82463294,
                44.96388023
              ],
              [
                -120.82462613,
                44.96406014
              ],
              [
                -120.82437272,
                44.96405531
              ],
              [
                -120.82435911,
                44.96441513
              ],
              [
                -120.82410569,
                44.9644103
              ],
              [
                -120.82409889,
                44.96459021
              ],
              [
                -120.82460573,
                44.96459987
              ],
              [
                -120.82461933,
                44.96424005
              ],
              [
                -120.82487275,
                44.96424488
              ],
              [
                -120.82486595,
                44.96442479
              ],
              [
                -120.82511937,
                44.96442962
              ],
              [
                -120.82512617,
                44.96424971
              ],
              [
                -120.82537958,
                44.96425454
              ],
              [
                -120.82538638,
                44.96407463
              ],
              [
                -120.8256398,
                44.96407945
              ],
              [
                -120.825633,
                44.96425936
              ],
              [
                -120.82588642,
                44.96426419
              ],
              [
                -120.82587282,
                44.96462401
              ],
              [
                -120.82612624,
                44.96462884
              ],
              [
                -120.82611944,
                44.96480875
              ],
              [
                -120.82535918,
                44.96479426
              ],
              [
                -120.82533878,
                44.96533399
              ],
              [
                -120.8255922,
                44.96533882
              ],
              [
                -120.8256058,
                44.964979
              ],
              [
                -120.82585922,
                44.96498383
              ],
              [
                -120.82583883,
                44.96552356
              ],
              [
                -120.8255854,
                44.96551873
              ],
              [
                -120.8255718,
                44.96587855
              ],
              [
                -120.82582523,
                44.96588338
              ],
              [
                -120.82583203,
                44.96570347
              ],
              [
                -120.82608545,
                44.96570829
              ],
              [
                -120.82609225,
                44.96552838
              ],
              [
                -120.8265991,
                44.96553804
              ],
              [
                -120.8265923,
                44.96571795
              ],
              [
                -120.82684572,
                44.96572277
              ],
              [
                -120.82683213,
                44.96608259
              ],
              [
                -120.82708556,
                44.96608741
              ],
              [
                -120.82707197,
                44.96644723
              ],
              [
                -120.82732539,
                44.96645206
              ],
              [
                -120.8273186,
                44.96663197
              ],
              [
                -120.82706517,
                44.96662714
              ],
              [
                -120.82705158,
                44.96698696
              ],
              [
                -120.82730501,
                44.96699179
              ],
              [
                -120.82729142,
                44.96735161
              ],
              [
                -120.82754485,
                44.96735643
              ],
              [
                -120.82753806,
                44.96753634
              ],
              [
                -120.82728462,
                44.96753152
              ],
              [
                -120.82727103,
                44.96789134
              ],
              [
                -120.8270176,
                44.96788651
              ],
              [
                -120.8270108,
                44.96806642
              ],
              [
                -120.82751767,
                44.96807607
              ],
              [
                -120.82751088,
                44.96825598
              ],
              [
                -120.82776431,
                44.9682608
              ],
              [
                -120.82775752,
                44.96844071
              ],
              [
                -120.82699721,
                44.96842624
              ],
              [
                -120.82700401,
                44.96824633
              ],
              [
                -120.82675057,
                44.96824151
              ],
              [
                -120.82675737,
                44.9680616
              ],
              [
                -120.82574363,
                44.96804229
              ],
              [
                -120.82573003,
                44.96840211
              ],
              [
                -120.82623691,
                44.96841177
              ],
              [
                -120.82621651,
                44.9689515
              ],
              [
                -120.82672339,
                44.96896115
              ],
              [
                -120.82673018,
                44.96878124
              ],
              [
                -120.82647675,
                44.96877641
              ],
              [
                -120.82649034,
                44.96841659
              ],
              [
                -120.82674378,
                44.96842142
              ],
              [
                -120.82673698,
                44.96860133
              ],
              [
                -120.82699042,
                44.96860615
              ],
              [
                -120.82697682,
                44.96896597
              ],
              [
                -120.82875089,
                44.96899973
              ],
              [
                -120.82875768,
                44.96881982
              ],
              [
                -120.82901112,
                44.96882464
              ],
              [
                -120.82900433,
                44.96900455
              ],
              [
                -120.82925777,
                44.96900937
              ]
            ],
            [
              [
                -120.82826439,
                44.96845036
              ],
              [
                -120.82801096,
                44.96844554
              ],
              [
                -120.82801775,
                44.96826563
              ],
              [
                -120.82827119,
                44.96827045
              ],
              [
                -120.82826439,
                44.96845036
              ]
            ],
            [
              [
                -120.8286808,
                44.96413734
              ],
              [
                -120.82842739,
                44.96413252
              ],
              [
                -120.82843418,
                44.96395261
              ],
              [
                -120.82868759,
                44.96395743
              ],
              [
                -120.8286808,
                44.96413734
              ]
            ],
            [
              [
                -120.82768751,
                44.96357832
              ],
              [
                -120.8274341,
                44.9635735
              ],
              [
                -120.82744089,
                44.96339359
              ],
              [
                -120.82769431,
                44.96339841
              ],
              [
                -120.82768751,
                44.96357832
              ]
            ],
            [
              [
                -120.82744769,
                44.96321368
              ],
              [
                -120.82719427,
                44.96320886
              ],
              [
                -120.82720107,
                44.96302895
              ],
              [
                -120.82745448,
                44.96303377
              ],
              [
                -120.82744769,
                44.96321368
              ]
            ],
            [
              [
                -120.82520097,
                44.9622707
              ],
              [
                -120.82494757,
                44.96226587
              ],
              [
                -120.82498157,
                44.96136632
              ],
              [
                -120.82523497,
                44.96137115
              ],
              [
                -120.82520097,
                44.9622707
              ]
            ],
            [
              [
                -120.82647481,
                44.96211492
              ],
              [
                -120.825968,
                44.96210527
              ],
              [
                -120.82597479,
                44.96192536
              ],
              [
                -120.82648161,
                44.96193501
              ],
              [
                -120.82647481,
                44.96211492
              ]
            ],
            [
              [
                -120.82597479,
                44.96192536
              ],
              [
                -120.82572139,
                44.96192053
              ],
              [
                -120.82572819,
                44.96174062
              ],
              [
                -120.82598159,
                44.96174545
              ],
              [
                -120.82597479,
                44.96192536
              ]
            ],
            [
              [
                -120.826235,
                44.96175028
              ],
              [
                -120.82598159,
                44.96174545
              ],
              [
                -120.82599519,
                44.96138563
              ],
              [
                -120.82624859,
                44.96139046
              ],
              [
                -120.826235,
                44.96175028
              ]
            ],
            [
              [
                -120.82498837,
                44.96118641
              ],
              [
                -120.82473497,
                44.96118158
              ],
              [
                -120.82474177,
                44.96100167
              ],
              [
                -120.82499517,
                44.9610065
              ],
              [
                -120.82498837,
                44.96118641
              ]
            ],
            [
              [
                -120.82500197,
                44.96082659
              ],
              [
                -120.82474857,
                44.96082176
              ],
              [
                -120.82475537,
                44.96064185
              ],
              [
                -120.82500877,
                44.96064668
              ],
              [
                -120.82500197,
                44.96082659
              ]
            ],
            [
              [
                -120.82606996,
                44.95940662
              ],
              [
                -120.82581656,
                44.95940179
              ],
              [
                -120.82583695,
                44.95886206
              ],
              [
                -120.82609035,
                44.95886689
              ],
              [
                -120.82606996,
                44.95940662
              ]
            ],
            [
              [
                -120.82556317,
                44.95939697
              ],
              [
                -120.82530977,
                44.95939214
              ],
              [
                -120.82532337,
                44.95903232
              ],
              [
                -120.82557676,
                44.95903715
              ],
              [
                -120.82556317,
                44.95939697
              ]
            ],
            [
              [
                -120.82634374,
                44.95887172
              ],
              [
                -120.82609035,
                44.95886689
              ],
              [
                -120.82610394,
                44.95850707
              ],
              [
                -120.82635733,
                44.9585119
              ],
              [
                -120.82634374,
                44.95887172
              ]
            ],
            [
              [
                -120.82584375,
                44.95868215
              ],
              [
                -120.82559036,
                44.95867733
              ],
              [
                -120.82560396,
                44.95831751
              ],
              [
                -120.82585735,
                44.95832233
              ],
              [
                -120.82584375,
                44.95868215
              ]
            ]
          ]
        ]
      },
      "properties": {
        "candidate_id": "WCP-002",
        "component_id": "WCP-002-RBR-089",
        "pixel_count": 645,
        "area_m2": 258000.0,
        "analytical_method": "burnlens-baseline-v0.1.0 rbr-threshold",
        "analytical_status": "accepted-baseline",
        "source_precedence": "Official sources govern"
      }
    },
    {
      "type": "Feature",
      "id": "WCP-002-RBR-090",
      "geometry": {
        "type": "MultiPolygon",
        "coordinates": [
          [
            [
              [
                -120.8303777,
                44.95948858
              ],
              [
                -120.83038448,
                44.95930867
              ],
              [
                -120.83013109,
                44.95930385
              ],
              [
                -120.8301243,
                44.95948376
              ],
              [
                -120.8303777,
                44.95948858
              ]
            ]
          ]
        ]
      },
      "properties": {
        "candidate_id": "WCP-002",
        "component_id": "WCP-002-RBR-090",
        "pixel_count": 1,
        "area_m2": 400.0,
        "analytical_method": "burnlens-baseline-v0.1.0 rbr-threshold",
        "analytical_status": "accepted-baseline",
        "source_precedence": "Official sources govern"
      }
    },
    {
      "type": "Feature",
      "id": "WCP-002-RBR-091",
      "geometry": {
        "type": "MultiPolygon",
        "coordinates": [
          [
            [
              [
                -120.83009038,
                44.96038331
              ],
              [
                -120.83009716,
                44.9602034
              ],
              [
                -120.82984376,
                44.96019859
              ],
              [
                -120.82983698,
                44.9603785
              ],
              [
                -120.83009038,
                44.96038331
              ]
            ]
          ]
        ]
      },
      "properties": {
        "candidate_id": "WCP-002",
        "component_id": "WCP-002-RBR-091",
        "pixel_count": 1,
        "area_m2": 400.0,
        "analytical_method": "burnlens-baseline-v0.1.0 rbr-threshold",
        "analytical_status": "accepted-baseline",
        "source_precedence": "Official sources govern"
      }
    },
    {
      "type": "Feature",
      "id": "WCP-002-RBR-092",
      "geometry": {
        "type": "MultiPolygon",
        "coordinates": [
          [
            [
              [
                -120.82996146,
                44.96380161
              ],
              [
                -120.82996825,
                44.9636217
              ],
              [
                -120.82971483,
                44.96361688
              ],
              [
                -120.82970805,
                44.96379679
              ],
              [
                -120.82996146,
                44.96380161
              ]
            ]
          ]
        ]
      },
      "properties": {
        "candidate_id": "WCP-002",
        "component_id": "WCP-002-RBR-092",
        "pixel_count": 1,
        "area_m2": 400.0,
        "analytical_method": "burnlens-baseline-v0.1.0 rbr-threshold",
        "analytical_status": "accepted-baseline",
        "source_precedence": "Official sources govern"
      }
    },
    {
      "type": "Feature",
      "id": "WCP-002-RBR-093",
      "geometry": {
        "type": "MultiPolygon",
        "coordinates": [
          [
            [
              [
                -120.82955873,
                44.96775482
              ],
              [
                -120.82956552,
                44.96757491
              ],
              [
                -120.82981895,
                44.96757973
              ],
              [
                -120.82983252,
                44.96721991
              ],
              [
                -120.82957909,
                44.96721509
              ],
              [
                -120.8295723,
                44.967395
              ],
              [
                -120.82931887,
                44.96739018
              ],
              [
                -120.82930529,
                44.96775
              ],
              [
                -120.82955873,
                44.96775482
              ]
            ]
          ]
        ]
      },
      "properties": {
        "candidate_id": "WCP-002",
        "component_id": "WCP-002-RBR-093",
        "pixel_count": 4,
        "area_m2": 1600.0,
        "analytical_method": "burnlens-baseline-v0.1.0 rbr-threshold",
        "analytical_status": "accepted-baseline",
        "source_precedence": "Official sources govern"
      }
    },
    {
      "type": "Feature",
      "id": "WCP-002-RBR-094",
      "geometry": {
        "type": "MultiPolygon",
        "coordinates": [
          [
            [
              [
                -120.82957909,
                44.96721509
              ],
              [
                -120.82959267,
                44.96685527
              ],
              [
                -120.82933924,
                44.96685045
              ],
              [
                -120.82932566,
                44.96721027
              ],
              [
                -120.82957909,
                44.96721509
              ]
            ]
          ]
        ]
      },
      "properties": {
        "candidate_id": "WCP-002",
        "component_id": "WCP-002-RBR-094",
        "pixel_count": 2,
        "area_m2": 800.0,
        "analytical_method": "burnlens-baseline-v0.1.0 rbr-threshold",
        "analytical_status": "accepted-baseline",
        "source_precedence": "Official sources govern"
      }
    },
    {
      "type": "Feature",
      "id": "WCP-002-RBR-095",
      "geometry": {
        "type": "MultiPolygon",
        "coordinates": [
          [
            [
              [
                -120.82961751,
                44.95947413
              ],
              [
                -120.82963787,
                44.9589344
              ],
              [
                -120.82913108,
                44.95892476
              ],
              [
                -120.82912429,
                44.95910467
              ],
              [
                -120.82937768,
                44.95910949
              ],
              [
                -120.82936411,
                44.95946931
              ],
              [
                -120.82961751,
                44.95947413
              ]
            ]
          ]
        ]
      },
      "properties": {
        "candidate_id": "WCP-002",
        "component_id": "WCP-002-RBR-095",
        "pixel_count": 4,
        "area_m2": 1600.0,
        "analytical_method": "burnlens-baseline-v0.1.0 rbr-threshold",
        "analytical_status": "accepted-baseline",
        "source_precedence": "Official sources govern"
      }
    },
    {
      "type": "Feature",
      "id": "WCP-002-RBR-096",
      "geometry": {
        "type": "MultiPolygon",
        "coordinates": [
          [
            [
              [
                -120.82953607,
                44.96163305
              ],
              [
                -120.82957679,
                44.96055359
              ],
              [
                -120.82932339,
                44.96054877
              ],
              [
                -120.8293166,
                44.96072868
              ],
              [
                -120.8288098,
                44.96071904
              ],
              [
                -120.82878943,
                44.96125877
              ],
              [
                -120.82853603,
                44.96125395
              ],
              [
                -120.82852924,
                44.96143386
              ],
              [
                -120.82827583,
                44.96142904
              ],
              [
                -120.82826904,
                44.96160895
              ],
              [
                -120.82877586,
                44.96161859
              ],
              [
                -120.82878264,
                44.96143868
              ],
              [
                -120.82903605,
                44.9614435
              ],
              [
                -120.82902926,
                44.96162341
              ],
              [
                -120.82953607,
                44.96163305
              ]
            ],
            [
              [
                -120.82930303,
                44.9610885
              ],
              [
                -120.82904963,
                44.96108368
              ],
              [
                -120.82905641,
                44.96090377
              ],
              [
                -120.82930982,
                44.96090859
              ],
              [
                -120.82930303,
                44.9610885
              ]
            ]
          ]
        ]
      },
      "properties": {
        "candidate_id": "WCP-002",
        "component_id": "WCP-002-RBR-096",
        "pixel_count": 17,
        "area_m2": 6800.0,
        "analytical_method": "burnlens-baseline-v0.1.0 rbr-threshold",
        "analytical_status": "accepted-baseline",
        "source_precedence": "Official sources govern"
      }
    },
    {
      "type": "Feature",
      "id": "WCP-002-RBR-097",
      "geometry": {
        "type": "MultiPolygon",
        "coordinates": [
          [
            [
              [
                -120.82949535,
                44.96271251
              ],
              [
                -120.82950214,
                44.9625326
              ],
              [
                -120.82924873,
                44.96252778
              ],
              [
                -120.82924194,
                44.96270769
              ],
              [
                -120.82949535,
                44.96271251
              ]
            ]
          ]
        ]
      },
      "properties": {
        "candidate_id": "WCP-002",
        "component_id": "WCP-002-RBR-097",
        "pixel_count": 1,
        "area_m2": 400.0,
        "analytical_method": "burnlens-baseline-v0.1.0 rbr-threshold",
        "analytical_status": "accepted-baseline",
        "source_precedence": "Official sources govern"
      }
    },
    {
      "type": "Feature",
      "id": "WCP-002-RBR-098",
      "geometry": {
        "type": "MultiPolygon",
        "coordinates": [
          [
            [
              [
                -120.82924873,
                44.96252778
              ],
              [
                -120.82925552,
                44.96234787
              ],
              [
                -120.8287487,
                44.96233824
              ],
              [
                -120.82874191,
                44.96251815
              ],
              [
                -120.82924873,
                44.96252778
              ]
            ]
          ]
        ]
      },
      "properties": {
        "candidate_id": "WCP-002",
        "component_id": "WCP-002-RBR-098",
        "pixel_count": 2,
        "area_m2": 800.0,
        "analytical_method": "burnlens-baseline-v0.1.0 rbr-threshold",
        "analytical_status": "accepted-baseline",
        "source_precedence": "Official sources govern"
      }
    },
    {
      "type": "Feature",
      "id": "WCP-002-RBR-099",
      "geometry": {
        "type": "MultiPolygon",
        "coordinates": [
          [
            [
              [
                -120.82913108,
                44.95892476
              ],
              [
                -120.82913786,
                44.95874485
              ],
              [
                -120.82888447,
                44.95874003
              ],
              [
                -120.82887768,
                44.95891994
              ],
              [
                -120.82913108,
                44.95892476
              ]
            ]
          ]
        ]
      },
      "properties": {
        "candidate_id": "WCP-002",
        "component_id": "WCP-002-RBR-099",
        "pixel_count": 1,
        "area_m2": 400.0,
        "analytical_method": "burnlens-baseline-v0.1.0 rbr-threshold",
        "analytical_status": "accepted-baseline",
        "source_precedence": "Official sources govern"
      }
    },
    {
      "type": "Feature",
      "id": "WCP-002-RBR-100",
      "geometry": {
        "type": "MultiPolygon",
        "coordinates": [
          [
            [
              [
                -120.8279613,
                44.96304341
              ],
              [
                -120.82797489,
                44.96268359
              ],
              [
                -120.8282283,
                44.96268841
              ],
              [
                -120.82824188,
                44.96232859
              ],
              [
                -120.82798847,
                44.96232377
              ],
              [
                -120.82798168,
                44.96250368
              ],
              [
                -120.82772827,
                44.96249886
              ],
              [
                -120.82770789,
                44.96303859
              ],
              [
                -120.8279613,
                44.96304341
              ]
            ]
          ]
        ]
      },
      "properties": {
        "candidate_id": "WCP-002",
        "component_id": "WCP-002-RBR-100",
        "pixel_count": 5,
        "area_m2": 2000.0,
        "analytical_method": "burnlens-baseline-v0.1.0 rbr-threshold",
        "analytical_status": "accepted-baseline",
        "source_precedence": "Official sources govern"
      }
    },
    {
      "type": "Feature",
      "id": "WCP-002-RBR-101",
      "geometry": {
        "type": "MultiPolygon",
        "coordinates": [
          [
            [
              [
                -120.82815824,
                44.95782602
              ],
              [
                -120.82817182,
                44.9574662
              ],
              [
                -120.82791843,
                44.95746137
              ],
              [
                -120.82791164,
                44.95764128
              ],
              [
                -120.82765825,
                44.95763646
              ],
              [
                -120.82765146,
                44.95781637
              ],
              [
                -120.82815824,
                44.95782602
              ]
            ]
          ]
        ]
      },
      "properties": {
        "candidate_id": "WCP-002",
        "component_id": "WCP-002-RBR-101",
        "pixel_count": 3,
        "area_m2": 1200.0,
        "analytical_method": "burnlens-baseline-v0.1.0 rbr-threshold",
        "analytical_status": "accepted-baseline",
        "source_precedence": "Official sources govern"
      }
    },
    {
      "type": "Feature",
      "id": "WCP-002-RBR-102",
      "geometry": {
        "type": "MultiPolygon",
        "coordinates": [
          [
            [
              [
                -120.82772827,
                44.96249886
              ],
              [
                -120.82774185,
                44.96213904
              ],
              [
                -120.82748845,
                44.96213422
              ],
              [
                -120.82747486,
                44.96249404
              ],
              [
                -120.82772827,
                44.96249886
              ]
            ]
          ]
        ]
      },
      "properties": {
        "candidate_id": "WCP-002",
        "component_id": "WCP-002-RBR-102",
        "pixel_count": 2,
        "area_m2": 800.0,
        "analytical_method": "burnlens-baseline-v0.1.0 rbr-threshold",
        "analytical_status": "accepted-baseline",
        "source_precedence": "Official sources govern"
      }
    },
    {
      "type": "Feature",
      "id": "WCP-002-RBR-103",
      "geometry": {
        "type": "MultiPolygon",
        "coordinates": [
          [
            [
              [
                -120.82765825,
                44.95763646
              ],
              [
                -120.82766504,
                44.95745655
              ],
              [
                -120.82715827,
                44.95744691
              ],
              [
                -120.82715148,
                44.95762682
              ],
              [
                -120.82765825,
                44.95763646
              ]
            ]
          ]
        ]
      },
      "properties": {
        "candidate_id": "WCP-002",
        "component_id": "WCP-002-RBR-103",
        "pixel_count": 2,
        "area_m2": 800.0,
        "analytical_method": "burnlens-baseline-v0.1.0 rbr-threshold",
        "analytical_status": "accepted-baseline",
        "source_precedence": "Official sources govern"
      }
    },
    {
      "type": "Feature",
      "id": "WCP-002-RBR-104",
      "geometry": {
        "type": "MultiPolygon",
        "coordinates": [
          [
            [
              [
                -120.82763788,
                44.95817619
              ],
              [
                -120.82765146,
                44.95781637
              ],
              [
                -120.82739807,
                44.95781155
              ],
              [
                -120.82738449,
                44.95817137
              ],
              [
                -120.82763788,
                44.95817619
              ]
            ]
          ]
        ]
      },
      "properties": {
        "candidate_id": "WCP-002",
        "component_id": "WCP-002-RBR-104",
        "pixel_count": 2,
        "area_m2": 800.0,
        "analytical_method": "burnlens-baseline-v0.1.0 rbr-threshold",
        "analytical_status": "accepted-baseline",
        "source_precedence": "Official sources govern"
      }
    },
    {
      "type": "Feature",
      "id": "WCP-002-RBR-105",
      "geometry": {
        "type": "MultiPolygon",
        "coordinates": [
          [
            [
              [
                -120.82750203,
                44.9617744
              ],
              [
                -120.82750882,
                44.96159449
              ],
              [
                -120.82725542,
                44.96158966
              ],
              [
                -120.82724863,
                44.96176957
              ],
              [
                -120.82750203,
                44.9617744
              ]
            ]
          ]
        ]
      },
      "properties": {
        "candidate_id": "WCP-002",
        "component_id": "WCP-002-RBR-105",
        "pixel_count": 1,
        "area_m2": 400.0,
        "analytical_method": "burnlens-baseline-v0.1.0 rbr-threshold",
        "analytical_status": "accepted-baseline",
        "source_precedence": "Official sources govern"
      }
    },
    {
      "type": "Feature",
      "id": "WCP-002-RBR-106",
      "geometry": {
        "type": "MultiPolygon",
        "coordinates": [
          [
            [
              [
                -120.82728462,
                44.96753152
              ],
              [
                -120.82729142,
                44.96735161
              ],
              [
                -120.82703799,
                44.96734678
              ],
              [
                -120.82703119,
                44.96752669
              ],
              [
                -120.82728462,
                44.96753152
              ]
            ]
          ]
        ]
      },
      "properties": {
        "candidate_id": "WCP-002",
        "component_id": "WCP-002-RBR-106",
        "pixel_count": 1,
        "area_m2": 400.0,
        "analytical_method": "burnlens-baseline-v0.1.0 rbr-threshold",
        "analytical_status": "accepted-baseline",
        "source_precedence": "Official sources govern"
      }
    },
    {
      "type": "Feature",
      "id": "WCP-002-RBR-107",
      "geometry": {
        "type": "MultiPolygon",
        "coordinates": [
          [
            [
              [
                -120.82737769,
                44.95835128
              ],
              [
                -120.82738449,
                44.95817137
              ],
              [
                -120.8271311,
                44.95816655
              ],
              [
                -120.8271243,
                44.95834646
              ],
              [
                -120.82737769,
                44.95835128
              ]
            ]
          ]
        ]
      },
      "properties": {
        "candidate_id": "WCP-002",
        "component_id": "WCP-002-RBR-107",
        "pixel_count": 1,
        "area_m2": 400.0,
        "analytical_method": "burnlens-baseline-v0.1.0 rbr-threshold",
        "analytical_status": "accepted-baseline",
        "source_precedence": "Official sources govern"
      }
    },
    {
      "type": "Feature",
      "id": "WCP-002-RBR-108",
      "geometry": {
        "type": "MultiPolygon",
        "coordinates": [
          [
            [
              [
                -120.82704478,
                44.96716687
              ],
              [
                -120.82705158,
                44.96698696
              ],
              [
                -120.82679815,
                44.96698214
              ],
              [
                -120.82679135,
                44.96716205
              ],
              [
                -120.82704478,
                44.96716687
              ]
            ]
          ]
        ]
      },
      "properties": {
        "candidate_id": "WCP-002",
        "component_id": "WCP-002-RBR-108",
        "pixel_count": 1,
        "area_m2": 400.0,
        "analytical_method": "burnlens-baseline-v0.1.0 rbr-threshold",
        "analytical_status": "accepted-baseline",
        "source_precedence": "Official sources govern"
      }
    },
    {
      "type": "Feature",
      "id": "WCP-002-RBR-109",
      "geometry": {
        "type": "MultiPolygon",
        "coordinates": [
          [
            [
              [
                -120.8270176,
                44.96788651
              ],
              [
                -120.8270244,
                44.9677066
              ],
              [
                -120.82677096,
                44.96770178
              ],
              [
                -120.82676417,
                44.96788169
              ],
              [
                -120.8270176,
                44.96788651
              ]
            ]
          ]
        ]
      },
      "properties": {
        "candidate_id": "WCP-002",
        "component_id": "WCP-002-RBR-109",
        "pixel_count": 1,
        "area_m2": 400.0,
        "analytical_method": "burnlens-baseline-v0.1.0 rbr-threshold",
        "analytical_status": "accepted-baseline",
        "source_precedence": "Official sources govern"
      }
    },
    {
      "type": "Feature",
      "id": "WCP-002-RBR-110",
      "geometry": {
        "type": "MultiPolygon",
        "coordinates": [
          [
            [
              [
                -120.82713789,
                44.95798664
              ],
              [
                -120.82714468,
                44.95780673
              ],
              [
                -120.82689129,
                44.9578019
              ],
              [
                -120.8268845,
                44.95798181
              ],
              [
                -120.82713789,
                44.95798664
              ]
            ]
          ]
        ]
      },
      "properties": {
        "candidate_id": "WCP-002",
        "component_id": "WCP-002-RBR-110",
        "pixel_count": 1,
        "area_m2": 400.0,
        "analytical_method": "burnlens-baseline-v0.1.0 rbr-threshold",
        "analytical_status": "accepted-baseline",
        "source_precedence": "Official sources govern"
      }
    },
    {
      "type": "Feature",
      "id": "WCP-002-RBR-111",
      "geometry": {
        "type": "MultiPolygon",
        "coordinates": [
          [
            [
              [
                -120.82709034,
                44.95924601
              ],
              [
                -120.82709713,
                44.9590661
              ],
              [
                -120.82684373,
                44.95906128
              ],
              [
                -120.82683694,
                44.95924119
              ],
              [
                -120.82709034,
                44.95924601
              ]
            ]
          ]
        ]
      },
      "properties": {
        "candidate_id": "WCP-002",
        "component_id": "WCP-002-RBR-111",
        "pixel_count": 1,
        "area_m2": 400.0,
        "analytical_method": "burnlens-baseline-v0.1.0 rbr-threshold",
        "analytical_status": "accepted-baseline",
        "source_precedence": "Official sources govern"
      }
    },
    {
      "type": "Feature",
      "id": "WCP-002-RBR-112",
      "geometry": {
        "type": "MultiPolygon",
        "coordinates": [
          [
            [
              [
                -120.82704957,
                44.96032547
              ],
              [
                -120.82705637,
                44.96014556
              ],
              [
                -120.82680297,
                44.96014074
              ],
              [
                -120.82679617,
                44.96032065
              ],
              [
                -120.82704957,
                44.96032547
              ]
            ]
          ]
        ]
      },
      "properties": {
        "candidate_id": "WCP-002",
        "component_id": "WCP-002-RBR-112",
        "pixel_count": 1,
        "area_m2": 400.0,
        "analytical_method": "burnlens-baseline-v0.1.0 rbr-threshold",
        "analytical_status": "accepted-baseline",
        "source_precedence": "Official sources govern"
      }
    },
    {
      "type": "Feature",
      "id": "WCP-002-RBR-113",
      "geometry": {
        "type": "MultiPolygon",
        "coordinates": [
          [
            [
              [
                -120.82679815,
                44.96698214
              ],
              [
                -120.82680495,
                44.96680223
              ],
              [
                -120.82655152,
                44.96679741
              ],
              [
                -120.82654472,
                44.96697732
              ],
              [
                -120.82679815,
                44.96698214
              ]
            ]
          ]
        ]
      },
      "properties": {
        "candidate_id": "WCP-002",
        "component_id": "WCP-002-RBR-113",
        "pixel_count": 1,
        "area_m2": 400.0,
        "analytical_method": "burnlens-baseline-v0.1.0 rbr-threshold",
        "analytical_status": "accepted-baseline",
        "source_precedence": "Official sources govern"
      }
    },
    {
      "type": "Feature",
      "id": "WCP-002-RBR-114",
      "geometry": {
        "type": "MultiPolygon",
        "coordinates": [
          [
            [
              [
                -120.82687091,
                44.95834163
              ],
              [
                -120.82687771,
                44.95816172
              ],
              [
                -120.82662432,
                44.9581569
              ],
              [
                -120.82661752,
                44.95833681
              ],
              [
                -120.82687091,
                44.95834163
              ]
            ]
          ]
        ]
      },
      "properties": {
        "candidate_id": "WCP-002",
        "component_id": "WCP-002-RBR-114",
        "pixel_count": 1,
        "area_m2": 400.0,
        "analytical_method": "burnlens-baseline-v0.1.0 rbr-threshold",
        "analytical_status": "accepted-baseline",
        "source_precedence": "Official sources govern"
      }
    },
    {
      "type": "Feature",
      "id": "WCP-002-RBR-115",
      "geometry": {
        "type": "MultiPolygon",
        "coordinates": [
          [
            [
              [
                -120.82683015,
                44.9594211
              ],
              [
                -120.82683694,
                44.95924119
              ],
              [
                -120.82658354,
                44.95923636
              ],
              [
                -120.82657675,
                44.95941627
              ],
              [
                -120.82683015,
                44.9594211
              ]
            ]
          ]
        ]
      },
      "properties": {
        "candidate_id": "WCP-002",
        "component_id": "WCP-002-RBR-115",
        "pixel_count": 1,
        "area_m2": 400.0,
        "analytical_method": "burnlens-baseline-v0.1.0 rbr-threshold",
        "analytical_status": "accepted-baseline",
        "source_precedence": "Official sources govern"
      }
    },
    {
      "type": "Feature",
      "id": "WCP-002-RBR-116",
      "geometry": {
        "type": "MultiPolygon",
        "coordinates": [
          [
            [
              [
                -120.82680976,
                44.95996083
              ],
              [
                -120.82682335,
                44.95960101
              ],
              [
                -120.82656995,
                44.95959618
              ],
              [
                -120.82655636,
                44.959956
              ],
              [
                -120.82680976,
                44.95996083
              ]
            ]
          ]
        ]
      },
      "properties": {
        "candidate_id": "WCP-002",
        "component_id": "WCP-002-RBR-116",
        "pixel_count": 2,
        "area_m2": 800.0,
        "analytical_method": "burnlens-baseline-v0.1.0 rbr-threshold",
        "analytical_status": "accepted-baseline",
        "source_precedence": "Official sources govern"
      }
    },
    {
      "type": "Feature",
      "id": "WCP-002-RBR-117",
      "geometry": {
        "type": "MultiPolygon",
        "coordinates": [
          [
            [
              [
                -120.8265855,
                44.96589786
              ],
              [
                -120.8265923,
                44.96571795
              ],
              [
                -120.82633888,
                44.96571312
              ],
              [
                -120.82633208,
                44.96589303
              ],
              [
                -120.8265855,
                44.96589786
              ]
            ]
          ]
        ]
      },
      "properties": {
        "candidate_id": "WCP-002",
        "component_id": "WCP-002-RBR-117",
        "pixel_count": 1,
        "area_m2": 400.0,
        "analytical_method": "burnlens-baseline-v0.1.0 rbr-threshold",
        "analytical_status": "accepted-baseline",
        "source_precedence": "Official sources govern"
      }
    },
    {
      "type": "Feature",
      "id": "WCP-002-RBR-118",
      "geometry": {
        "type": "MultiPolygon",
        "coordinates": [
          [
            [
              [
                -120.82639131,
                44.95761235
              ],
              [
                -120.82639811,
                44.95743244
              ],
              [
                -120.82614472,
                44.95742761
              ],
              [
                -120.82613792,
                44.95760752
              ],
              [
                -120.82639131,
                44.95761235
              ]
            ]
          ]
        ]
      },
      "properties": {
        "candidate_id": "WCP-002",
        "component_id": "WCP-002-RBR-118",
        "pixel_count": 1,
        "area_m2": 400.0,
        "analytical_method": "burnlens-baseline-v0.1.0 rbr-threshold",
        "analytical_status": "accepted-baseline",
        "source_precedence": "Official sources govern"
      }
    },
    {
      "type": "Feature",
      "id": "WCP-002-RBR-119",
      "geometry": {
        "type": "MultiPolygon",
        "coordinates": [
          [
            [
              [
                -120.82637092,
                44.95815208
              ],
              [
                -120.82638452,
                44.95779226
              ],
              [
                -120.82613113,
                44.95778743
              ],
              [
                -120.82611753,
                44.95814725
              ],
              [
                -120.82637092,
                44.95815208
              ]
            ]
          ]
        ]
      },
      "properties": {
        "candidate_id": "WCP-002",
        "component_id": "WCP-002-RBR-119",
        "pixel_count": 2,
        "area_m2": 800.0,
        "analytical_method": "burnlens-baseline-v0.1.0 rbr-threshold",
        "analytical_status": "accepted-baseline",
        "source_precedence": "Official sources govern"
      }
    },
    {
      "type": "Feature",
      "id": "WCP-002-RBR-120",
      "geometry": {
        "type": "MultiPolygon",
        "coordinates": [
          [
            [
              [
                -120.82578443,
                44.96696284
              ],
              [
                -120.82579803,
                44.96660302
              ],
              [
                -120.8255446,
                44.96659819
              ],
              [
                -120.825531,
                44.96695801
              ],
              [
                -120.82578443,
                44.96696284
              ]
            ]
          ]
        ]
      },
      "properties": {
        "candidate_id": "WCP-002",
        "component_id": "WCP-002-RBR-120",
        "pixel_count": 2,
        "area_m2": 800.0,
        "analytical_method": "burnlens-baseline-v0.1.0 rbr-threshold",
        "analytical_status": "accepted-baseline",
        "source_precedence": "Official sources govern"
      }
    },
    {
      "type": "Feature",
      "id": "WCP-002-RBR-121",
      "geometry": {
        "type": "MultiPolygon",
        "coordinates": [
          [
            [
              [
                -120.8256262,
                44.96443927
              ],
              [
                -120.825633,
                44.96425936
              ],
              [
                -120.82537958,
                44.96425454
              ],
              [
                -120.82537278,
                44.96443444
              ],
              [
                -120.8256262,
                44.96443927
              ]
            ]
          ]
        ]
      },
      "properties": {
        "candidate_id": "WCP-002",
        "component_id": "WCP-002-RBR-121",
        "pixel_count": 1,
        "area_m2": 400.0,
        "analytical_method": "burnlens-baseline-v0.1.0 rbr-threshold",
        "analytical_status": "accepted-baseline",
        "source_precedence": "Official sources govern"
      }
    },
    {
      "type": "Feature",
      "id": "WCP-002-RBR-122",
      "geometry": {
        "type": "MultiPolygon",
        "coordinates": [
          [
            [
              [
                -120.8255514,
                44.96641828
              ],
              [
                -120.825565,
                44.96605846
              ],
              [
                -120.82531158,
                44.96605363
              ],
              [
                -120.82529798,
                44.96641345
              ],
              [
                -120.8255514,
                44.96641828
              ]
            ]
          ]
        ]
      },
      "properties": {
        "candidate_id": "WCP-002",
        "component_id": "WCP-002-RBR-122",
        "pixel_count": 2,
        "area_m2": 800.0,
        "analytical_method": "burnlens-baseline-v0.1.0 rbr-threshold",
        "analytical_status": "accepted-baseline",
        "source_precedence": "Official sources govern"
      }
    },
    {
      "type": "Feature",
      "id": "WCP-002-RBR-123",
      "geometry": {
        "type": "MultiPolygon",
        "coordinates": [
          [
            [
              [
                -120.8255106,
                44.96749774
              ],
              [
                -120.8255174,
                44.96731783
              ],
              [
                -120.82526397,
                44.967313
              ],
              [
                -120.82525717,
                44.96749291
              ],
              [
                -120.8255106,
                44.96749774
              ]
            ]
          ]
        ]
      },
      "properties": {
        "candidate_id": "WCP-002",
        "component_id": "WCP-002-RBR-123",
        "pixel_count": 1,
        "area_m2": 400.0,
        "analytical_method": "burnlens-baseline-v0.1.0 rbr-threshold",
        "analytical_status": "accepted-baseline",
        "source_precedence": "Official sources govern"
      }
    },
    {
      "type": "Feature",
      "id": "WCP-002-RBR-124",
      "geometry": {
        "type": "MultiPolygon",
        "coordinates": [
          [
            [
              [
                -120.82531838,
                44.96587372
              ],
              [
                -120.82533198,
                44.9655139
              ],
              [
                -120.82507856,
                44.96550908
              ],
              [
                -120.82506496,
                44.96586889
              ],
              [
                -120.82531838,
                44.96587372
              ]
            ]
          ]
        ]
      },
      "properties": {
        "candidate_id": "WCP-002",
        "component_id": "WCP-002-RBR-124",
        "pixel_count": 2,
        "area_m2": 800.0,
        "analytical_method": "burnlens-baseline-v0.1.0 rbr-threshold",
        "analytical_status": "accepted-baseline",
        "source_precedence": "Official sources govern"
      }
    },
    {
      "type": "Feature",
      "id": "WCP-002-RBR-125",
      "geometry": {
        "type": "MultiPolygon",
        "coordinates": [
          [
            [
              [
                -120.82524357,
                44.96785273
              ],
              [
                -120.82525717,
                44.96749291
              ],
              [
                -120.82500374,
                44.96748808
              ],
              [
                -120.82499013,
                44.9678479
              ],
              [
                -120.82524357,
                44.96785273
              ]
            ]
          ]
        ]
      },
      "properties": {
        "candidate_id": "WCP-002",
        "component_id": "WCP-002-RBR-125",
        "pixel_count": 2,
        "area_m2": 800.0,
        "analytical_method": "burnlens-baseline-v0.1.0 rbr-threshold",
        "analytical_status": "accepted-baseline",
        "source_precedence": "Official sources govern"
      }
    },
    {
      "type": "Feature",
      "id": "WCP-002-RBR-126",
      "geometry": {
        "type": "MultiPolygon",
        "coordinates": [
          [
            [
              [
                -120.82504455,
                44.96640862
              ],
              [
                -120.82505815,
                44.9660488
              ],
              [
                -120.82480473,
                44.96604398
              ],
              [
                -120.82479112,
                44.9664038
              ],
              [
                -120.82504455,
                44.96640862
              ]
            ]
          ]
        ]
      },
      "properties": {
        "candidate_id": "WCP-002",
        "component_id": "WCP-002-RBR-126",
        "pixel_count": 2,
        "area_m2": 800.0,
        "analytical_method": "burnlens-baseline-v0.1.0 rbr-threshold",
        "analytical_status": "accepted-baseline",
        "source_precedence": "Official sources govern"
      }
    },
    {
      "type": "Feature",
      "id": "WCP-002-RBR-127",
      "geometry": {
        "type": "MultiPolygon",
        "coordinates": [
          [
            [
              [
                -120.82500374,
                44.96748808
              ],
              [
                -120.82501734,
                44.96712826
              ],
              [
                -120.82451048,
                44.9671186
              ],
              [
                -120.82450368,
                44.96729851
              ],
              [
                -120.82475711,
                44.96730334
              ],
              [
                -120.82475031,
                44.96748325
              ],
              [
                -120.82500374,
                44.96748808
              ]
            ]
          ]
        ]
      },
      "properties": {
        "candidate_id": "WCP-002",
        "component_id": "WCP-002-RBR-127",
        "pixel_count": 3,
        "area_m2": 1200.0,
        "analytical_method": "burnlens-baseline-v0.1.0 rbr-threshold",
        "analytical_status": "accepted-baseline",
        "source_precedence": "Official sources govern"
      }
    },
    {
      "type": "Feature",
      "id": "WCP-002-RBR-128",
      "geometry": {
        "type": "MultiPolygon",
        "coordinates": [
          [
            [
              [
                -120.82496292,
                44.96856754
              ],
              [
                -120.82496973,
                44.96838763
              ],
              [
                -120.82471629,
                44.9683828
              ],
              [
                -120.82470949,
                44.96856271
              ],
              [
                -120.82496292,
                44.96856754
              ]
            ]
          ]
        ]
      },
      "properties": {
        "candidate_id": "WCP-002",
        "component_id": "WCP-002-RBR-128",
        "pixel_count": 1,
        "area_m2": 400.0,
        "analytical_method": "burnlens-baseline-v0.1.0 rbr-threshold",
        "analytical_status": "accepted-baseline",
        "source_precedence": "Official sources govern"
      }
    },
    {
      "type": "Feature",
      "id": "WCP-002-RBR-129",
      "geometry": {
        "type": "MultiPolygon",
        "coordinates": [
          [
            [
              [
                -120.82484554,
                44.96496452
              ],
              [
                -120.82485234,
                44.96478461
              ],
              [
                -120.82459892,
                44.96477978
              ],
              [
                -120.82459212,
                44.96495969
              ],
              [
                -120.82484554,
                44.96496452
              ]
            ]
          ]
        ]
      },
      "properties": {
        "candidate_id": "WCP-002",
        "component_id": "WCP-002-RBR-129",
        "pixel_count": 1,
        "area_m2": 400.0,
        "analytical_method": "burnlens-baseline-v0.1.0 rbr-threshold",
        "analytical_status": "accepted-baseline",
        "source_precedence": "Official sources govern"
      }
    },
    {
      "type": "Feature",
      "id": "WCP-002-RBR-130",
      "geometry": {
        "type": "MultiPolygon",
        "coordinates": [
          [
            [
              [
                -120.82368213,
                44.96890321
              ],
              [
                -120.82368894,
                44.9687233
              ],
              [
                -120.82394237,
                44.96872813
              ],
              [
                -120.82395599,
                44.96836831
              ],
              [
                -120.82420942,
                44.96837314
              ],
              [
                -120.82420262,
                44.96855305
              ],
              [
                -120.82445605,
                44.96855788
              ],
              [
                -120.82446286,
                44.96837797
              ],
              [
                -120.82471629,
                44.9683828
              ],
              [
                -120.8247231,
                44.96820289
              ],
              [
                -120.82421623,
                44.96819323
              ],
              [
                -120.82424344,
                44.96747359
              ],
              [
                -120.82399001,
                44.96746876
              ],
              [
                -120.82400362,
                44.96710894
              ],
              [
                -120.82324334,
                44.96709445
              ],
              [
                -120.82323653,
                44.96727436
              ],
              [
                -120.8229831,
                44.96726952
              ],
              [
                -120.82297629,
                44.96744943
              ],
              [
                -120.82348315,
                44.9674591
              ],
              [
                -120.82347634,
                44.96763901
              ],
              [
                -120.82322291,
                44.96763418
              ],
              [
                -120.8232161,
                44.96781409
              ],
              [
                -120.82270924,
                44.96780442
              ],
              [
                -120.82270243,
                44.96798433
              ],
              [
                -120.82295586,
                44.96798916
              ],
              [
                -120.82294225,
                44.96834898
              ],
              [
                -120.82243538,
                44.96833931
              ],
              [
                -120.82241495,
                44.96887904
              ],
              [
                -120.82317526,
                44.96889354
              ],
              [
                -120.82318207,
                44.96871363
              ],
              [
                -120.8234355,
                44.96871847
              ],
              [
                -120.82342869,
                44.96889837
              ],
              [
                -120.82368213,
                44.96890321
              ]
            ],
            [
              [
                -120.8239696,
                44.96800849
              ],
              [
                -120.82371616,
                44.96800366
              ],
              [
                -120.82373658,
                44.96746393
              ],
              [
                -120.82399001,
                44.96746876
              ],
              [
                -120.8239696,
                44.96800849
              ]
            ]
          ]
        ]
      },
      "properties": {
        "candidate_id": "WCP-002",
        "component_id": "WCP-002-RBR-130",
        "pixel_count": 46,
        "area_m2": 18400.0,
        "analytical_method": "burnlens-baseline-v0.1.0 rbr-threshold",
        "analytical_status": "accepted-baseline",
        "source_precedence": "Official sources govern"
      }
    },
    {
      "type": "Feature",
      "id": "WCP-002-RBR-131",
      "geometry": {
        "type": "MultiPolygon",
        "coordinates": [
          [
            [
              [
                -120.82463294,
                44.96388023
              ],
              [
                -120.82463974,
                44.96370032
              ],
              [
                -120.82438633,
                44.96369549
              ],
              [
                -120.82439313,
                44.96351558
              ],
              [
                -120.82363289,
                44.96350109
              ],
              [
                -120.82361928,
                44.96386091
              ],
              [
                -120.82463294,
                44.96388023
              ]
            ]
          ]
        ]
      },
      "properties": {
        "candidate_id": "WCP-002",
        "component_id": "WCP-002-RBR-131",
        "pixel_count": 7,
        "area_m2": 2800.0,
        "analytical_method": "burnlens-baseline-v0.1.0 rbr-threshold",
        "analytical_status": "accepted-baseline",
        "source_precedence": "Official sources govern"
      }
    },
    {
      "type": "Feature",
      "id": "WCP-002-RBR-132",
      "geometry": {
        "type": "MultiPolygon",
        "coordinates": [
          [
            [
              [
                -120.82456491,
                44.96567933
              ],
              [
                -120.82458532,
                44.9651396
              ],
              [
                -120.8243319,
                44.96513477
              ],
              [
                -120.82431149,
                44.9656745
              ],
              [
                -120.82456491,
                44.96567933
              ]
            ]
          ]
        ]
      },
      "properties": {
        "candidate_id": "WCP-002",
        "component_id": "WCP-002-RBR-132",
        "pixel_count": 3,
        "area_m2": 1200.0,
        "analytical_method": "burnlens-baseline-v0.1.0 rbr-threshold",
        "analytical_status": "accepted-baseline",
        "source_precedence": "Official sources govern"
      }
    },
    {
      "type": "Feature",
      "id": "WCP-002-RBR-133",
      "geometry": {
        "type": "MultiPolygon",
        "coordinates": [
          [
            [
              [
                -120.82442034,
                44.96279594
              ],
              [
                -120.82442714,
                44.96261603
              ],
              [
                -120.82417373,
                44.9626112
              ],
              [
                -120.82416693,
                44.96279111
              ],
              [
                -120.82442034,
                44.96279594
              ]
            ]
          ]
        ]
      },
      "properties": {
        "candidate_id": "WCP-002",
        "component_id": "WCP-002-RBR-133",
        "pixel_count": 1,
        "area_m2": 400.0,
        "analytical_method": "burnlens-baseline-v0.1.0 rbr-threshold",
        "analytical_status": "accepted-baseline",
        "source_precedence": "Official sources govern"
      }
    },
    {
      "type": "Feature",
      "id": "WCP-002-RBR-134",
      "geometry": {
        "type": "MultiPolygon",
        "coordinates": [
          [
            [
              [
                -120.82428427,
                44.96639414
              ],
              [
                -120.82429788,
                44.96603432
              ],
              [
                -120.82404445,
                44.96602949
              ],
              [
                -120.82403084,
                44.9663893
              ],
              [
                -120.82428427,
                44.96639414
              ]
            ]
          ]
        ]
      },
      "properties": {
        "candidate_id": "WCP-002",
        "component_id": "WCP-002-RBR-134",
        "pixel_count": 2,
        "area_m2": 800.0,
        "analytical_method": "burnlens-baseline-v0.1.0 rbr-threshold",
        "analytical_status": "accepted-baseline",
        "source_precedence": "Official sources govern"
      }
    },
    {
      "type": "Feature",
      "id": "WCP-002-RBR-135",
      "geometry": {
        "type": "MultiPolygon",
        "coordinates": [
          [
            [
              [
                -120.8243438,
                44.95811346
              ],
              [
                -120.8243506,
                44.95793355
              ],
              [
                -120.82409721,
                44.95792872
              ],
              [
                -120.82409041,
                44.95810863
              ],
              [
                -120.8243438,
                44.95811346
              ]
            ]
          ]
        ]
      },
      "properties": {
        "candidate_id": "WCP-002",
        "component_id": "WCP-002-RBR-135",
        "pixel_count": 1,
        "area_m2": 400.0,
        "analytical_method": "burnlens-baseline-v0.1.0 rbr-threshold",
        "analytical_status": "accepted-baseline",
        "source_precedence": "Official sources govern"
      }
    },
    {
      "type": "Feature",
      "id": "WCP-002-RBR-136",
      "geometry": {
        "type": "MultiPolygon",
        "coordinates": [
          [
            [
              [
                -120.8243234,
                44.95865319
              ],
              [
                -120.8243302,
                44.95847328
              ],
              [
                -120.82407681,
                44.95846845
              ],
              [
                -120.82407,
                44.95864836
              ],
              [
                -120.8243234,
                44.95865319
              ]
            ]
          ]
        ]
      },
      "properties": {
        "candidate_id": "WCP-002",
        "component_id": "WCP-002-RBR-136",
        "pixel_count": 1,
        "area_m2": 400.0,
        "analytical_method": "burnlens-baseline-v0.1.0 rbr-threshold",
        "analytical_status": "accepted-baseline",
        "source_precedence": "Official sources govern"
      }
    },
    {
      "type": "Feature",
      "id": "WCP-002-RBR-137",
      "geometry": {
        "type": "MultiPolygon",
        "coordinates": [
          [
            [
              [
                -120.82405126,
                44.96584958
              ],
              [
                -120.82405806,
                44.96566967
              ],
              [
                -120.82380464,
                44.96566484
              ],
              [
                -120.82379783,
                44.96584475
              ],
              [
                -120.82405126,
                44.96584958
              ]
            ]
          ]
        ]
      },
      "properties": {
        "candidate_id": "WCP-002",
        "component_id": "WCP-002-RBR-137",
        "pixel_count": 1,
        "area_m2": 400.0,
        "analytical_method": "burnlens-baseline-v0.1.0 rbr-threshold",
        "analytical_status": "accepted-baseline",
        "source_precedence": "Official sources govern"
      }
    },
    {
      "type": "Feature",
      "id": "WCP-002-RBR-138",
      "geometry": {
        "type": "MultiPolygon",
        "coordinates": [
          [
            [
              [
                -120.82401043,
                44.96692903
              ],
              [
                -120.82402404,
                44.96656921
              ],
              [
                -120.82377061,
                44.96656438
              ],
              [
                -120.82376381,
                44.96674429
              ],
              [
                -120.82351038,
                44.96673946
              ],
              [
                -120.82350357,
                44.96691937
              ],
              [
                -120.82401043,
                44.96692903
              ]
            ]
          ]
        ]
      },
      "properties": {
        "candidate_id": "WCP-002",
        "component_id": "WCP-002-RBR-138",
        "pixel_count": 3,
        "area_m2": 1200.0,
        "analytical_method": "burnlens-baseline-v0.1.0 rbr-threshold",
        "analytical_status": "accepted-baseline",
        "source_precedence": "Official sources govern"
      }
    },
    {
      "type": "Feature",
      "id": "WCP-002-RBR-139",
      "geometry": {
        "type": "MultiPolygon",
        "coordinates": [
          [
            [
              [
                -120.82411082,
                44.9575689
              ],
              [
                -120.82411762,
                44.95738899
              ],
              [
                -120.82386424,
                44.95738416
              ],
              [
                -120.82385743,
                44.95756407
              ],
              [
                -120.82411082,
                44.9575689
              ]
            ]
          ]
        ]
      },
      "properties": {
        "candidate_id": "WCP-002",
        "component_id": "WCP-002-RBR-139",
        "pixel_count": 1,
        "area_m2": 400.0,
        "analytical_method": "burnlens-baseline-v0.1.0 rbr-threshold",
        "analytical_status": "accepted-baseline",
        "source_precedence": "Official sources govern"
      }
    },
    {
      "type": "Feature",
      "id": "WCP-002-RBR-140",
      "geometry": {
        "type": "MultiPolygon",
        "coordinates": [
          [
            [
              [
                -120.82384547,
                44.96458538
              ],
              [
                -120.82385228,
                44.96440547
              ],
              [
                -120.82359886,
                44.96440064
              ],
              [
                -120.82359205,
                44.96458055
              ],
              [
                -120.82384547,
                44.96458538
              ]
            ]
          ]
        ]
      },
      "properties": {
        "candidate_id": "WCP-002",
        "component_id": "WCP-002-RBR-140",
        "pixel_count": 1,
        "area_m2": 400.0,
        "analytical_method": "burnlens-baseline-v0.1.0 rbr-threshold",
        "analytical_status": "accepted-baseline",
        "source_precedence": "Official sources govern"
      }
    },
    {
      "type": "Feature",
      "id": "WCP-002-RBR-141",
      "geometry": {
        "type": "MultiPolygon",
        "coordinates": [
          [
            [
              [
                -120.82377061,
                44.96656438
              ],
              [
                -120.82378422,
                44.96620456
              ],
              [
                -120.8235308,
                44.96619973
              ],
              [
                -120.82351718,
                44.96655955
              ],
              [
                -120.82377061,
                44.96656438
              ]
            ]
          ]
        ]
      },
      "properties": {
        "candidate_id": "WCP-002",
        "component_id": "WCP-002-RBR-141",
        "pixel_count": 2,
        "area_m2": 800.0,
        "analytical_method": "burnlens-baseline-v0.1.0 rbr-threshold",
        "analytical_status": "accepted-baseline",
        "source_precedence": "Official sources govern"
      }
    },
    {
      "type": "Feature",
      "id": "WCP-002-RBR-142",
      "geometry": {
        "type": "MultiPolygon",
        "coordinates": [
          [
            [
              [
                -120.82385063,
                44.95774398
              ],
              [
                -120.82385743,
                44.95756407
              ],
              [
                -120.82360404,
                44.95755924
              ],
              [
                -120.82359724,
                44.95773915
              ],
              [
                -120.82385063,
                44.95774398
              ]
            ]
          ]
        ]
      },
      "properties": {
        "candidate_id": "WCP-002",
        "component_id": "WCP-002-RBR-142",
        "pixel_count": 1,
        "area_m2": 400.0,
        "analytical_method": "burnlens-baseline-v0.1.0 rbr-threshold",
        "analytical_status": "accepted-baseline",
        "source_precedence": "Official sources govern"
      }
    },
    {
      "type": "Feature",
      "id": "WCP-002-RBR-143",
      "geometry": {
        "type": "MultiPolygon",
        "coordinates": [
          [
            [
              [
                -120.82383702,
                44.9581038
              ],
              [
                -120.82384383,
                44.95792389
              ],
              [
                -120.82359044,
                44.95791906
              ],
              [
                -120.82358363,
                44.95809897
              ],
              [
                -120.82383702,
                44.9581038
              ]
            ]
          ]
        ]
      },
      "properties": {
        "candidate_id": "WCP-002",
        "component_id": "WCP-002-RBR-143",
        "pixel_count": 1,
        "area_m2": 400.0,
        "analytical_method": "burnlens-baseline-v0.1.0 rbr-threshold",
        "analytical_status": "accepted-baseline",
        "source_precedence": "Official sources govern"
      }
    },
    {
      "type": "Feature",
      "id": "WCP-002-RBR-144",
      "geometry": {
        "type": "MultiPolygon",
        "coordinates": [
          [
            [
              [
                -120.823803,
                44.95900335
              ],
              [
                -120.82381661,
                44.95864353
              ],
              [
                -120.82356322,
                44.9586387
              ],
              [
                -120.82355641,
                44.95881861
              ],
              [
                -120.82330302,
                44.95881377
              ],
              [
                -120.82330983,
                44.95863386
              ],
              [
                -120.82305643,
                44.95862903
              ],
              [
                -120.82306324,
                44.95844912
              ],
              [
                -120.82255646,
                44.95843946
              ],
              [
                -120.82256327,
                44.95825955
              ],
              [
                -120.82230988,
                44.95825471
              ],
              [
                -120.82231668,
                44.9580748
              ],
              [
                -120.82206329,
                44.95806997
              ],
              [
                -120.82204968,
                44.95842979
              ],
              [
                -120.82230307,
                44.95843462
              ],
              [
                -120.82228945,
                44.95879444
              ],
              [
                -120.82304963,
                44.95880894
              ],
              [
                -120.82304282,
                44.95898885
              ],
              [
                -120.823803,
                44.95900335
              ]
            ]
          ]
        ]
      },
      "properties": {
        "candidate_id": "WCP-002",
        "component_id": "WCP-002-RBR-144",
        "pixel_count": 14,
        "area_m2": 5600.0,
        "analytical_method": "burnlens-baseline-v0.1.0 rbr-threshold",
        "analytical_status": "accepted-baseline",
        "source_precedence": "Official sources govern"
      }
    },
    {
      "type": "Feature",
      "id": "WCP-002-RBR-145",
      "geometry": {
        "type": "MultiPolygon",
        "coordinates": [
          [
            [
              [
                -120.82382341,
                44.95846362
              ],
              [
                -120.82383022,
                44.95828371
              ],
              [
                -120.82357683,
                44.95827888
              ],
              [
                -120.82357002,
                44.95845879
              ],
              [
                -120.82382341,
                44.95846362
              ]
            ]
          ]
        ]
      },
      "properties": {
        "candidate_id": "WCP-002",
        "component_id": "WCP-002-RBR-145",
        "pixel_count": 1,
        "area_m2": 400.0,
        "analytical_method": "burnlens-baseline-v0.1.0 rbr-threshold",
        "analytical_status": "accepted-baseline",
        "source_precedence": "Official sources govern"
      }
    },
    {
      "type": "Feature",
      "id": "WCP-002-RBR-146",
      "geometry": {
        "type": "MultiPolygon",
        "coordinates": [
          [
            [
              [
                -120.82357844,
                44.96494037
              ],
              [
                -120.82358525,
                44.96476046
              ],
              [
                -120.82333183,
                44.96475562
              ],
              [
                -120.82332502,
                44.96493553
              ],
              [
                -120.82357844,
                44.96494037
              ]
            ]
          ]
        ]
      },
      "properties": {
        "candidate_id": "WCP-002",
        "component_id": "WCP-002-RBR-146",
        "pixel_count": 1,
        "area_m2": 400.0,
        "analytical_method": "burnlens-baseline-v0.1.0 rbr-threshold",
        "analytical_status": "accepted-baseline",
        "source_precedence": "Official sources govern"
      }
    },
    {
      "type": "Feature",
      "id": "WCP-002-RBR-147",
      "geometry": {
        "type": "MultiPolygon",
        "coordinates": [
          [
            [
              [
                -120.82328418,
                44.96601499
              ],
              [
                -120.82329099,
                44.96583508
              ],
              [
                -120.82303756,
                44.96583025
              ],
              [
                -120.82303075,
                44.96601016
              ],
              [
                -120.82328418,
                44.96601499
              ]
            ]
          ]
        ]
      },
      "properties": {
        "candidate_id": "WCP-002",
        "component_id": "WCP-002-RBR-147",
        "pixel_count": 1,
        "area_m2": 400.0,
        "analytical_method": "burnlens-baseline-v0.1.0 rbr-threshold",
        "analytical_status": "accepted-baseline",
        "source_precedence": "Official sources govern"
      }
    },
    {
      "type": "Feature",
      "id": "WCP-002-RBR-148",
      "geometry": {
        "type": "MultiPolygon",
        "coordinates": [
          [
            [
              [
                -120.82325695,
                44.96673463
              ],
              [
                -120.82326376,
                44.96655472
              ],
              [
                -120.82301033,
                44.96654989
              ],
              [
                -120.82300352,
                44.9667298
              ],
              [
                -120.82325695,
                44.96673463
              ]
            ]
          ]
        ]
      },
      "properties": {
        "candidate_id": "WCP-002",
        "component_id": "WCP-002-RBR-148",
        "pixel_count": 1,
        "area_m2": 400.0,
        "analytical_method": "burnlens-baseline-v0.1.0 rbr-threshold",
        "analytical_status": "accepted-baseline",
        "source_precedence": "Official sources govern"
      }
    },
    {
      "type": "Feature",
      "id": "WCP-002-RBR-149",
      "geometry": {
        "type": "MultiPolygon",
        "coordinates": [
          [
            [
              [
                -120.82324334,
                44.96709445
              ],
              [
                -120.82325014,
                44.96691454
              ],
              [
                -120.82299671,
                44.96690971
              ],
              [
                -120.82298991,
                44.96708961
              ],
              [
                -120.82324334,
                44.96709445
              ]
            ]
          ]
        ]
      },
      "properties": {
        "candidate_id": "WCP-002",
        "component_id": "WCP-002-RBR-149",
        "pixel_count": 1,
        "area_m2": 400.0,
        "analytical_method": "burnlens-baseline-v0.1.0 rbr-threshold",
        "analytical_status": "accepted-baseline",
        "source_precedence": "Official sources govern"
      }
    },
    {
      "type": "Feature",
      "id": "WCP-002-RBR-150",
      "geometry": {
        "type": "MultiPolygon",
        "coordinates": [
          [
            [
              [
                -120.82309046,
                44.95772948
              ],
              [
                -120.82309727,
                44.95754957
              ],
              [
                -120.82335066,
                44.95755441
              ],
              [
                -120.82335746,
                44.9573745
              ],
              [
                -120.8225973,
                44.95736
              ],
              [
                -120.82258369,
                44.95771982
              ],
              [
                -120.82309046,
                44.95772948
              ]
            ]
          ]
        ]
      },
      "properties": {
        "candidate_id": "WCP-002",
        "component_id": "WCP-002-RBR-150",
        "pixel_count": 5,
        "area_m2": 2000.0,
        "analytical_method": "burnlens-baseline-v0.1.0 rbr-threshold",
        "analytical_status": "accepted-baseline",
        "source_precedence": "Official sources govern"
      }
    },
    {
      "type": "Feature",
      "id": "WCP-002-RBR-151",
      "geometry": {
        "type": "MultiPolygon",
        "coordinates": [
          [
            [
              [
                -120.82331663,
                44.95845396
              ],
              [
                -120.82333024,
                44.95809414
              ],
              [
                -120.82307685,
                44.9580893
              ],
              [
                -120.82306324,
                44.95844912
              ],
              [
                -120.82331663,
                44.95845396
              ]
            ]
          ]
        ]
      },
      "properties": {
        "candidate_id": "WCP-002",
        "component_id": "WCP-002-RBR-151",
        "pixel_count": 2,
        "area_m2": 800.0,
        "analytical_method": "burnlens-baseline-v0.1.0 rbr-threshold",
        "analytical_status": "accepted-baseline",
        "source_precedence": "Official sources govern"
      }
    },
    {
      "type": "Feature",
      "id": "WCP-002-RBR-152",
      "geometry": {
        "type": "MultiPolygon",
        "coordinates": [
          [
            [
              [
                -120.82313967,
                44.96313161
              ],
              [
                -120.82314648,
                44.9629517
              ],
              [
                -120.82289307,
                44.96294686
              ],
              [
                -120.82288626,
                44.96312677
              ],
              [
                -120.82313967,
                44.96313161
              ]
            ]
          ]
        ]
      },
      "properties": {
        "candidate_id": "WCP-002",
        "component_id": "WCP-002-RBR-152",
        "pixel_count": 1,
        "area_m2": 400.0,
        "analytical_method": "burnlens-baseline-v0.1.0 rbr-threshold",
        "analytical_status": "accepted-baseline",
        "source_precedence": "Official sources govern"
      }
    },
    {
      "type": "Feature",
      "id": "WCP-002-RBR-153",
      "geometry": {
        "type": "MultiPolygon",
        "coordinates": [
          [
            [
              [
                -120.82307841,
                44.96475079
              ],
              [
                -120.82308522,
                44.96457088
              ],
              [
                -120.8228318,
                44.96456605
              ],
              [
                -120.82282499,
                44.96474596
              ],
              [
                -120.82307841,
                44.96475079
              ]
            ]
          ]
        ]
      },
      "properties": {
        "candidate_id": "WCP-002",
        "component_id": "WCP-002-RBR-153",
        "pixel_count": 1,
        "area_m2": 400.0,
        "analytical_method": "burnlens-baseline-v0.1.0 rbr-threshold",
        "analytical_status": "accepted-baseline",
        "source_precedence": "Official sources govern"
      }
    },
    {
      "type": "Feature",
      "id": "WCP-002-RBR-154",
      "geometry": {
        "type": "MultiPolygon",
        "coordinates": [
          [
            [
              [
                -120.82306479,
                44.96511061
              ],
              [
                -120.8230716,
                44.9649307
              ],
              [
                -120.82281818,
                44.96492587
              ],
              [
                -120.82281137,
                44.96510578
              ],
              [
                -120.82306479,
                44.96511061
              ]
            ]
          ]
        ]
      },
      "properties": {
        "candidate_id": "WCP-002",
        "component_id": "WCP-002-RBR-154",
        "pixel_count": 1,
        "area_m2": 400.0,
        "analytical_method": "burnlens-baseline-v0.1.0 rbr-threshold",
        "analytical_status": "accepted-baseline",
        "source_precedence": "Official sources govern"
      }
    },
    {
      "type": "Feature",
      "id": "WCP-002-RBR-155",
      "geometry": {
        "type": "MultiPolygon",
        "coordinates": [
          [
            [
              [
                -120.82296948,
                44.96762934
              ],
              [
                -120.82297629,
                44.96744943
              ],
              [
                -120.82272286,
                44.9674446
              ],
              [
                -120.82271605,
                44.96762451
              ],
              [
                -120.82296948,
                44.96762934
              ]
            ]
          ]
        ]
      },
      "properties": {
        "candidate_id": "WCP-002",
        "component_id": "WCP-002-RBR-155",
        "pixel_count": 1,
        "area_m2": 400.0,
        "analytical_method": "burnlens-baseline-v0.1.0 rbr-threshold",
        "analytical_status": "accepted-baseline",
        "source_precedence": "Official sources govern"
      }
    },
    {
      "type": "Feature",
      "id": "WCP-002-RBR-156",
      "geometry": {
        "type": "MultiPolygon",
        "coordinates": [
          [
            [
              [
                -120.82277733,
                44.96600532
              ],
              [
                -120.82279095,
                44.96564551
              ],
              [
                -120.82253752,
                44.96564067
              ],
              [
                -120.82253072,
                44.96582058
              ],
              [
                -120.82227729,
                44.96581575
              ],
              [
                -120.82227048,
                44.96599566
              ],
              [
                -120.82277733,
                44.96600532
              ]
            ]
          ]
        ]
      },
      "properties": {
        "candidate_id": "WCP-002",
        "component_id": "WCP-002-RBR-156",
        "pixel_count": 3,
        "area_m2": 1200.0,
        "analytical_method": "burnlens-baseline-v0.1.0 rbr-threshold",
        "analytical_status": "accepted-baseline",
        "source_precedence": "Official sources govern"
      }
    },
    {
      "type": "Feature",
      "id": "WCP-002-RBR-157",
      "geometry": {
        "type": "MultiPolygon",
        "coordinates": [
          [
            [
              [
                -120.8227569,
                44.96654505
              ],
              [
                -120.82276371,
                44.96636514
              ],
              [
                -120.82251029,
                44.96636031
              ],
              [
                -120.82250348,
                44.96654022
              ],
              [
                -120.8227569,
                44.96654505
              ]
            ]
          ]
        ]
      },
      "properties": {
        "candidate_id": "WCP-002",
        "component_id": "WCP-002-RBR-157",
        "pixel_count": 1,
        "area_m2": 400.0,
        "analytical_method": "burnlens-baseline-v0.1.0 rbr-threshold",
        "analytical_status": "accepted-baseline",
        "source_precedence": "Official sources govern"
      }
    },
    {
      "type": "Feature",
      "id": "WCP-002-RBR-158",
      "geometry": {
        "type": "MultiPolygon",
        "coordinates": [
          [
            [
              [
                -120.82274329,
                44.96690487
              ],
              [
                -120.82275009,
                44.96672496
              ],
              [
                -120.82249667,
                44.96672013
              ],
              [
                -120.82248986,
                44.96690004
              ],
              [
                -120.82274329,
                44.96690487
              ]
            ]
          ]
        ]
      },
      "properties": {
        "candidate_id": "WCP-002",
        "component_id": "WCP-002-RBR-158",
        "pixel_count": 1,
        "area_m2": 400.0,
        "analytical_method": "burnlens-baseline-v0.1.0 rbr-threshold",
        "analytical_status": "accepted-baseline",
        "source_precedence": "Official sources govern"
      }
    },
    {
      "type": "Feature",
      "id": "WCP-002-RBR-159",
      "geometry": {
        "type": "MultiPolygon",
        "coordinates": [
          [
            [
              [
                -120.82281666,
                44.95826438
              ],
              [
                -120.82283027,
                44.95790456
              ],
              [
                -120.82257688,
                44.95789973
              ],
              [
                -120.82256327,
                44.95825955
              ],
              [
                -120.82281666,
                44.95826438
              ]
            ]
          ]
        ]
      },
      "properties": {
        "candidate_id": "WCP-002",
        "component_id": "WCP-002-RBR-159",
        "pixel_count": 2,
        "area_m2": 800.0,
        "analytical_method": "burnlens-baseline-v0.1.0 rbr-threshold",
        "analytical_status": "accepted-baseline",
        "source_precedence": "Official sources govern"
      }
    },
    {
      "type": "Feature",
      "id": "WCP-002-RBR-160",
      "geometry": {
        "type": "MultiPolygon",
        "coordinates": [
          [
            [
              [
                -120.82254433,
                44.96546076
              ],
              [
                -120.82255114,
                44.96528085
              ],
              [
                -120.82229772,
                44.96527602
              ],
              [
                -120.82229091,
                44.96545593
              ],
              [
                -120.82254433,
                44.96546076
              ]
            ]
          ]
        ]
      },
      "properties": {
        "candidate_id": "WCP-002",
        "component_id": "WCP-002-RBR-160",
        "pixel_count": 1,
        "area_m2": 400.0,
        "analytical_method": "burnlens-baseline-v0.1.0 rbr-threshold",
        "analytical_status": "accepted-baseline",
        "source_precedence": "Official sources govern"
      }
    },
    {
      "type": "Feature",
      "id": "WCP-002-RBR-161",
      "geometry": {
        "type": "MultiPolygon",
        "coordinates": [
          [
            [
              [
                -120.82223643,
                44.9668952
              ],
              [
                -120.82224324,
                44.96671529
              ],
              [
                -120.82249667,
                44.96672013
              ],
              [
                -120.82250348,
                44.96654022
              ],
              [
                -120.82199662,
                44.96653055
              ],
              [
                -120.821983,
                44.96689037
              ],
              [
                -120.82223643,
                44.9668952
              ]
            ]
          ]
        ]
      },
      "properties": {
        "candidate_id": "WCP-002",
        "component_id": "WCP-002-RBR-161",
        "pixel_count": 3,
        "area_m2": 1200.0,
        "analytical_method": "burnlens-baseline-v0.1.0 rbr-threshold",
        "analytical_status": "accepted-baseline",
        "source_precedence": "Official sources govern"
      }
    },
    {
      "type": "Feature",
      "id": "WCP-002-RBR-162",
      "geometry": {
        "type": "MultiPolygon",
        "coordinates": [
          [
            [
              [
                -120.82248305,
                44.96707995
              ],
              [
                -120.82248986,
                44.96690004
              ],
              [
                -120.82223643,
                44.9668952
              ],
              [
                -120.82222962,
                44.96707511
              ],
              [
                -120.82248305,
                44.96707995
              ]
            ]
          ]
        ]
      },
      "properties": {
        "candidate_id": "WCP-002",
        "component_id": "WCP-002-RBR-162",
        "pixel_count": 1,
        "area_m2": 400.0,
        "analytical_method": "burnlens-baseline-v0.1.0 rbr-threshold",
        "analytical_status": "accepted-baseline",
        "source_precedence": "Official sources govern"
      }
    },
    {
      "type": "Feature",
      "id": "WCP-002-RBR-163",
      "geometry": {
        "type": "MultiPolygon",
        "coordinates": [
          [
            [
              [
                -120.82244219,
                44.9681594
              ],
              [
                -120.82246943,
                44.96743977
              ],
              [
                -120.82196257,
                44.9674301
              ],
              [
                -120.82195575,
                44.96761001
              ],
              [
                -120.82220919,
                44.96761484
              ],
              [
                -120.82218875,
                44.96815457
              ],
              [
                -120.82244219,
                44.9681594
              ]
            ]
          ]
        ]
      },
      "properties": {
        "candidate_id": "WCP-002",
        "component_id": "WCP-002-RBR-163",
        "pixel_count": 5,
        "area_m2": 2000.0,
        "analytical_method": "burnlens-baseline-v0.1.0 rbr-threshold",
        "analytical_status": "accepted-baseline",
        "source_precedence": "Official sources govern"
      }
    },
    {
      "type": "Feature",
      "id": "WCP-002-RBR-164",
      "geometry": {
        "type": "MultiPolygon",
        "coordinates": [
          [
            [
              [
                -120.82230453,
                44.96509611
              ],
              [
                -120.82233177,
                44.96437647
              ],
              [
                -120.82207835,
                44.96437164
              ],
              [
                -120.82205111,
                44.96509127
              ],
              [
                -120.82230453,
                44.96509611
              ]
            ]
          ]
        ]
      },
      "properties": {
        "candidate_id": "WCP-002",
        "component_id": "WCP-002-RBR-164",
        "pixel_count": 4,
        "area_m2": 1600.0,
        "analytical_method": "burnlens-baseline-v0.1.0 rbr-threshold",
        "analytical_status": "accepted-baseline",
        "source_precedence": "Official sources govern"
      }
    },
    {
      "type": "Feature",
      "id": "WCP-002-RBR-165",
      "geometry": {
        "type": "MultiPolygon",
        "coordinates": [
          [
            [
              [
                -120.82232349,
                44.95789489
              ],
              [
                -120.82233711,
                44.95753508
              ],
              [
                -120.82208372,
                44.95753024
              ],
              [
                -120.82209053,
                44.95735033
              ],
              [
                -120.82183714,
                44.9573455
              ],
              [
                -120.82182352,
                44.95770532
              ],
              [
                -120.82207691,
                44.95771015
              ],
              [
                -120.8220701,
                44.95789006
              ],
              [
                -120.82232349,
                44.95789489
              ]
            ]
          ]
        ]
      },
      "properties": {
        "candidate_id": "WCP-002",
        "component_id": "WCP-002-RBR-165",
        "pixel_count": 4,
        "area_m2": 1600.0,
        "analytical_method": "burnlens-baseline-v0.1.0 rbr-threshold",
        "analytical_status": "accepted-baseline",
        "source_precedence": "Official sources govern"
      }
    },
    {
      "type": "Feature",
      "id": "WCP-002-RBR-166",
      "geometry": {
        "type": "MultiPolygon",
        "coordinates": [
          [
            [
              [
                -120.82211922,
                44.96329218
              ],
              [
                -120.82213284,
                44.96293236
              ],
              [
                -120.82187943,
                44.96292753
              ],
              [
                -120.8218658,
                44.96328735
              ],
              [
                -120.82211922,
                44.96329218
              ]
            ]
          ]
        ]
      },
      "properties": {
        "candidate_id": "WCP-002",
        "component_id": "WCP-002-RBR-166",
        "pixel_count": 2,
        "area_m2": 800.0,
        "analytical_method": "burnlens-baseline-v0.1.0 rbr-threshold",
        "analytical_status": "accepted-baseline",
        "source_precedence": "Official sources govern"
      }
    },
    {
      "type": "Feature",
      "id": "WCP-002-RBR-167",
      "geometry": {
        "type": "MultiPolygon",
        "coordinates": [
          [
            [
              [
                -120.82203749,
                44.96545109
              ],
              [
                -120.82205111,
                44.96509127
              ],
              [
                -120.82179769,
                44.96508644
              ],
              [
                -120.82179088,
                44.96526635
              ],
              [
                -120.82153746,
                44.96526151
              ],
              [
                -120.82153065,
                44.96544142
              ],
              [
                -120.82203749,
                44.96545109
              ]
            ]
          ]
        ]
      },
      "properties": {
        "candidate_id": "WCP-002",
        "component_id": "WCP-002-RBR-167",
        "pixel_count": 3,
        "area_m2": 1200.0,
        "analytical_method": "burnlens-baseline-v0.1.0 rbr-threshold",
        "analytical_status": "accepted-baseline",
        "source_precedence": "Official sources govern"
      }
    },
    {
      "type": "Feature",
      "id": "WCP-002-RBR-168",
      "geometry": {
        "type": "MultiPolygon",
        "coordinates": [
          [
            [
              [
                -120.82200343,
                44.96635064
              ],
              [
                -120.82203068,
                44.965631
              ],
              [
                -120.82177726,
                44.96562617
              ],
              [
                -120.82175001,
                44.9663458
              ],
              [
                -120.82200343,
                44.96635064
              ]
            ]
          ]
        ]
      },
      "properties": {
        "candidate_id": "WCP-002",
        "component_id": "WCP-002-RBR-168",
        "pixel_count": 4,
        "area_m2": 1600.0,
        "analytical_method": "burnlens-baseline-v0.1.0 rbr-threshold",
        "analytical_status": "accepted-baseline",
        "source_precedence": "Official sources govern"
      }
    },
    {
      "type": "Feature",
      "id": "WCP-002-RBR-169",
      "geometry": {
        "type": "MultiPolygon",
        "coordinates": [
          [
            [
              [
                -120.82168189,
                44.9681449
              ],
              [
                -120.82169551,
                44.96778508
              ],
              [
                -120.82194894,
                44.96778991
              ],
              [
                -120.82195575,
                44.96761001
              ],
              [
                -120.82170232,
                44.96760517
              ],
              [
                -120.82170914,
                44.96742526
              ],
              [
                -120.8214557,
                44.96742042
              ],
              [
                -120.82142845,
                44.96814006
              ],
              [
                -120.82168189,
                44.9681449
              ]
            ]
          ]
        ]
      },
      "properties": {
        "candidate_id": "WCP-002",
        "component_id": "WCP-002-RBR-169",
        "pixel_count": 5,
        "area_m2": 2000.0,
        "analytical_method": "burnlens-baseline-v0.1.0 rbr-threshold",
        "analytical_status": "accepted-baseline",
        "source_precedence": "Official sources govern"
      }
    },
    {
      "type": "Feature",
      "id": "WCP-002-RBR-170",
      "geometry": {
        "type": "MultiPolygon",
        "coordinates": [
          [
            [
              [
                -120.82206329,
                44.95806997
              ],
              [
                -120.8220701,
                44.95789006
              ],
              [
                -120.82181671,
                44.95788523
              ],
              [
                -120.8218099,
                44.95806514
              ],
              [
                -120.82206329,
                44.95806997
              ]
            ]
          ]
        ]
      },
      "properties": {
        "candidate_id": "WCP-002",
        "component_id": "WCP-002-RBR-170",
        "pixel_count": 1,
        "area_m2": 400.0,
        "analytical_method": "burnlens-baseline-v0.1.0 rbr-threshold",
        "analytical_status": "accepted-baseline",
        "source_precedence": "Official sources govern"
      }
    },
    {
      "type": "Feature",
      "id": "WCP-002-RBR-171",
      "geometry": {
        "type": "MultiPolygon",
        "coordinates": [
          [
            [
              [
                -120.82204287,
                44.9586097
              ],
              [
                -120.82204968,
                44.95842979
              ],
              [
                -120.82179628,
                44.95842495
              ],
              [
                -120.82178947,
                44.95860486
              ],
              [
                -120.82204287,
                44.9586097
              ]
            ]
          ]
        ]
      },
      "properties": {
        "candidate_id": "WCP-002",
        "component_id": "WCP-002-RBR-171",
        "pixel_count": 1,
        "area_m2": 400.0,
        "analytical_method": "burnlens-baseline-v0.1.0 rbr-threshold",
        "analytical_status": "accepted-baseline",
        "source_precedence": "Official sources govern"
      }
    },
    {
      "type": "Feature",
      "id": "WCP-002-RBR-172",
      "geometry": {
        "type": "MultiPolygon",
        "coordinates": [
          [
            [
              [
                -120.82185218,
                44.96364716
              ],
              [
                -120.8218658,
                44.96328735
              ],
              [
                -120.82161239,
                44.96328251
              ],
              [
                -120.82159877,
                44.96364233
              ],
              [
                -120.82185218,
                44.96364716
              ]
            ]
          ]
        ]
      },
      "properties": {
        "candidate_id": "WCP-002",
        "component_id": "WCP-002-RBR-172",
        "pixel_count": 2,
        "area_m2": 800.0,
        "analytical_method": "burnlens-baseline-v0.1.0 rbr-threshold",
        "analytical_status": "accepted-baseline",
        "source_precedence": "Official sources govern"
      }
    },
    {
      "type": "Feature",
      "id": "WCP-002-RBR-173",
      "geometry": {
        "type": "MultiPolygon",
        "coordinates": [
          [
            [
              [
                -120.8217432,
                44.96652571
              ],
              [
                -120.82175001,
                44.9663458
              ],
              [
                -120.82149658,
                44.96634097
              ],
              [
                -120.82148977,
                44.96652088
              ],
              [
                -120.8217432,
                44.96652571
              ]
            ]
          ]
        ]
      },
      "properties": {
        "candidate_id": "WCP-002",
        "component_id": "WCP-002-RBR-173",
        "pixel_count": 1,
        "area_m2": 400.0,
        "analytical_method": "burnlens-baseline-v0.1.0 rbr-threshold",
        "analytical_status": "accepted-baseline",
        "source_precedence": "Official sources govern"
      }
    },
    {
      "type": "Feature",
      "id": "WCP-002-RBR-174",
      "geometry": {
        "type": "MultiPolygon",
        "coordinates": [
          [
            [
              [
                -120.82172276,
                44.96706544
              ],
              [
                -120.82172957,
                44.96688553
              ],
              [
                -120.82147614,
                44.9668807
              ],
              [
                -120.82146933,
                44.96706061
              ],
              [
                -120.82172276,
                44.96706544
              ]
            ]
          ]
        ]
      },
      "properties": {
        "candidate_id": "WCP-002",
        "component_id": "WCP-002-RBR-174",
        "pixel_count": 1,
        "area_m2": 400.0,
        "analytical_method": "burnlens-baseline-v0.1.0 rbr-threshold",
        "analytical_status": "accepted-baseline",
        "source_precedence": "Official sources govern"
      }
    }
  ],
  "warning": "Experimental BurnLens accepted-baseline output. Not official wildfire information or emergency guidance. Official sources govern."
}
