{
  "type": "FeatureCollection",
  "name": "BurnLens bounded TNM road context",
  "features": [
    {
      "type": "Feature",
      "id": "secondary-highway-430573",
      "geometry": {
        "type": "LineString",
        "coordinates": [
          [
            -120.99583411,
            45.0034916
          ],
          [
            -120.99583511,
            45.0035246
          ],
          [
            -120.99583111,
            45.0037366
          ],
          [
            -120.99577911,
            45.0041746
          ],
          [
            -120.99574311,
            45.0043206
          ],
          [
            -120.99564711,
            45.0046106
          ],
          [
            -120.99551711,
            45.0049166
          ],
          [
            -120.99545011,
            45.0050396
          ],
          [
            -120.99521111,
            45.0053976
          ],
          [
            -120.99503611,
            45.0056336
          ],
          [
            -120.99484511,
            45.0058676
          ],
          [
            -120.99473711,
            45.0059846
          ],
          [
            -120.99425711,
            45.0064316
          ],
          [
            -120.99395011,
            45.0067016
          ],
          [
            -120.99221511,
            45.0082356
          ],
          [
            -120.99196411,
            45.0084796
          ],
          [
            -120.99169611,
            45.0087686
          ],
          [
            -120.99146911,
            45.0090446
          ],
          [
            -120.99128411,
            45.0093356
          ],
          [
            -120.99112211,
            45.0096446
          ],
          [
            -120.99098711,
            45.0099746
          ],
          [
            -120.99090411,
            45.0102476
          ],
          [
            -120.99081011,
            45.0106836
          ],
          [
            -120.99064711,
            45.0116226
          ],
          [
            -120.98998111,
            45.0158126
          ],
          [
            -120.98990011,
            45.0162156
          ],
          [
            -120.98981311,
            45.0165046
          ],
          [
            -120.98967111,
            45.0168926
          ],
          [
            -120.98964911,
            45.0169616
          ],
          [
            -120.98960411,
            45.0171056
          ],
          [
            -120.98957211,
            45.0173036
          ],
          [
            -120.98957211,
            45.0174836
          ],
          [
            -120.98960711,
            45.0176656
          ],
          [
            -120.98969511,
            45.0179196
          ],
          [
            -120.99018611,
            45.0189616
          ],
          [
            -120.99095211,
            45.0205106
          ]
        ]
      },
      "properties": {
        "context_class": "secondary-highway",
        "source_object_id": 430573,
        "name": "The Dalles-California Hwy",
        "source_dataset_id": "{94591221-486A-4818-BDC4-F8ECD9D3F0EE}",
        "source_originator": "U.S. Department of Commerce, U.S. Census Bureau, Geography Division",
        "analytical_status": "official-context"
      }
    },
    {
      "type": "Feature",
      "id": "secondary-highway-812466",
      "geometry": {
        "type": "LineString",
        "coordinates": [
          [
            -120.94533408,
            44.9214926
          ],
          [
            -120.94461208,
            44.9222976
          ],
          [
            -120.94082108,
            44.9260996
          ],
          [
            -120.93914608,
            44.9277566
          ],
          [
            -120.93711609,
            44.9298156
          ],
          [
            -120.93182208,
            44.9351396
          ],
          [
            -120.93013008,
            44.93680561
          ],
          [
            -120.92964308,
            44.93725861
          ],
          [
            -120.92943108,
            44.93744461
          ],
          [
            -120.92904509,
            44.93775561
          ],
          [
            -120.92858409,
            44.93808361
          ],
          [
            -120.92823409,
            44.93831661
          ],
          [
            -120.92799409,
            44.93846661
          ],
          [
            -120.92752709,
            44.93873561
          ],
          [
            -120.92707408,
            44.93897761
          ],
          [
            -120.92607408,
            44.93952961
          ],
          [
            -120.92408408,
            44.94064661
          ],
          [
            -120.92197908,
            44.94181561
          ],
          [
            -120.91729408,
            44.94443761
          ],
          [
            -120.91492808,
            44.94574861
          ],
          [
            -120.91064208,
            44.94814161
          ],
          [
            -120.90823108,
            44.94947761
          ],
          [
            -120.90437308,
            44.95164161
          ],
          [
            -120.90151508,
            44.95322561
          ],
          [
            -120.90047508,
            44.95380661
          ],
          [
            -120.89889008,
            44.95469161
          ],
          [
            -120.88963608,
            44.95983261
          ],
          [
            -120.88822108,
            44.96062861
          ],
          [
            -120.88746408,
            44.96104761
          ],
          [
            -120.88485908,
            44.96249161
          ],
          [
            -120.88391408,
            44.96301861
          ],
          [
            -120.88320308,
            44.96341661
          ],
          [
            -120.88177008,
            44.96423061
          ],
          [
            -120.88044308,
            44.96495861
          ],
          [
            -120.87797608,
            44.96633361
          ],
          [
            -120.87693608,
            44.96690061
          ],
          [
            -120.87630708,
            44.96725861
          ],
          [
            -120.87600508,
            44.96744161
          ],
          [
            -120.87558808,
            44.96771561
          ],
          [
            -120.87538608,
            44.96785661
          ],
          [
            -120.87500808,
            44.96814061
          ],
          [
            -120.87458508,
            44.96848261
          ],
          [
            -120.87438508,
            44.96866061
          ],
          [
            -120.87423908,
            44.96879961
          ],
          [
            -120.87396008,
            44.96908561
          ],
          [
            -120.87372008,
            44.96934461
          ],
          [
            -120.87362908,
            44.96944461
          ],
          [
            -120.87274608,
            44.97043461
          ],
          [
            -120.87198108,
            44.97131761
          ],
          [
            -120.87094408,
            44.97249061
          ]
        ]
      },
      "properties": {
        "context_class": "secondary-highway",
        "source_object_id": 812466,
        "name": "Sherman Hwy",
        "source_dataset_id": "{94591221-486A-4818-BDC4-F8ECD9D3F0EE}",
        "source_originator": "U.S. Department of Commerce, U.S. Census Bureau, Geography Division",
        "analytical_status": "official-context"
      }
    },
    {
      "type": "Feature",
      "id": "secondary-highway-4375773",
      "geometry": {
        "type": "LineString",
        "coordinates": [
          [
            -120.99817112,
            45.04445761
          ],
          [
            -120.99856612,
            45.04581961
          ],
          [
            -120.99871112,
            45.04625461
          ],
          [
            -120.99882112,
            45.04648761
          ],
          [
            -120.99892712,
            45.04665361
          ],
          [
            -120.99903312,
            45.04678561
          ],
          [
            -120.99905512,
            45.04681261
          ],
          [
            -120.99914812,
            45.04690761
          ],
          [
            -120.99945912,
            45.04715961
          ],
          [
            -120.99967212,
            45.04729761
          ],
          [
            -120.99989012,
            45.04740761
          ],
          [
            -121.00011312,
            45.04749361
          ],
          [
            -121.00043512,
            45.04759361
          ],
          [
            -121.00103412,
            45.04772661
          ],
          [
            -121.00336912,
            45.0481916
          ],
          [
            -121.00353406,
            45.04822376
          ]
        ]
      },
      "properties": {
        "context_class": "secondary-highway",
        "source_object_id": 4375773,
        "name": "The Dalles-California Hwy",
        "source_dataset_id": "{94591221-486A-4818-BDC4-F8ECD9D3F0EE}",
        "source_originator": "U.S. Department of Commerce, U.S. Census Bureau, Geography Division",
        "analytical_status": "official-context"
      }
    },
    {
      "type": "Feature",
      "id": "secondary-highway-8844093",
      "geometry": {
        "type": "LineString",
        "coordinates": [
          [
            -120.94658908,
            44.9213706
          ],
          [
            -120.94692408,
            44.9218716
          ],
          [
            -120.94763608,
            44.9229216
          ],
          [
            -120.94821209,
            44.9237706
          ],
          [
            -120.94866609,
            44.9244136
          ],
          [
            -120.94887009,
            44.9246706
          ],
          [
            -120.94909309,
            44.9249236
          ],
          [
            -120.94934609,
            44.9251846
          ],
          [
            -120.94962809,
            44.9254366
          ],
          [
            -120.95007309,
            44.9257916
          ],
          [
            -120.95104509,
            44.9265366
          ],
          [
            -120.95224009,
            44.9274236
          ],
          [
            -120.95290509,
            44.9279286
          ],
          [
            -120.95724109,
            44.9312246
          ],
          [
            -120.95872609,
            44.9323376
          ],
          [
            -120.96634309,
            44.9381086
          ],
          [
            -120.96771109,
            44.9391456
          ]
        ]
      },
      "properties": {
        "context_class": "secondary-highway",
        "source_object_id": 8844093,
        "name": "The Dalles-California Hwy",
        "source_dataset_id": "{94591221-486A-4818-BDC4-F8ECD9D3F0EE}",
        "source_originator": "U.S. Department of Commerce, U.S. Census Bureau, Geography Division",
        "analytical_status": "official-context"
      }
    },
    {
      "type": "Feature",
      "id": "secondary-highway-9099099",
      "geometry": {
        "type": "LineString",
        "coordinates": [
          [
            -120.75491407,
            45.00352163
          ],
          [
            -120.75446807,
            45.00358963
          ],
          [
            -120.75435507,
            45.00361263
          ],
          [
            -120.75417607,
            45.00365963
          ],
          [
            -120.75398007,
            45.00372663
          ],
          [
            -120.75385407,
            45.00377963
          ],
          [
            -120.75372007,
            45.00382963
          ]
        ]
      },
      "properties": {
        "context_class": "secondary-highway",
        "source_object_id": 9099099,
        "name": "US Hwy 97",
        "source_dataset_id": "{94591221-486A-4818-BDC4-F8ECD9D3F0EE}",
        "source_originator": "U.S. Department of Commerce, U.S. Census Bureau, Geography Division",
        "analytical_status": "official-context"
      }
    },
    {
      "type": "Feature",
      "id": "secondary-highway-11269814",
      "geometry": {
        "type": "LineString",
        "coordinates": [
          [
            -120.75277307,
            45.00462563
          ],
          [
            -120.75271907,
            45.00470163
          ],
          [
            -120.75262707,
            45.00490363
          ],
          [
            -120.75260607,
            45.00495863
          ],
          [
            -120.75257507,
            45.00504663
          ]
        ]
      },
      "properties": {
        "context_class": "secondary-highway",
        "source_object_id": 11269814,
        "name": "Sherman Hwy",
        "source_dataset_id": "{94591221-486A-4818-BDC4-F8ECD9D3F0EE}",
        "source_originator": "U.S. Department of Commerce, U.S. Census Bureau, Geography Division",
        "analytical_status": "official-context"
      }
    },
    {
      "type": "Feature",
      "id": "secondary-highway-11397773",
      "geometry": {
        "type": "LineString",
        "coordinates": [
          [
            -120.92723245,
            44.85128329
          ],
          [
            -120.92718207,
            44.8514586
          ],
          [
            -120.92703207,
            44.8519856
          ],
          [
            -120.92685107,
            44.8526806
          ],
          [
            -120.92672807,
            44.8532026
          ],
          [
            -120.92653107,
            44.8540386
          ],
          [
            -120.92639507,
            44.8546136
          ],
          [
            -120.92639007,
            44.8546366
          ],
          [
            -120.92612707,
            44.8556016
          ],
          [
            -120.92592407,
            44.8563476
          ],
          [
            -120.92567507,
            44.8574616
          ],
          [
            -120.92561407,
            44.8577946
          ],
          [
            -120.92559307,
            44.8579576
          ],
          [
            -120.92557307,
            44.8582236
          ],
          [
            -120.92557407,
            44.8586496
          ],
          [
            -120.92560307,
            44.8591046
          ],
          [
            -120.92561807,
            44.8593406
          ],
          [
            -120.92566207,
            44.8598066
          ],
          [
            -120.92580307,
            44.8612876
          ],
          [
            -120.92580707,
            44.8613276
          ],
          [
            -120.92589307,
            44.8621636
          ],
          [
            -120.92612707,
            44.8644286
          ],
          [
            -120.92619907,
            44.8651236
          ],
          [
            -120.92622407,
            44.8655336
          ],
          [
            -120.92633107,
            44.8663476
          ],
          [
            -120.92644607,
            44.8669166
          ],
          [
            -120.92656107,
            44.8674006
          ],
          [
            -120.92677307,
            44.8681626
          ],
          [
            -120.92694807,
            44.8686466
          ],
          [
            -120.92708907,
            44.8690996
          ],
          [
            -120.92725407,
            44.8696326
          ],
          [
            -120.92746907,
            44.8703526
          ],
          [
            -120.92797907,
            44.8717906
          ],
          [
            -120.92802107,
            44.8719236
          ],
          [
            -120.92803707,
            44.8719676
          ],
          [
            -120.92804907,
            44.8720116
          ],
          [
            -120.92833207,
            44.8729136
          ],
          [
            -120.92841107,
            44.8732556
          ],
          [
            -120.92844107,
            44.8734266
          ],
          [
            -120.92848407,
            44.8737756
          ],
          [
            -120.92849807,
            44.8740816
          ],
          [
            -120.92845907,
            44.8745306
          ],
          [
            -120.92839007,
            44.8748186
          ],
          [
            -120.92832007,
            44.8750426
          ],
          [
            -120.92808907,
            44.8755396
          ],
          [
            -120.92795507,
            44.8758036
          ],
          [
            -120.92789107,
            44.8759166
          ],
          [
            -120.92782207,
            44.8760216
          ],
          [
            -120.92753107,
            44.8764196
          ],
          [
            -120.92716707,
            44.8768126
          ],
          [
            -120.92540707,
            44.8785826
          ],
          [
            -120.92512407,
            44.8788686
          ],
          [
            -120.92503207,
            44.8789766
          ],
          [
            -120.92486207,
            44.8791986
          ],
          [
            -120.92476707,
            44.8793386
          ],
          [
            -120.92460707,
            44.8796036
          ],
          [
            -120.92456907,
            44.8796656
          ],
          [
            -120.92427207,
            44.8802266
          ],
          [
            -120.92409107,
            44.8806506
          ],
          [
            -120.92401107,
            44.8808816
          ],
          [
            -120.92397407,
            44.8810886
          ],
          [
            -120.92388707,
            44.8816956
          ],
          [
            -120.92385607,
            44.8818776
          ],
          [
            -120.92385707,
            44.8821856
          ],
          [
            -120.92388107,
            44.8825126
          ],
          [
            -120.92410607,
            44.8835386
          ],
          [
            -120.92432707,
            44.8840406
          ],
          [
            -120.92442307,
            44.8842326
          ],
          [
            -120.92452907,
            44.8844236
          ],
          [
            -120.92471607,
            44.8847236
          ]
        ]
      },
      "properties": {
        "context_class": "secondary-highway",
        "source_object_id": 11397773,
        "name": "The Dalles-California Hwy",
        "source_dataset_id": "{94591221-486A-4818-BDC4-F8ECD9D3F0EE}",
        "source_originator": "U.S. Department of Commerce, U.S. Census Bureau, Geography Division",
        "analytical_status": "official-context"
      }
    },
    {
      "type": "Feature",
      "id": "secondary-highway-13696894",
      "geometry": {
        "type": "LineString",
        "coordinates": [
          [
            -120.99760612,
            45.04251261
          ],
          [
            -120.99771912,
            45.04290061
          ],
          [
            -120.99781612,
            45.04323461
          ],
          [
            -120.99805812,
            45.04406761
          ],
          [
            -120.99817112,
            45.04445761
          ]
        ]
      },
      "properties": {
        "context_class": "secondary-highway",
        "source_object_id": 13696894,
        "name": "The Dalles-California Hwy",
        "source_dataset_id": "{94591221-486A-4818-BDC4-F8ECD9D3F0EE}",
        "source_originator": "U.S. Department of Commerce, U.S. Census Bureau, Geography Division",
        "analytical_status": "official-context"
      }
    },
    {
      "type": "Feature",
      "id": "secondary-highway-14905976",
      "geometry": {
        "type": "LineString",
        "coordinates": [
          [
            -120.94658908,
            44.9213706
          ],
          [
            -120.94649908,
            44.9213586
          ],
          [
            -120.94641708,
            44.9213316
          ],
          [
            -120.94624808,
            44.9212916
          ],
          [
            -120.94615908,
            44.9212766
          ],
          [
            -120.94606908,
            44.9212676
          ],
          [
            -120.94597908,
            44.9212666
          ],
          [
            -120.94589108,
            44.9212746
          ],
          [
            -120.94580308,
            44.9212906
          ],
          [
            -120.94568308,
            44.9213256
          ],
          [
            -120.94556108,
            44.9213776
          ],
          [
            -120.94546408,
            44.9214286
          ],
          [
            -120.94533408,
            44.9214926
          ]
        ]
      },
      "properties": {
        "context_class": "secondary-highway",
        "source_object_id": 14905976,
        "name": null,
        "source_dataset_id": "{DFD24F17-7171-47E7-A519-CF2D05A0A2D9}",
        "source_originator": "U.S. Department of Commerce, U.S. Census Bureau, Geography Division",
        "analytical_status": "official-context"
      }
    },
    {
      "type": "Feature",
      "id": "secondary-highway-17146120",
      "geometry": {
        "type": "LineString",
        "coordinates": [
          [
            -120.78583408,
            45.00523762
          ],
          [
            -120.78314207,
            45.00498462
          ],
          [
            -120.77506807,
            45.00422862
          ],
          [
            -120.77237707,
            45.00397663
          ],
          [
            -120.77128107,
            45.00387363
          ],
          [
            -120.76828507,
            45.00359363
          ],
          [
            -120.76799307,
            45.00356763
          ],
          [
            -120.76753907,
            45.00352963
          ],
          [
            -120.76720807,
            45.00350663
          ],
          [
            -120.76689507,
            45.00349863
          ]
        ]
      },
      "properties": {
        "context_class": "secondary-highway",
        "source_object_id": 17146120,
        "name": "Sherman Hwy",
        "source_dataset_id": "{94591221-486A-4818-BDC4-F8ECD9D3F0EE}",
        "source_originator": "U.S. Department of Commerce, U.S. Census Bureau, Geography Division",
        "analytical_status": "official-context"
      }
    },
    {
      "type": "Feature",
      "id": "secondary-highway-17402554",
      "geometry": {
        "type": "LineString",
        "coordinates": [
          [
            -120.94612708,
            44.9206646
          ],
          [
            -120.94658908,
            44.9213706
          ]
        ]
      },
      "properties": {
        "context_class": "secondary-highway",
        "source_object_id": 17402554,
        "name": "The Dalles-California Hwy",
        "source_dataset_id": "{94591221-486A-4818-BDC4-F8ECD9D3F0EE}",
        "source_originator": "U.S. Department of Commerce, U.S. Census Bureau, Geography Division",
        "analytical_status": "official-context"
      }
    },
    {
      "type": "Feature",
      "id": "secondary-highway-19326565",
      "geometry": {
        "type": "LineString",
        "coordinates": [
          [
            -120.75372007,
            45.00382963
          ],
          [
            -120.75359907,
            45.00389163
          ],
          [
            -120.75350207,
            45.00395363
          ],
          [
            -120.75324207,
            45.00412163
          ],
          [
            -120.75316407,
            45.00418163
          ],
          [
            -120.75295707,
            45.00437063
          ],
          [
            -120.75291407,
            45.00441863
          ],
          [
            -120.75289807,
            45.00443763
          ],
          [
            -120.75280107,
            45.00457763
          ],
          [
            -120.75277307,
            45.00462563
          ]
        ]
      },
      "properties": {
        "context_class": "secondary-highway",
        "source_object_id": 19326565,
        "name": "Sherman Hwy",
        "source_dataset_id": "{94591221-486A-4818-BDC4-F8ECD9D3F0EE}",
        "source_originator": "U.S. Department of Commerce, U.S. Census Bureau, Geography Division",
        "analytical_status": "official-context"
      }
    },
    {
      "type": "Feature",
      "id": "secondary-highway-22401780",
      "geometry": {
        "type": "LineString",
        "coordinates": [
          [
            -120.75257507,
            45.00504663
          ],
          [
            -120.75255007,
            45.00516763
          ],
          [
            -120.75253607,
            45.00537963
          ],
          [
            -120.75253607,
            45.00553563
          ],
          [
            -120.75253707,
            45.00558163
          ],
          [
            -120.75254307,
            45.00565963
          ]
        ]
      },
      "properties": {
        "context_class": "secondary-highway",
        "source_object_id": 22401780,
        "name": "E St",
        "source_dataset_id": "{94591221-486A-4818-BDC4-F8ECD9D3F0EE}",
        "source_originator": "U.S. Department of Commerce, U.S. Census Bureau, Geography Division",
        "analytical_status": "official-context"
      }
    },
    {
      "type": "Feature",
      "id": "secondary-highway-24196279",
      "geometry": {
        "type": "LineString",
        "coordinates": [
          [
            -120.94612708,
            44.9206646
          ],
          [
            -120.94597208,
            44.9204476
          ],
          [
            -120.94587608,
            44.9203156
          ],
          [
            -120.94567808,
            44.9200436
          ],
          [
            -120.94540108,
            44.9196756
          ]
        ]
      },
      "properties": {
        "context_class": "secondary-highway",
        "source_object_id": 24196279,
        "name": null,
        "source_dataset_id": "{94591221-486A-4818-BDC4-F8ECD9D3F0EE}",
        "source_originator": "U.S. Department of Commerce, U.S. Census Bureau, Geography Division",
        "analytical_status": "official-context"
      }
    },
    {
      "type": "Feature",
      "id": "secondary-highway-24452249",
      "geometry": {
        "type": "LineString",
        "coordinates": [
          [
            -120.93982408,
            44.9098316
          ],
          [
            -120.93995308,
            44.9103396
          ],
          [
            -120.94018708,
            44.9112136
          ],
          [
            -120.94037708,
            44.9118486
          ],
          [
            -120.94048408,
            44.9121456
          ],
          [
            -120.94063308,
            44.9124756
          ],
          [
            -120.94078808,
            44.9127766
          ],
          [
            -120.94101908,
            44.9131826
          ],
          [
            -120.94129608,
            44.9136036
          ],
          [
            -120.94173608,
            44.9142276
          ],
          [
            -120.94502508,
            44.9190966
          ],
          [
            -120.94519208,
            44.9193506
          ],
          [
            -120.94527808,
            44.9194716
          ],
          [
            -120.94540108,
            44.9196756
          ]
        ]
      },
      "properties": {
        "context_class": "secondary-highway",
        "source_object_id": 24452249,
        "name": "The Dalles-California Hwy",
        "source_dataset_id": "{94591221-486A-4818-BDC4-F8ECD9D3F0EE}",
        "source_originator": "U.S. Department of Commerce, U.S. Census Bureau, Geography Division",
        "analytical_status": "official-context"
      }
    },
    {
      "type": "Feature",
      "id": "secondary-highway-26246439",
      "geometry": {
        "type": "LineString",
        "coordinates": [
          [
            -120.75745107,
            45.00351663
          ],
          [
            -120.75743007,
            45.00351663
          ],
          [
            -120.75736807,
            45.00351663
          ],
          [
            -120.75734807,
            45.00351663
          ],
          [
            -120.75727307,
            45.00351663
          ],
          [
            -120.75491407,
            45.00352163
          ]
        ]
      },
      "properties": {
        "context_class": "secondary-highway",
        "source_object_id": 26246439,
        "name": "Sherman Hwy",
        "source_dataset_id": "{94591221-486A-4818-BDC4-F8ECD9D3F0EE}",
        "source_originator": "U.S. Department of Commerce, U.S. Census Bureau, Geography Division",
        "analytical_status": "official-context"
      }
    },
    {
      "type": "Feature",
      "id": "secondary-highway-26758747",
      "geometry": {
        "type": "LineString",
        "coordinates": [
          [
            -120.96771109,
            44.9391456
          ],
          [
            -120.97039609,
            44.9411796
          ],
          [
            -120.97096809,
            44.9416456
          ],
          [
            -120.97134709,
            44.9420076
          ],
          [
            -120.97148009,
            44.9421556
          ],
          [
            -120.97169809,
            44.9424356
          ],
          [
            -120.97186309,
            44.9427016
          ],
          [
            -120.97230809,
            44.9435816
          ],
          [
            -120.97264209,
            44.9442796
          ],
          [
            -120.97345609,
            44.9459796
          ],
          [
            -120.9765071,
            44.9522466
          ],
          [
            -120.9821381,
            44.9638716
          ],
          [
            -120.9838451,
            44.9673936
          ],
          [
            -120.9852071,
            44.9701796
          ],
          [
            -120.9853121,
            44.9703986
          ]
        ]
      },
      "properties": {
        "context_class": "secondary-highway",
        "source_object_id": 26758747,
        "name": "The Dalles-California Hwy",
        "source_dataset_id": "{94591221-486A-4818-BDC4-F8ECD9D3F0EE}",
        "source_originator": "U.S. Department of Commerce, U.S. Census Bureau, Geography Division",
        "analytical_status": "official-context"
      }
    },
    {
      "type": "Feature",
      "id": "secondary-highway-28426702",
      "geometry": {
        "type": "LineString",
        "coordinates": [
          [
            -120.99095211,
            45.0205106
          ],
          [
            -120.99132911,
            45.0212716
          ],
          [
            -120.99153311,
            45.0217436
          ],
          [
            -120.99172511,
            45.0222846
          ],
          [
            -120.99246611,
            45.0248416
          ],
          [
            -120.99371511,
            45.0291496
          ],
          [
            -120.99427411,
            45.0310226
          ],
          [
            -120.99630312,
            45.03809961
          ],
          [
            -120.99641812,
            45.03849961
          ],
          [
            -120.99734812,
            45.04162161
          ],
          [
            -120.99760612,
            45.04251261
          ]
        ]
      },
      "properties": {
        "context_class": "secondary-highway",
        "source_object_id": 28426702,
        "name": "The Dalles-California Hwy",
        "source_dataset_id": "{94591221-486A-4818-BDC4-F8ECD9D3F0EE}",
        "source_originator": "U.S. Department of Commerce, U.S. Census Bureau, Geography Division",
        "analytical_status": "official-context"
      }
    },
    {
      "type": "Feature",
      "id": "secondary-highway-28684274",
      "geometry": {
        "type": "LineString",
        "coordinates": [
          [
            -120.75254307,
            45.00565963
          ],
          [
            -120.75255007,
            45.00633963
          ],
          [
            -120.75256107,
            45.00668063
          ]
        ]
      },
      "properties": {
        "context_class": "secondary-highway",
        "source_object_id": 28684274,
        "name": "E St",
        "source_dataset_id": "{94591221-486A-4818-BDC4-F8ECD9D3F0EE}",
        "source_originator": "U.S. Department of Commerce, U.S. Census Bureau, Geography Division",
        "analytical_status": "official-context"
      }
    },
    {
      "type": "Feature",
      "id": "secondary-highway-29198554",
      "geometry": {
        "type": "LineString",
        "coordinates": [
          [
            -120.87094408,
            44.97249061
          ],
          [
            -120.86956408,
            44.97405261
          ],
          [
            -120.86801608,
            44.97578061
          ],
          [
            -120.86596908,
            44.97811261
          ],
          [
            -120.86466308,
            44.97957161
          ],
          [
            -120.86409108,
            44.98025061
          ],
          [
            -120.86395208,
            44.98044261
          ],
          [
            -120.86356908,
            44.98101761
          ],
          [
            -120.86344108,
            44.98123962
          ],
          [
            -120.86332208,
            44.98146361
          ],
          [
            -120.86322708,
            44.98166161
          ],
          [
            -120.86296408,
            44.98225861
          ],
          [
            -120.86097108,
            44.98691262
          ],
          [
            -120.86065408,
            44.98759862
          ],
          [
            -120.86058208,
            44.98773862
          ],
          [
            -120.86047808,
            44.98791662
          ],
          [
            -120.86036408,
            44.98809262
          ],
          [
            -120.86014908,
            44.98840162
          ],
          [
            -120.85994308,
            44.98866762
          ],
          [
            -120.85969808,
            44.98893462
          ],
          [
            -120.85944908,
            44.98917362
          ],
          [
            -120.85932708,
            44.98928162
          ],
          [
            -120.85913508,
            44.98943762
          ],
          [
            -120.85893108,
            44.98958662
          ],
          [
            -120.85868608,
            44.98975362
          ],
          [
            -120.85836108,
            44.98995762
          ],
          [
            -120.85815408,
            44.99007362
          ],
          [
            -120.85794008,
            44.99018462
          ],
          [
            -120.85760708,
            44.99034162
          ],
          [
            -120.85725508,
            44.99048762
          ],
          [
            -120.85678108,
            44.99066062
          ],
          [
            -120.85634208,
            44.99079962
          ],
          [
            -120.85592708,
            44.99090962
          ],
          [
            -120.85549808,
            44.99100062
          ],
          [
            -120.85517508,
            44.99105962
          ],
          [
            -120.85497308,
            44.99108862
          ],
          [
            -120.85463708,
            44.99112462
          ],
          [
            -120.85423908,
            44.99115162
          ],
          [
            -120.85387108,
            44.99116362
          ],
          [
            -120.85367408,
            44.99116462
          ],
          [
            -120.85315508,
            44.99114862
          ],
          [
            -120.85277808,
            44.99112162
          ],
          [
            -120.85227908,
            44.99106462
          ],
          [
            -120.85184108,
            44.99099762
          ],
          [
            -120.85133208,
            44.99089862
          ],
          [
            -120.85099908,
            44.99082362
          ],
          [
            -120.84970408,
            44.99051062
          ],
          [
            -120.84817408,
            44.99015362
          ],
          [
            -120.84505408,
            44.98937262
          ],
          [
            -120.84419108,
            44.98916662
          ],
          [
            -120.84362908,
            44.98904662
          ],
          [
            -120.84329808,
            44.98898662
          ],
          [
            -120.84270708,
            44.98890062
          ],
          [
            -120.84217208,
            44.98883962
          ],
          [
            -120.84161608,
            44.98879462
          ],
          [
            -120.84077308,
            44.98876562
          ],
          [
            -120.84030408,
            44.98876762
          ],
          [
            -120.83953808,
            44.98881262
          ],
          [
            -120.83927008,
            44.98883362
          ],
          [
            -120.83905808,
            44.98885562
          ],
          [
            -120.83850908,
            44.98893062
          ],
          [
            -120.83813308,
            44.98898962
          ],
          [
            -120.83755308,
            44.98910062
          ],
          [
            -120.83722508,
            44.98917362
          ],
          [
            -120.83673608,
            44.98929562
          ],
          [
            -120.83624508,
            44.98943562
          ],
          [
            -120.83600208,
            44.98951362
          ],
          [
            -120.83552308,
            44.98968362
          ],
          [
            -120.83524208,
            44.98979062
          ],
          [
            -120.83451008,
            44.99010262
          ],
          [
            -120.83338608,
            44.99063062
          ],
          [
            -120.83131108,
            44.99162062
          ],
          [
            -120.82816908,
            44.99310062
          ],
          [
            -120.82668308,
            44.99381362
          ],
          [
            -120.82605708,
            44.99410762
          ],
          [
            -120.82443508,
            44.99486962
          ],
          [
            -120.82179408,
            44.99612962
          ],
          [
            -120.81984808,
            44.99703862
          ],
          [
            -120.81834808,
            44.99775562
          ],
          [
            -120.81468308,
            44.99950762
          ],
          [
            -120.81358708,
            45.00003162
          ],
          [
            -120.81226608,
            45.00064462
          ],
          [
            -120.81142908,
            45.00102562
          ],
          [
            -120.81096408,
            45.00122962
          ],
          [
            -120.81086508,
            45.00127362
          ],
          [
            -120.81057908,
            45.00139262
          ],
          [
            -120.80993108,
            45.00163762
          ],
          [
            -120.80921408,
            45.00188262
          ],
          [
            -120.80807108,
            45.00225562
          ],
          [
            -120.80687708,
            45.00263562
          ],
          [
            -120.80566308,
            45.00300862
          ],
          [
            -120.80565108,
            45.00301262
          ],
          [
            -120.80495608,
            45.00323062
          ],
          [
            -120.80269608,
            45.00395662
          ],
          [
            -120.80018108,
            45.00475062
          ],
          [
            -120.79927808,
            45.00503962
          ],
          [
            -120.79757408,
            45.00558562
          ],
          [
            -120.79734708,
            45.00565462
          ],
          [
            -120.79709208,
            45.00572262
          ],
          [
            -120.79665708,
            45.00582862
          ],
          [
            -120.79647808,
            45.00586662
          ],
          [
            -120.79609108,
            45.00593462
          ],
          [
            -120.79569908,
            45.00598462
          ],
          [
            -120.79531108,
            45.00601162
          ],
          [
            -120.79523508,
            45.00601662
          ],
          [
            -120.79483708,
            45.00602662
          ],
          [
            -120.79438608,
            45.00601562
          ],
          [
            -120.79379608,
            45.00598262
          ],
          [
            -120.79341108,
            45.00594762
          ],
          [
            -120.79270808,
            45.00588462
          ],
          [
            -120.78936908,
            45.00556562
          ],
          [
            -120.78772808,
            45.00541662
          ],
          [
            -120.78689307,
            45.00534162
          ],
          [
            -120.78619408,
            45.00527062
          ],
          [
            -120.78583408,
            45.00523762
          ]
        ]
      },
      "properties": {
        "context_class": "secondary-highway",
        "source_object_id": 29198554,
        "name": "Sherman Hwy",
        "source_dataset_id": "{94591221-486A-4818-BDC4-F8ECD9D3F0EE}",
        "source_originator": "U.S. Department of Commerce, U.S. Census Bureau, Geography Division",
        "analytical_status": "official-context"
      }
    },
    {
      "type": "Feature",
      "id": "secondary-highway-29455657",
      "geometry": {
        "type": "LineString",
        "coordinates": [
          [
            -120.94540108,
            44.9196756
          ],
          [
            -120.94553108,
            44.9200056
          ],
          [
            -120.94559908,
            44.9202736
          ],
          [
            -120.94562508,
            44.9204846
          ],
          [
            -120.94562108,
            44.9206846
          ],
          [
            -120.94561008,
            44.9207836
          ],
          [
            -120.94556108,
            44.9209706
          ],
          [
            -120.94544308,
            44.9212916
          ],
          [
            -120.94537808,
            44.9214186
          ],
          [
            -120.94533408,
            44.9214926
          ]
        ]
      },
      "properties": {
        "context_class": "secondary-highway",
        "source_object_id": 29455657,
        "name": "Sherman Hwy",
        "source_dataset_id": "{94591221-486A-4818-BDC4-F8ECD9D3F0EE}",
        "source_originator": "U.S. Department of Commerce, U.S. Census Bureau, Geography Division",
        "analytical_status": "official-context"
      }
    },
    {
      "type": "Feature",
      "id": "secondary-highway-29584023",
      "geometry": {
        "type": "LineString",
        "coordinates": [
          [
            -120.75256107,
            45.00668063
          ],
          [
            -120.75256107,
            45.00670363
          ],
          [
            -120.75256807,
            45.00706663
          ],
          [
            -120.75255207,
            45.00745563
          ],
          [
            -120.75252507,
            45.00775063
          ],
          [
            -120.75246107,
            45.00805463
          ],
          [
            -120.75236507,
            45.00835563
          ],
          [
            -120.75211107,
            45.00901263
          ],
          [
            -120.75204407,
            45.00917063
          ],
          [
            -120.75181607,
            45.00970663
          ],
          [
            -120.75168707,
            45.01001263
          ],
          [
            -120.75140107,
            45.01066563
          ]
        ]
      },
      "properties": {
        "context_class": "secondary-highway",
        "source_object_id": 29584023,
        "name": "E St",
        "source_dataset_id": "{94591221-486A-4818-BDC4-F8ECD9D3F0EE}",
        "source_originator": "U.S. Department of Commerce, U.S. Census Bureau, Geography Division",
        "analytical_status": "official-context"
      }
    },
    {
      "type": "Feature",
      "id": "secondary-highway-32157893",
      "geometry": {
        "type": "LineString",
        "coordinates": [
          [
            -120.76689507,
            45.00349863
          ],
          [
            -120.76679707,
            45.00349663
          ],
          [
            -120.76614707,
            45.00349063
          ],
          [
            -120.76500607,
            45.00349063
          ],
          [
            -120.76353407,
            45.00349263
          ],
          [
            -120.76132207,
            45.00350863
          ],
          [
            -120.75933907,
            45.00351263
          ],
          [
            -120.75745107,
            45.00351663
          ]
        ]
      },
      "properties": {
        "context_class": "secondary-highway",
        "source_object_id": 32157893,
        "name": "US Hwy 97",
        "source_dataset_id": "{94591221-486A-4818-BDC4-F8ECD9D3F0EE}",
        "source_originator": "U.S. Department of Commerce, U.S. Census Bureau, Geography Division",
        "analytical_status": "official-context"
      }
    },
    {
      "type": "Feature",
      "id": "secondary-highway-32287155",
      "geometry": {
        "type": "LineString",
        "coordinates": [
          [
            -120.75140107,
            45.01066563
          ],
          [
            -120.75138907,
            45.01069063
          ],
          [
            -120.75135507,
            45.01076763
          ],
          [
            -120.75134507,
            45.01079363
          ],
          [
            -120.75131607,
            45.01086063
          ],
          [
            -120.75125007,
            45.01100963
          ],
          [
            -120.75087607,
            45.01190463
          ],
          [
            -120.75027307,
            45.01335263
          ],
          [
            -120.74948407,
            45.01520063
          ],
          [
            -120.74946807,
            45.01523763
          ],
          [
            -120.74900807,
            45.01635263
          ],
          [
            -120.74894807,
            45.01649763
          ],
          [
            -120.74858307,
            45.01734763
          ],
          [
            -120.74824207,
            45.01805163
          ],
          [
            -120.74817207,
            45.01818463
          ],
          [
            -120.74808707,
            45.01831963
          ],
          [
            -120.74799507,
            45.01845163
          ],
          [
            -120.74780607,
            45.01869763
          ],
          [
            -120.74766107,
            45.01886563
          ],
          [
            -120.74749607,
            45.01902163
          ],
          [
            -120.74738007,
            45.01912163
          ],
          [
            -120.74702007,
            45.01940663
          ],
          [
            -120.74626607,
            45.01995463
          ],
          [
            -120.74350107,
            45.02202463
          ],
          [
            -120.74181107,
            45.02328063
          ],
          [
            -120.74040907,
            45.02431263
          ],
          [
            -120.73752807,
            45.02643763
          ],
          [
            -120.73343707,
            45.02947063
          ],
          [
            -120.72360507,
            45.03670863
          ],
          [
            -120.72303007,
            45.03713763
          ],
          [
            -120.72250507,
            45.03752863
          ],
          [
            -120.72218007,
            45.03775563
          ],
          [
            -120.72195207,
            45.03790163
          ],
          [
            -120.72173207,
            45.03802163
          ],
          [
            -120.72144007,
            45.03815963
          ],
          [
            -120.72113407,
            45.03827763
          ],
          [
            -120.72089607,
            45.03835263
          ],
          [
            -120.72067307,
            45.03840763
          ],
          [
            -120.72038207,
            45.03846163
          ],
          [
            -120.72005607,
            45.03850463
          ],
          [
            -120.71987607,
            45.03852063
          ],
          [
            -120.71969507,
            45.03852963
          ],
          [
            -120.71931307,
            45.03852463
          ],
          [
            -120.71908207,
            45.03851263
          ],
          [
            -120.71862107,
            45.03847363
          ],
          [
            -120.71798607,
            45.03841063
          ],
          [
            -120.71677607,
            45.03826363
          ],
          [
            -120.71570407,
            45.03815163
          ],
          [
            -120.71447207,
            45.03801063
          ],
          [
            -120.71398407,
            45.03796663
          ],
          [
            -120.71342407,
            45.03794163
          ],
          [
            -120.71171707,
            45.03790363
          ],
          [
            -120.70919607,
            45.03786563
          ],
          [
            -120.70757507,
            45.03784263
          ],
          [
            -120.70703907,
            45.03785963
          ],
          [
            -120.70629907,
            45.03790163
          ],
          [
            -120.70584607,
            45.03794363
          ],
          [
            -120.70555107,
            45.03797963
          ],
          [
            -120.70524307,
            45.03802363
          ],
          [
            -120.70493707,
            45.03807563
          ],
          [
            -120.70448107,
            45.03816263
          ],
          [
            -120.70408407,
            45.03824663
          ],
          [
            -120.70359607,
            45.03836363
          ],
          [
            -120.70335407,
            45.03843163
          ],
          [
            -120.70287907,
            45.03858363
          ],
          [
            -120.70263707,
            45.03867063
          ],
          [
            -120.70216207,
            45.03885763
          ],
          [
            -120.70165907,
            45.03907663
          ],
          [
            -120.70113207,
            45.03932963
          ],
          [
            -120.70052907,
            45.03964163
          ],
          [
            -120.69933407,
            45.04027964
          ],
          [
            -120.69878307,
            45.04056363
          ],
          [
            -120.69859607,
            45.04065364
          ],
          [
            -120.69837007,
            45.04075163
          ],
          [
            -120.69814007,
            45.04084463
          ],
          [
            -120.69790407,
            45.04093063
          ],
          [
            -120.69786907,
            45.04094164
          ],
          [
            -120.69769107,
            45.04099864
          ],
          [
            -120.69681607,
            45.04124964
          ],
          [
            -120.69615907,
            45.04142664
          ],
          [
            -120.69566107,
            45.04156264
          ],
          [
            -120.69515307,
            45.04168864
          ],
          [
            -120.69491407,
            45.04174164
          ],
          [
            -120.69419307,
            45.04188664
          ],
          [
            -120.69346507,
            45.04201264
          ],
          [
            -120.69200007,
            45.04222764
          ],
          [
            -120.69164258,
            45.04228608
          ]
        ]
      },
      "properties": {
        "context_class": "secondary-highway",
        "source_object_id": 32287155,
        "name": "Sherman Hwy",
        "source_dataset_id": "{94591221-486A-4818-BDC4-F8ECD9D3F0EE}",
        "source_originator": "U.S. Department of Commerce, U.S. Census Bureau, Geography Division",
        "analytical_status": "official-context"
      }
    },
    {
      "type": "Feature",
      "id": "secondary-highway-32416756",
      "geometry": {
        "type": "LineString",
        "coordinates": [
          [
            -120.9853121,
            44.9703986
          ],
          [
            -120.9857691,
            44.9713476
          ],
          [
            -120.9873091,
            44.9745486
          ],
          [
            -120.9875511,
            44.9750516
          ],
          [
            -120.9893041,
            44.9786436
          ],
          [
            -120.9916701,
            44.9835366
          ],
          [
            -120.9922551,
            44.9847156
          ],
          [
            -120.99333911,
            44.9869796
          ],
          [
            -120.99480411,
            44.9900386
          ],
          [
            -120.99488911,
            44.9903166
          ],
          [
            -120.99492911,
            44.9905366
          ],
          [
            -120.99496411,
            44.9908546
          ],
          [
            -120.99498011,
            44.9912346
          ],
          [
            -120.99498611,
            44.9913896
          ],
          [
            -120.99516511,
            44.9936846
          ],
          [
            -120.99520911,
            44.9942436
          ],
          [
            -120.99538911,
            44.9969146
          ],
          [
            -120.99546711,
            44.9982216
          ],
          [
            -120.99548111,
            44.9984416
          ],
          [
            -120.99567211,
            45.0010396
          ],
          [
            -120.99582011,
            45.0030346
          ],
          [
            -120.99583411,
            45.0034916
          ]
        ]
      },
      "properties": {
        "context_class": "secondary-highway",
        "source_object_id": 32416756,
        "name": "The Dalles-California Hwy",
        "source_dataset_id": "{94591221-486A-4818-BDC4-F8ECD9D3F0EE}",
        "source_originator": "U.S. Department of Commerce, U.S. Census Bureau, Geography Division",
        "analytical_status": "official-context"
      }
    },
    {
      "type": "Feature",
      "id": "secondary-highway-36991822",
      "geometry": {
        "type": "LineString",
        "coordinates": [
          [
            -120.92471607,
            44.8847236
          ],
          [
            -120.92475907,
            44.8847916
          ],
          [
            -120.92500407,
            44.8851296
          ],
          [
            -120.92526607,
            44.8854426
          ],
          [
            -120.92540507,
            44.8855956
          ],
          [
            -120.92560207,
            44.8857946
          ],
          [
            -120.92669407,
            44.8868506
          ],
          [
            -120.92803908,
            44.8881946
          ],
          [
            -120.93031508,
            44.8904426
          ],
          [
            -120.93351808,
            44.8936336
          ],
          [
            -120.93437408,
            44.8944616
          ],
          [
            -120.93465208,
            44.8947416
          ],
          [
            -120.93529608,
            44.8954256
          ],
          [
            -120.93551808,
            44.8956846
          ],
          [
            -120.93574508,
            44.8959786
          ],
          [
            -120.93579346,
            44.89604553
          ]
        ]
      },
      "properties": {
        "context_class": "secondary-highway",
        "source_object_id": 36991822,
        "name": "The Dalles-California Hwy",
        "source_dataset_id": "{DFD24F17-7171-47E7-A519-CF2D05A0A2D9}",
        "source_originator": "U.S. Department of Commerce, U.S. Census Bureau, Geography Division",
        "analytical_status": "official-context"
      }
    },
    {
      "type": "Feature",
      "id": "secondary-highway-36991823",
      "geometry": {
        "type": "LineString",
        "coordinates": [
          [
            -120.93579346,
            44.89604553
          ],
          [
            -120.93595908,
            44.8962746
          ],
          [
            -120.93606008,
            44.8964246
          ],
          [
            -120.93626708,
            44.8967746
          ],
          [
            -120.93637508,
            44.8969846
          ],
          [
            -120.93656408,
            44.8974126
          ],
          [
            -120.93672408,
            44.8978556
          ],
          [
            -120.93694508,
            44.8986246
          ],
          [
            -120.93725308,
            44.8998416
          ],
          [
            -120.93806208,
            44.9029416
          ],
          [
            -120.93897008,
            44.9064626
          ],
          [
            -120.93982408,
            44.9098316
          ]
        ]
      },
      "properties": {
        "context_class": "secondary-highway",
        "source_object_id": 36991823,
        "name": "The Dalles-California Hwy",
        "source_dataset_id": "{DFD24F17-7171-47E7-A519-CF2D05A0A2D9}",
        "source_originator": "U.S. Department of Commerce, U.S. Census Bureau, Geography Division",
        "analytical_status": "official-context"
      }
    },
    {
      "type": "Feature",
      "id": "local-connecting-road-430558",
      "geometry": {
        "type": "LineString",
        "coordinates": [
          [
            -120.74256205,
            44.89993762
          ],
          [
            -120.74239805,
            44.89995762
          ],
          [
            -120.74223605,
            44.89998262
          ],
          [
            -120.74195105,
            44.90004062
          ],
          [
            -120.74182805,
            44.90007162
          ],
          [
            -120.74170805,
            44.90010662
          ],
          [
            -120.74152105,
            44.90016962
          ],
          [
            -120.74143205,
            44.90020562
          ],
          [
            -120.74134905,
            44.90024762
          ],
          [
            -120.74128405,
            44.90029062
          ],
          [
            -120.74110505,
            44.90043562
          ],
          [
            -120.74024505,
            44.90123762
          ],
          [
            -120.74021305,
            44.90126562
          ],
          [
            -120.74004705,
            44.90141662
          ],
          [
            -120.73943905,
            44.90194762
          ],
          [
            -120.73890205,
            44.90240062
          ],
          [
            -120.73871705,
            44.90254762
          ],
          [
            -120.73829405,
            44.90285462
          ],
          [
            -120.73805305,
            44.90301262
          ],
          [
            -120.73792605,
            44.90308562
          ],
          [
            -120.73784005,
            44.90312962
          ],
          [
            -120.73757205,
            44.90325262
          ],
          [
            -120.73720905,
            44.90341062
          ],
          [
            -120.73660705,
            44.90366362
          ],
          [
            -120.73572205,
            44.90405162
          ],
          [
            -120.73359405,
            44.90493662
          ],
          [
            -120.73293505,
            44.90521562
          ],
          [
            -120.73193105,
            44.90564262
          ],
          [
            -120.73113705,
            44.90599562
          ],
          [
            -120.73097605,
            44.90606362
          ],
          [
            -120.73064605,
            44.90618862
          ],
          [
            -120.73055005,
            44.90621962
          ],
          [
            -120.73036305,
            44.90628062
          ],
          [
            -120.73026905,
            44.90631062
          ],
          [
            -120.73018905,
            44.90633762
          ],
          [
            -120.73004205,
            44.90637962
          ],
          [
            -120.72998505,
            44.90639162
          ],
          [
            -120.72988905,
            44.90641462
          ],
          [
            -120.72983505,
            44.90642462
          ],
          [
            -120.72973805,
            44.90644162
          ],
          [
            -120.72958105,
            44.90646262
          ],
          [
            -120.72944805,
            44.90647462
          ],
          [
            -120.72931305,
            44.90647862
          ]
        ]
      },
      "properties": {
        "context_class": "local-connecting-road",
        "source_object_id": 430558,
        "name": "Antelope Hwy",
        "source_dataset_id": "{94591221-486A-4818-BDC4-F8ECD9D3F0EE}",
        "source_originator": "U.S. Department of Commerce, U.S. Census Bureau, Geography Division",
        "analytical_status": "official-context"
      }
    },
    {
      "type": "Feature",
      "id": "local-connecting-road-744875",
      "geometry": {
        "type": "LineString",
        "coordinates": [
          [
            -120.71957704,
            44.90804262
          ],
          [
            -120.71960704,
            44.90805062
          ],
          [
            -120.71969805,
            44.90807562
          ],
          [
            -120.71972905,
            44.90808462
          ],
          [
            -120.71989904,
            44.90813062
          ],
          [
            -120.72007105,
            44.90817862
          ],
          [
            -120.72039804,
            44.90830962
          ],
          [
            -120.72056204,
            44.90837662
          ]
        ]
      },
      "properties": {
        "context_class": "local-connecting-road",
        "source_object_id": 744875,
        "name": "State Hwy 218",
        "source_dataset_id": "{83127C30-1393-4558-8547-2C9D056664F0}",
        "source_originator": "U.S. Department of Commerce, U.S. Census Bureau, Geography Division",
        "analytical_status": "official-context"
      }
    },
    {
      "type": "Feature",
      "id": "local-connecting-road-1448237",
      "geometry": {
        "type": "LineString",
        "coordinates": [
          [
            -120.75367207,
            44.99663863
          ],
          [
            -120.75368507,
            44.99665463
          ],
          [
            -120.75403207,
            44.99700063
          ],
          [
            -120.75419507,
            44.99717863
          ],
          [
            -120.75424007,
            44.99724163
          ],
          [
            -120.75428207,
            44.99731563
          ],
          [
            -120.75431507,
            44.99739163
          ],
          [
            -120.75433107,
            44.99745163
          ],
          [
            -120.75435107,
            44.99770063
          ],
          [
            -120.75435107,
            44.99790863
          ],
          [
            -120.75434307,
            44.99804363
          ],
          [
            -120.75431107,
            44.99827463
          ],
          [
            -120.75430707,
            44.99835663
          ],
          [
            -120.75431007,
            44.99843863
          ],
          [
            -120.75434207,
            44.99858063
          ],
          [
            -120.75440507,
            44.99877263
          ],
          [
            -120.75443807,
            44.99885163
          ],
          [
            -120.75445507,
            44.99889263
          ],
          [
            -120.75461807,
            44.99924363
          ],
          [
            -120.75475807,
            44.99952563
          ],
          [
            -120.75479407,
            44.99961163
          ],
          [
            -120.75482307,
            44.99971263
          ],
          [
            -120.75484207,
            44.99981463
          ],
          [
            -120.75484807,
            44.99990463
          ],
          [
            -120.75484607,
            45.00027163
          ],
          [
            -120.75486607,
            45.00055763
          ],
          [
            -120.75490407,
            45.00080263
          ],
          [
            -120.75496907,
            45.00110763
          ],
          [
            -120.75500507,
            45.00134963
          ],
          [
            -120.75500407,
            45.00143063
          ],
          [
            -120.75499407,
            45.00151163
          ],
          [
            -120.75497507,
            45.00159163
          ],
          [
            -120.75491907,
            45.00173763
          ],
          [
            -120.75485207,
            45.00188063
          ],
          [
            -120.75473907,
            45.00209363
          ],
          [
            -120.75464407,
            45.00225263
          ],
          [
            -120.75456407,
            45.00237663
          ]
        ]
      },
      "properties": {
        "context_class": "local-connecting-road",
        "source_object_id": 1448237,
        "name": "State Hwy 218",
        "source_dataset_id": "{94591221-486A-4818-BDC4-F8ECD9D3F0EE}",
        "source_originator": "U.S. Department of Commerce, U.S. Census Bureau, Geography Division",
        "analytical_status": "official-context"
      }
    },
    {
      "type": "Feature",
      "id": "local-connecting-road-3484058",
      "geometry": {
        "type": "LineString",
        "coordinates": [
          [
            -120.72290805,
            44.91049562
          ],
          [
            -120.72299405,
            44.91057862
          ],
          [
            -120.72325505,
            44.91083062
          ],
          [
            -120.72334205,
            44.91091462
          ]
        ]
      },
      "properties": {
        "context_class": "local-connecting-road",
        "source_object_id": 3484058,
        "name": "Shaniko-Fossil Hwy",
        "source_dataset_id": "{94591221-486A-4818-BDC4-F8ECD9D3F0EE}",
        "source_originator": "U.S. Department of Commerce, U.S. Census Bureau, Geography Division",
        "analytical_status": "official-context"
      }
    },
    {
      "type": "Feature",
      "id": "local-connecting-road-4120754",
      "geometry": {
        "type": "LineString",
        "coordinates": [
          [
            -120.75351407,
            44.99644863
          ],
          [
            -120.75354007,
            44.99647663
          ],
          [
            -120.75354707,
            44.99648863
          ],
          [
            -120.75367207,
            44.99663863
          ]
        ]
      },
      "properties": {
        "context_class": "local-connecting-road",
        "source_object_id": 4120754,
        "name": "Shaniko-Fossil Hwy",
        "source_dataset_id": "{94591221-486A-4818-BDC4-F8ECD9D3F0EE}",
        "source_originator": "U.S. Department of Commerce, U.S. Census Bureau, Geography Division",
        "analytical_status": "official-context"
      }
    },
    {
      "type": "Feature",
      "id": "local-connecting-road-4946432",
      "geometry": {
        "type": "LineString",
        "coordinates": [
          [
            -120.87011262,
            44.85023185
          ],
          [
            -120.86870506,
            44.85118461
          ],
          [
            -120.86794306,
            44.85174761
          ],
          [
            -120.86735706,
            44.85216161
          ],
          [
            -120.86650406,
            44.85272361
          ],
          [
            -120.86526906,
            44.85343361
          ],
          [
            -120.86276506,
            44.85479761
          ],
          [
            -120.86182306,
            44.85529061
          ],
          [
            -120.86008506,
            44.85620261
          ],
          [
            -120.85699206,
            44.85785161
          ],
          [
            -120.85343006,
            44.85984061
          ],
          [
            -120.85281806,
            44.86015761
          ],
          [
            -120.85249306,
            44.86029461
          ],
          [
            -120.85246106,
            44.86030861
          ],
          [
            -120.85221306,
            44.86038461
          ],
          [
            -120.85209606,
            44.86040961
          ],
          [
            -120.85156606,
            44.86047261
          ],
          [
            -120.85061306,
            44.86051361
          ],
          [
            -120.84977706,
            44.86054961
          ],
          [
            -120.84956606,
            44.86055861
          ],
          [
            -120.84688606,
            44.86065961
          ],
          [
            -120.84636506,
            44.86067961
          ],
          [
            -120.84540106,
            44.86072661
          ],
          [
            -120.84336606,
            44.86088661
          ],
          [
            -120.84210606,
            44.86100561
          ],
          [
            -120.84108706,
            44.86116161
          ],
          [
            -120.83997206,
            44.86134661
          ],
          [
            -120.83809606,
            44.86174161
          ],
          [
            -120.83654606,
            44.86203161
          ],
          [
            -120.83363205,
            44.86259861
          ],
          [
            -120.83030305,
            44.86321761
          ],
          [
            -120.83021505,
            44.86323461
          ],
          [
            -120.82827205,
            44.86362961
          ],
          [
            -120.82796705,
            44.86372561
          ],
          [
            -120.82766605,
            44.86385161
          ],
          [
            -120.82736805,
            44.86400261
          ],
          [
            -120.82707805,
            44.86418161
          ],
          [
            -120.82686005,
            44.86434461
          ],
          [
            -120.82665905,
            44.86451961
          ],
          [
            -120.82647005,
            44.86471061
          ],
          [
            -120.82599105,
            44.86524761
          ],
          [
            -120.82574205,
            44.86548561
          ],
          [
            -120.82544505,
            44.86573461
          ],
          [
            -120.82539005,
            44.86577461
          ],
          [
            -120.82508705,
            44.86599361
          ],
          [
            -120.82496405,
            44.86606861
          ],
          [
            -120.82452505,
            44.86633861
          ],
          [
            -120.82416905,
            44.86652961
          ],
          [
            -120.82383105,
            44.86667461
          ],
          [
            -120.82358105,
            44.86676661
          ],
          [
            -120.82326905,
            44.86688261
          ],
          [
            -120.82309305,
            44.86693961
          ],
          [
            -120.82272305,
            44.86705961
          ],
          [
            -120.82209405,
            44.86724361
          ],
          [
            -120.81990205,
            44.86788661
          ],
          [
            -120.81909205,
            44.86813161
          ],
          [
            -120.81844905,
            44.86832761
          ],
          [
            -120.81809205,
            44.86843061
          ],
          [
            -120.81632005,
            44.86894361
          ],
          [
            -120.81508405,
            44.86930261
          ],
          [
            -120.81228105,
            44.87013761
          ],
          [
            -120.81223305,
            44.87015261
          ],
          [
            -120.81174305,
            44.87030961
          ],
          [
            -120.81102605,
            44.87055361
          ],
          [
            -120.81083105,
            44.87062061
          ],
          [
            -120.80929505,
            44.87118961
          ]
        ]
      },
      "properties": {
        "context_class": "local-connecting-road",
        "source_object_id": 4946432,
        "name": "Antelope Hwy",
        "source_dataset_id": "{83127C30-1393-4558-8547-2C9D056664F0}",
        "source_originator": "U.S. Department of Commerce, U.S. Census Bureau, Geography Division",
        "analytical_status": "official-context"
      }
    },
    {
      "type": "Feature",
      "id": "local-connecting-road-8648419",
      "geometry": {
        "type": "LineString",
        "coordinates": [
          [
            -120.72056204,
            44.90837662
          ],
          [
            -120.7207205,
            44.90832084
          ],
          [
            -120.72103844,
            44.90823142
          ],
          [
            -120.72127505,
            44.90815562
          ]
        ]
      },
      "properties": {
        "context_class": "local-connecting-road",
        "source_object_id": 8648419,
        "name": "State Hwy 218",
        "source_dataset_id": "{83127C30-1393-4558-8547-2C9D056664F0}",
        "source_originator": "U.S. Department of Commerce, U.S. Census Bureau, Geography Division",
        "analytical_status": "official-context"
      }
    },
    {
      "type": "Feature",
      "id": "local-connecting-road-11014860",
      "geometry": {
        "type": "LineString",
        "coordinates": [
          [
            -120.75339607,
            44.99626263
          ],
          [
            -120.75341707,
            44.99630063
          ],
          [
            -120.75343707,
            44.99633463
          ],
          [
            -120.75348907,
            44.99641163
          ],
          [
            -120.75351407,
            44.99644863
          ]
        ]
      },
      "properties": {
        "context_class": "local-connecting-road",
        "source_object_id": 11014860,
        "name": "Shaniko-Fossil Hwy",
        "source_dataset_id": "{94591221-486A-4818-BDC4-F8ECD9D3F0EE}",
        "source_originator": "U.S. Department of Commerce, U.S. Census Bureau, Geography Division",
        "analytical_status": "official-context"
      }
    },
    {
      "type": "Feature",
      "id": "local-connecting-road-12096325",
      "geometry": {
        "type": "LineString",
        "coordinates": [
          [
            -120.72535347,
            44.91283038
          ],
          [
            -120.72541905,
            44.91288962
          ],
          [
            -120.72560405,
            44.91304162
          ],
          [
            -120.72601305,
            44.91337762
          ],
          [
            -120.72782705,
            44.91473962
          ],
          [
            -120.72901005,
            44.91565762
          ],
          [
            -120.72944105,
            44.91599162
          ],
          [
            -120.72980905,
            44.91626162
          ],
          [
            -120.72999605,
            44.91639862
          ],
          [
            -120.73016605,
            44.91650262
          ]
        ]
      },
      "properties": {
        "context_class": "local-connecting-road",
        "source_object_id": 12096325,
        "name": "Shaniko-Fossil Hwy",
        "source_dataset_id": "{83127C30-1393-4558-8547-2C9D056664F0}",
        "source_originator": "U.S. Department of Commerce, U.S. Census Bureau, Geography Division",
        "analytical_status": "official-context"
      }
    },
    {
      "type": "Feature",
      "id": "local-connecting-road-12480154",
      "geometry": {
        "type": "LineString",
        "coordinates": [
          [
            -120.75372507,
            45.00309778
          ],
          [
            -120.75380307,
            45.00305363
          ],
          [
            -120.75396007,
            45.00295063
          ],
          [
            -120.75406207,
            45.00288963
          ],
          [
            -120.75422007,
            45.00275663
          ],
          [
            -120.75440907,
            45.00256663
          ],
          [
            -120.75452407,
            45.00243663
          ]
        ]
      },
      "properties": {
        "context_class": "local-connecting-road",
        "source_object_id": 12480154,
        "name": "Shaniko-Fossil Hwy",
        "source_dataset_id": "{83127C30-1393-4558-8547-2C9D056664F0}",
        "source_originator": "U.S. Department of Commerce, U.S. Census Bureau, Geography Division",
        "analytical_status": "official-context"
      }
    },
    {
      "type": "Feature",
      "id": "local-connecting-road-12735458",
      "geometry": {
        "type": "LineString",
        "coordinates": [
          [
            -120.72135005,
            44.90901962
          ],
          [
            -120.72124605,
            44.90890962
          ],
          [
            -120.72110605,
            44.90878062
          ]
        ]
      },
      "properties": {
        "context_class": "local-connecting-road",
        "source_object_id": 12735458,
        "name": "Shaniko-Fossil Hwy",
        "source_dataset_id": "{83127C30-1393-4558-8547-2C9D056664F0}",
        "source_originator": "U.S. Department of Commerce, U.S. Census Bureau, Geography Division",
        "analytical_status": "official-context"
      }
    },
    {
      "type": "Feature",
      "id": "local-connecting-road-13059309",
      "geometry": {
        "type": "LineString",
        "coordinates": [
          [
            -120.75456407,
            45.00237663
          ],
          [
            -120.75452407,
            45.00243663
          ]
        ]
      },
      "properties": {
        "context_class": "local-connecting-road",
        "source_object_id": 13059309,
        "name": "State Hwy 218",
        "source_dataset_id": "{94591221-486A-4818-BDC4-F8ECD9D3F0EE}",
        "source_originator": "U.S. Department of Commerce, U.S. Census Bureau, Geography Division",
        "analytical_status": "official-context"
      }
    },
    {
      "type": "Feature",
      "id": "local-connecting-road-14778493",
      "geometry": {
        "type": "LineString",
        "coordinates": [
          [
            -120.72931305,
            44.90647862
          ],
          [
            -120.72713805,
            44.90655062
          ],
          [
            -120.72657105,
            44.90658562
          ],
          [
            -120.72602005,
            44.90663562
          ],
          [
            -120.72588605,
            44.90665062
          ],
          [
            -120.72575505,
            44.90667162
          ],
          [
            -120.72560505,
            44.90670662
          ],
          [
            -120.72516405,
            44.90683362
          ],
          [
            -120.72455605,
            44.90702162
          ],
          [
            -120.72313201,
            44.90750479
          ]
        ]
      },
      "properties": {
        "context_class": "local-connecting-road",
        "source_object_id": 14778493,
        "name": "South St",
        "source_dataset_id": "{83127C30-1393-4558-8547-2C9D056664F0}",
        "source_originator": "U.S. Department of Commerce, U.S. Census Bureau, Geography Division",
        "analytical_status": "official-context"
      }
    },
    {
      "type": "Feature",
      "id": "local-connecting-road-17915888",
      "geometry": {
        "type": "LineString",
        "coordinates": [
          [
            -120.72334205,
            44.91091462
          ],
          [
            -120.72341805,
            44.91098762
          ],
          [
            -120.72364805,
            44.91120962
          ],
          [
            -120.72372505,
            44.91128362
          ]
        ]
      },
      "properties": {
        "context_class": "local-connecting-road",
        "source_object_id": 17915888,
        "name": "Shaniko-Fossil Hwy",
        "source_dataset_id": "{94591221-486A-4818-BDC4-F8ECD9D3F0EE}",
        "source_originator": "U.S. Department of Commerce, U.S. Census Bureau, Geography Division",
        "analytical_status": "official-context"
      }
    },
    {
      "type": "Feature",
      "id": "local-connecting-road-21308841",
      "geometry": {
        "type": "LineString",
        "coordinates": [
          [
            -120.72454605,
            44.91207762
          ],
          [
            -120.72485005,
            44.91237562
          ],
          [
            -120.72535347,
            44.91283038
          ]
        ]
      },
      "properties": {
        "context_class": "local-connecting-road",
        "source_object_id": 21308841,
        "name": "Shaniko-Fossil Hwy",
        "source_dataset_id": "{83127C30-1393-4558-8547-2C9D056664F0}",
        "source_originator": "U.S. Department of Commerce, U.S. Census Bureau, Geography Division",
        "analytical_status": "official-context"
      }
    },
    {
      "type": "Feature",
      "id": "local-connecting-road-21564789",
      "geometry": {
        "type": "LineString",
        "coordinates": [
          [
            -120.75372507,
            45.00309778
          ],
          [
            -120.75372207,
            45.00350963
          ]
        ]
      },
      "properties": {
        "context_class": "local-connecting-road",
        "source_object_id": 21564789,
        "name": "D St",
        "source_dataset_id": "{83127C30-1393-4558-8547-2C9D056664F0}",
        "source_originator": "U.S. Department of Commerce, U.S. Census Bureau, Geography Division",
        "analytical_status": "official-context"
      }
    },
    {
      "type": "Feature",
      "id": "local-connecting-road-21760786",
      "geometry": {
        "type": "LineString",
        "coordinates": [
          [
            -120.76696805,
            44.88942262
          ],
          [
            -120.76678105,
            44.88950162
          ],
          [
            -120.76420005,
            44.89062662
          ],
          [
            -120.76265705,
            44.89128662
          ],
          [
            -120.75820905,
            44.89319162
          ],
          [
            -120.75634805,
            44.89399862
          ],
          [
            -120.75552905,
            44.89433862
          ],
          [
            -120.75513805,
            44.89448962
          ],
          [
            -120.75494505,
            44.89456862
          ],
          [
            -120.75475705,
            44.89465362
          ],
          [
            -120.75456805,
            44.89474662
          ],
          [
            -120.75420105,
            44.89494462
          ],
          [
            -120.75393405,
            44.89510562
          ],
          [
            -120.75366805,
            44.89527962
          ],
          [
            -120.75348005,
            44.89540962
          ],
          [
            -120.75329605,
            44.89554362
          ],
          [
            -120.75311705,
            44.89568062
          ],
          [
            -120.75294405,
            44.89582062
          ],
          [
            -120.75277605,
            44.89596362
          ],
          [
            -120.75267305,
            44.89605862
          ],
          [
            -120.75227205,
            44.89645062
          ],
          [
            -120.75176505,
            44.89696262
          ],
          [
            -120.75155105,
            44.89716162
          ],
          [
            -120.75115105,
            44.89749762
          ],
          [
            -120.75085805,
            44.89773062
          ],
          [
            -120.75071505,
            44.89783762
          ],
          [
            -120.75044505,
            44.89802562
          ],
          [
            -120.75041805,
            44.89804562
          ],
          [
            -120.75010905,
            44.89824462
          ],
          [
            -120.74978605,
            44.89843062
          ],
          [
            -120.74944105,
            44.89860962
          ],
          [
            -120.74926405,
            44.89869362
          ],
          [
            -120.74887905,
            44.89885162
          ],
          [
            -120.74868205,
            44.89892462
          ],
          [
            -120.74836705,
            44.89903262
          ],
          [
            -120.74801605,
            44.89914062
          ],
          [
            -120.74777805,
            44.89920562
          ],
          [
            -120.74753005,
            44.89926162
          ],
          [
            -120.74702705,
            44.89936062
          ],
          [
            -120.74656805,
            44.89945862
          ],
          [
            -120.74633805,
            44.89950262
          ],
          [
            -120.74604805,
            44.89954862
          ],
          [
            -120.74578005,
            44.89958362
          ],
          [
            -120.74535105,
            44.89963062
          ],
          [
            -120.74521705,
            44.89964662
          ],
          [
            -120.74446905,
            44.89972062
          ],
          [
            -120.74413205,
            44.89975762
          ],
          [
            -120.74325905,
            44.89986162
          ],
          [
            -120.74312505,
            44.89987862
          ],
          [
            -120.74256205,
            44.89993762
          ]
        ]
      },
      "properties": {
        "context_class": "local-connecting-road",
        "source_object_id": 21760786,
        "name": "Antelope Hwy",
        "source_dataset_id": "{94591221-486A-4818-BDC4-F8ECD9D3F0EE}",
        "source_originator": "U.S. Department of Commerce, U.S. Census Bureau, Geography Division",
        "analytical_status": "official-context"
      }
    },
    {
      "type": "Feature",
      "id": "local-connecting-road-22461790",
      "geometry": {
        "type": "LineString",
        "coordinates": [
          [
            -120.72127505,
            44.90815562
          ],
          [
            -120.72118416,
            44.90823805
          ],
          [
            -120.72108149,
            44.90835396
          ],
          [
            -120.72104175,
            44.90843676
          ],
          [
            -120.72102519,
            44.90851955
          ],
          [
            -120.72102519,
            44.90860235
          ],
          [
            -120.72110605,
            44.90878062
          ]
        ]
      },
      "properties": {
        "context_class": "local-connecting-road",
        "source_object_id": 22461790,
        "name": "South St",
        "source_dataset_id": "{83127C30-1393-4558-8547-2C9D056664F0}",
        "source_originator": "U.S. Department of Commerce, U.S. Census Bureau, Geography Division",
        "analytical_status": "official-context"
      }
    },
    {
      "type": "Feature",
      "id": "local-connecting-road-22845664",
      "geometry": {
        "type": "LineString",
        "coordinates": [
          [
            -120.72135005,
            44.90901962
          ],
          [
            -120.72166105,
            44.90931462
          ],
          [
            -120.72259605,
            44.91019962
          ],
          [
            -120.72290805,
            44.91049562
          ]
        ]
      },
      "properties": {
        "context_class": "local-connecting-road",
        "source_object_id": 22845664,
        "name": "Shaniko-Fossil Hwy",
        "source_dataset_id": "{83127C30-1393-4558-8547-2C9D056664F0}",
        "source_originator": "U.S. Department of Commerce, U.S. Census Bureau, Geography Division",
        "analytical_status": "official-context"
      }
    },
    {
      "type": "Feature",
      "id": "local-connecting-road-24768479",
      "geometry": {
        "type": "LineString",
        "coordinates": [
          [
            -120.73399405,
            44.91749162
          ],
          [
            -120.73407805,
            44.91753762
          ],
          [
            -120.73413905,
            44.91760462
          ],
          [
            -120.73417805,
            44.91768962
          ],
          [
            -120.73418705,
            44.91778662
          ],
          [
            -120.73417505,
            44.91785962
          ],
          [
            -120.73416605,
            44.91791762
          ],
          [
            -120.73409405,
            44.91808662
          ],
          [
            -120.73386005,
            44.91850062
          ],
          [
            -120.73382705,
            44.91858462
          ],
          [
            -120.73382405,
            44.91862762
          ],
          [
            -120.73384505,
            44.91870762
          ],
          [
            -120.73389005,
            44.91878262
          ],
          [
            -120.73396105,
            44.91884762
          ],
          [
            -120.73400505,
            44.91887562
          ],
          [
            -120.73410305,
            44.91891062
          ],
          [
            -120.73427105,
            44.91892462
          ],
          [
            -120.73466805,
            44.91886662
          ],
          [
            -120.73479905,
            44.91886162
          ],
          [
            -120.73493805,
            44.91888262
          ],
          [
            -120.73507405,
            44.91892062
          ],
          [
            -120.73525005,
            44.91899162
          ],
          [
            -120.73545705,
            44.91906262
          ],
          [
            -120.73572905,
            44.91913162
          ],
          [
            -120.73595705,
            44.91917662
          ],
          [
            -120.73617805,
            44.91923762
          ],
          [
            -120.73622705,
            44.91925962
          ],
          [
            -120.73630105,
            44.91931262
          ],
          [
            -120.73635505,
            44.91937662
          ],
          [
            -120.73637905,
            44.91944162
          ],
          [
            -120.73637305,
            44.91951162
          ],
          [
            -120.73634705,
            44.91958162
          ],
          [
            -120.73626105,
            44.91969662
          ],
          [
            -120.73613105,
            44.91980662
          ],
          [
            -120.73589705,
            44.91995862
          ],
          [
            -120.73577405,
            44.92005862
          ],
          [
            -120.73542605,
            44.92039962
          ],
          [
            -120.73518805,
            44.92066062
          ],
          [
            -120.73498005,
            44.92085462
          ],
          [
            -120.73488105,
            44.92091762
          ],
          [
            -120.73475605,
            44.92097462
          ],
          [
            -120.73452305,
            44.92105662
          ],
          [
            -120.73424305,
            44.92113362
          ],
          [
            -120.73408205,
            44.92119962
          ],
          [
            -120.73393705,
            44.92127762
          ],
          [
            -120.73382505,
            44.92136662
          ],
          [
            -120.73373105,
            44.92146662
          ],
          [
            -120.73362905,
            44.92160962
          ],
          [
            -120.73357105,
            44.92172662
          ],
          [
            -120.73349905,
            44.92192962
          ],
          [
            -120.73345005,
            44.92214162
          ],
          [
            -120.73343705,
            44.92231362
          ],
          [
            -120.73345005,
            44.92248562
          ],
          [
            -120.73346905,
            44.92257062
          ],
          [
            -120.73356305,
            44.92278662
          ],
          [
            -120.73372705,
            44.92309662
          ],
          [
            -120.73375005,
            44.92321462
          ],
          [
            -120.73375005,
            44.92332462
          ],
          [
            -120.73371505,
            44.92341962
          ],
          [
            -120.73344905,
            44.92374462
          ],
          [
            -120.73338205,
            44.92385662
          ],
          [
            -120.73333305,
            44.92398762
          ],
          [
            -120.73331505,
            44.92407562
          ],
          [
            -120.73331205,
            44.92423162
          ],
          [
            -120.73333505,
            44.92441162
          ],
          [
            -120.73338505,
            44.92461362
          ],
          [
            -120.73346305,
            44.92485662
          ],
          [
            -120.73356805,
            44.92513962
          ],
          [
            -120.73379405,
            44.92588962
          ],
          [
            -120.73385605,
            44.92615662
          ],
          [
            -120.73388505,
            44.92643762
          ],
          [
            -120.73387105,
            44.92672762
          ],
          [
            -120.73367505,
            44.92771762
          ],
          [
            -120.73363305,
            44.92803062
          ],
          [
            -120.73361605,
            44.92828362
          ],
          [
            -120.73361205,
            44.92834562
          ],
          [
            -120.73361505,
            44.92869062
          ],
          [
            -120.73364005,
            44.92881362
          ],
          [
            -120.73368605,
            44.92891262
          ],
          [
            -120.73375505,
            44.92900562
          ],
          [
            -120.73391405,
            44.92913362
          ],
          [
            -120.73397805,
            44.92920162
          ],
          [
            -120.73401105,
            44.92927762
          ],
          [
            -120.73401705,
            44.92935662
          ],
          [
            -120.73399005,
            44.92943362
          ],
          [
            -120.73390805,
            44.92953862
          ],
          [
            -120.73368105,
            44.92967562
          ],
          [
            -120.73350905,
            44.92979762
          ],
          [
            -120.73344405,
            44.92987062
          ],
          [
            -120.73337305,
            44.93001562
          ],
          [
            -120.73329305,
            44.93035162
          ],
          [
            -120.73313005,
            44.93123362
          ],
          [
            -120.73301405,
            44.93162262
          ],
          [
            -120.73297205,
            44.93173162
          ],
          [
            -120.73286805,
            44.93192462
          ],
          [
            -120.73270005,
            44.93215362
          ],
          [
            -120.73249205,
            44.93239162
          ],
          [
            -120.73240505,
            44.93256662
          ],
          [
            -120.73239105,
            44.93267162
          ],
          [
            -120.73242505,
            44.93288962
          ],
          [
            -120.73242705,
            44.93299562
          ],
          [
            -120.73240805,
            44.93310862
          ],
          [
            -120.73226205,
            44.93363562
          ],
          [
            -120.73221105,
            44.93389763
          ],
          [
            -120.73211405,
            44.93413562
          ],
          [
            -120.73205705,
            44.93420062
          ],
          [
            -120.73195705,
            44.93425762
          ],
          [
            -120.73180005,
            44.93431363
          ],
          [
            -120.73157905,
            44.93435362
          ],
          [
            -120.73149605,
            44.93437562
          ],
          [
            -120.73135205,
            44.93444863
          ],
          [
            -120.73075605,
            44.93485862
          ],
          [
            -120.73045805,
            44.93501162
          ],
          [
            -120.73000705,
            44.93530663
          ],
          [
            -120.72912005,
            44.93581562
          ],
          [
            -120.72888405,
            44.93598563
          ],
          [
            -120.72867305,
            44.93617363
          ],
          [
            -120.72858805,
            44.93626363
          ],
          [
            -120.72843505,
            44.93645263
          ],
          [
            -120.72802605,
            44.93700463
          ],
          [
            -120.72782705,
            44.93732063
          ],
          [
            -120.72767705,
            44.93759863
          ],
          [
            -120.72761505,
            44.93779263
          ],
          [
            -120.72754005,
            44.93819663
          ],
          [
            -120.72739905,
            44.93885363
          ],
          [
            -120.72736305,
            44.93917363
          ],
          [
            -120.72728505,
            44.93939463
          ],
          [
            -120.72722205,
            44.93947063
          ],
          [
            -120.72714205,
            44.93952663
          ],
          [
            -120.72706105,
            44.93954963
          ],
          [
            -120.72696805,
            44.93955763
          ],
          [
            -120.72686805,
            44.93954563
          ],
          [
            -120.72676405,
            44.93951063
          ],
          [
            -120.72633705,
            44.93927863
          ],
          [
            -120.72625405,
            44.93924763
          ],
          [
            -120.72616805,
            44.93924863
          ],
          [
            -120.72605805,
            44.93927163
          ],
          [
            -120.72594705,
            44.93933163
          ],
          [
            -120.72587805,
            44.93939463
          ],
          [
            -120.72584105,
            44.93944263
          ],
          [
            -120.72579705,
            44.93955063
          ],
          [
            -120.72579305,
            44.93965063
          ],
          [
            -120.72582405,
            44.93973963
          ],
          [
            -120.72592405,
            44.93985163
          ],
          [
            -120.72609305,
            44.93995963
          ],
          [
            -120.72682905,
            44.94032463
          ],
          [
            -120.72698905,
            44.94037863
          ],
          [
            -120.72711205,
            44.94039463
          ],
          [
            -120.72724605,
            44.94039563
          ],
          [
            -120.72735505,
            44.94037463
          ],
          [
            -120.72755705,
            44.94029363
          ],
          [
            -120.72769305,
            44.94021163
          ],
          [
            -120.72779805,
            44.94016463
          ],
          [
            -120.72790605,
            44.94013163
          ],
          [
            -120.72798205,
            44.94011663
          ],
          [
            -120.72809805,
            44.94011763
          ],
          [
            -120.72823005,
            44.94015863
          ],
          [
            -120.72828705,
            44.94019863
          ],
          [
            -120.72832805,
            44.94024863
          ],
          [
            -120.72836205,
            44.94035363
          ],
          [
            -120.72835705,
            44.94042463
          ],
          [
            -120.72834005,
            44.94046863
          ],
          [
            -120.72831105,
            44.94050963
          ],
          [
            -120.72822705,
            44.94057963
          ],
          [
            -120.72813505,
            44.94061863
          ],
          [
            -120.72785905,
            44.94068663
          ],
          [
            -120.72735205,
            44.94078163
          ],
          [
            -120.72668005,
            44.94088663
          ],
          [
            -120.72654205,
            44.94089763
          ],
          [
            -120.72638105,
            44.94089863
          ],
          [
            -120.72548305,
            44.94086463
          ],
          [
            -120.72519005,
            44.94085963
          ],
          [
            -120.72489905,
            44.94086863
          ],
          [
            -120.72461905,
            44.94090063
          ],
          [
            -120.72438905,
            44.94094263
          ],
          [
            -120.72420905,
            44.94098963
          ],
          [
            -120.72401105,
            44.94108063
          ],
          [
            -120.72387005,
            44.94117163
          ],
          [
            -120.72376905,
            44.94126863
          ],
          [
            -120.72367605,
            44.94142163
          ],
          [
            -120.72364705,
            44.94150563
          ],
          [
            -120.72362305,
            44.94166363
          ],
          [
            -120.72356605,
            44.94189663
          ],
          [
            -120.72352605,
            44.94201163
          ],
          [
            -120.72343105,
            44.94220463
          ],
          [
            -120.72334005,
            44.94235463
          ],
          [
            -120.72308105,
            44.94272163
          ],
          [
            -120.72279405,
            44.94320463
          ],
          [
            -120.72214405,
            44.94447063
          ],
          [
            -120.72202305,
            44.94465563
          ],
          [
            -120.72163105,
            44.94518363
          ],
          [
            -120.72146605,
            44.94542263
          ],
          [
            -120.72138805,
            44.94555463
          ],
          [
            -120.72133605,
            44.94569263
          ],
          [
            -120.72130305,
            44.94589063
          ],
          [
            -120.72129305,
            44.94605763
          ],
          [
            -120.72131905,
            44.94635763
          ],
          [
            -120.72137705,
            44.94655063
          ],
          [
            -120.72147705,
            44.94674563
          ],
          [
            -120.72162705,
            44.94694763
          ],
          [
            -120.72175905,
            44.94709363
          ],
          [
            -120.72781906,
            44.95251763
          ],
          [
            -120.72835006,
            44.95301663
          ],
          [
            -120.72862406,
            44.95330963
          ],
          [
            -120.72886906,
            44.95363763
          ],
          [
            -120.72891506,
            44.95369263
          ]
        ]
      },
      "properties": {
        "context_class": "local-connecting-road",
        "source_object_id": 24768479,
        "name": "State Hwy 218",
        "source_dataset_id": "{83127C30-1393-4558-8547-2C9D056664F0}",
        "source_originator": "U.S. Department of Commerce, U.S. Census Bureau, Geography Division",
        "analytical_status": "official-context"
      }
    },
    {
      "type": "Feature",
      "id": "local-connecting-road-25665933",
      "geometry": {
        "type": "LineString",
        "coordinates": [
          [
            -120.72110605,
            44.90878062
          ],
          [
            -120.72095905,
            44.90865662
          ],
          [
            -120.72083804,
            44.90856762
          ],
          [
            -120.72056204,
            44.90837662
          ]
        ]
      },
      "properties": {
        "context_class": "local-connecting-road",
        "source_object_id": 25665933,
        "name": "Shaniko-Fossil Hwy",
        "source_dataset_id": "{83127C30-1393-4558-8547-2C9D056664F0}",
        "source_originator": "U.S. Department of Commerce, U.S. Census Bureau, Geography Division",
        "analytical_status": "official-context"
      }
    },
    {
      "type": "Feature",
      "id": "local-connecting-road-27527154",
      "geometry": {
        "type": "LineString",
        "coordinates": [
          [
            -120.80265705,
            44.87775561
          ],
          [
            -120.80262505,
            44.87776561
          ],
          [
            -120.80253205,
            44.87779561
          ],
          [
            -120.80250105,
            44.87780661
          ],
          [
            -120.80241405,
            44.87783561
          ],
          [
            -120.80155805,
            44.87812961
          ],
          [
            -120.80028805,
            44.87855761
          ],
          [
            -120.79962205,
            44.87879361
          ],
          [
            -120.79940105,
            44.87887661
          ],
          [
            -120.79929305,
            44.87891761
          ],
          [
            -120.79899005,
            44.87903961
          ],
          [
            -120.79850605,
            44.87924161
          ],
          [
            -120.79796405,
            44.87947861
          ],
          [
            -120.79760605,
            44.87963961
          ],
          [
            -120.79750605,
            44.87968561
          ],
          [
            -120.79502505,
            44.88084961
          ],
          [
            -120.79469705,
            44.88099462
          ],
          [
            -120.79447405,
            44.88108762
          ],
          [
            -120.79408805,
            44.88123361
          ],
          [
            -120.79376105,
            44.88133862
          ],
          [
            -120.79353405,
            44.88139962
          ],
          [
            -120.79330305,
            44.88145462
          ],
          [
            -120.79285805,
            44.88153962
          ],
          [
            -120.79247405,
            44.88160462
          ],
          [
            -120.79154305,
            44.88174962
          ],
          [
            -120.79128905,
            44.88177662
          ],
          [
            -120.79041105,
            44.88183862
          ],
          [
            -120.79024005,
            44.88184362
          ],
          [
            -120.78989705,
            44.88184062
          ],
          [
            -120.78945805,
            44.88182262
          ],
          [
            -120.78912705,
            44.88179562
          ],
          [
            -120.78814105,
            44.88168762
          ],
          [
            -120.78781605,
            44.88166062
          ],
          [
            -120.78747105,
            44.88163962
          ],
          [
            -120.78719005,
            44.88163362
          ],
          [
            -120.78686705,
            44.88164362
          ],
          [
            -120.78654105,
            44.88166262
          ],
          [
            -120.78621005,
            44.88169262
          ],
          [
            -120.78586705,
            44.88173362
          ],
          [
            -120.78549905,
            44.88178862
          ],
          [
            -120.78524505,
            44.88183662
          ],
          [
            -120.78499505,
            44.88188962
          ],
          [
            -120.78478805,
            44.88194062
          ],
          [
            -120.78437905,
            44.88205362
          ],
          [
            -120.78408705,
            44.88214062
          ],
          [
            -120.78361805,
            44.88229262
          ],
          [
            -120.78344205,
            44.88235762
          ],
          [
            -120.78334405,
            44.88239862
          ],
          [
            -120.78305505,
            44.88253062
          ],
          [
            -120.78209605,
            44.88293862
          ],
          [
            -120.78011005,
            44.88378562
          ],
          [
            -120.77773405,
            44.88481562
          ],
          [
            -120.77719005,
            44.88504862
          ],
          [
            -120.77514605,
            44.88592462
          ],
          [
            -120.77385105,
            44.88648162
          ],
          [
            -120.77161705,
            44.88745162
          ],
          [
            -120.77030505,
            44.88801262
          ],
          [
            -120.76901605,
            44.88855662
          ],
          [
            -120.76696805,
            44.88942262
          ]
        ]
      },
      "properties": {
        "context_class": "local-connecting-road",
        "source_object_id": 27527154,
        "name": "Antelope Hwy",
        "source_dataset_id": "{94591221-486A-4818-BDC4-F8ECD9D3F0EE}",
        "source_originator": "U.S. Department of Commerce, U.S. Census Bureau, Geography Division",
        "analytical_status": "official-context"
      }
    },
    {
      "type": "Feature",
      "id": "local-connecting-road-28812522",
      "geometry": {
        "type": "LineString",
        "coordinates": [
          [
            -120.80929505,
            44.87118961
          ],
          [
            -120.80812805,
            44.87167461
          ],
          [
            -120.80720505,
            44.87207561
          ],
          [
            -120.80689905,
            44.87220861
          ],
          [
            -120.80659405,
            44.87234661
          ],
          [
            -120.80629505,
            44.87248861
          ],
          [
            -120.80602005,
            44.87262861
          ],
          [
            -120.80575005,
            44.87277261
          ],
          [
            -120.80451805,
            44.87346261
          ],
          [
            -120.80408205,
            44.87369461
          ],
          [
            -120.80387105,
            44.87381561
          ],
          [
            -120.80359605,
            44.87399161
          ],
          [
            -120.80346605,
            44.87408461
          ],
          [
            -120.80328205,
            44.87423161
          ],
          [
            -120.80322405,
            44.87429061
          ],
          [
            -120.80317105,
            44.87435361
          ],
          [
            -120.80310105,
            44.87445961
          ],
          [
            -120.80304405,
            44.87458861
          ],
          [
            -120.80298405,
            44.87474861
          ],
          [
            -120.80296505,
            44.87483061
          ],
          [
            -120.80295305,
            44.87498961
          ],
          [
            -120.80295705,
            44.87507961
          ],
          [
            -120.80296805,
            44.87516961
          ],
          [
            -120.80298805,
            44.87525761
          ],
          [
            -120.80304005,
            44.87539461
          ],
          [
            -120.80307605,
            44.87546161
          ],
          [
            -120.80320305,
            44.87565661
          ],
          [
            -120.80329505,
            44.87577061
          ],
          [
            -120.80356705,
            44.87608361
          ],
          [
            -120.80364705,
            44.87618661
          ],
          [
            -120.80367905,
            44.87623561
          ],
          [
            -120.80371105,
            44.87628461
          ],
          [
            -120.80379905,
            44.87644661
          ],
          [
            -120.80384905,
            44.87657261
          ],
          [
            -120.80386405,
            44.87663661
          ],
          [
            -120.80387505,
            44.87676661
          ],
          [
            -120.80387105,
            44.87689161
          ],
          [
            -120.80386105,
            44.87695261
          ],
          [
            -120.80384305,
            44.87701261
          ],
          [
            -120.80381305,
            44.87707761
          ],
          [
            -120.80377405,
            44.87714161
          ],
          [
            -120.80372705,
            44.87720261
          ],
          [
            -120.80361905,
            44.87731761
          ],
          [
            -120.80355605,
            44.87737161
          ],
          [
            -120.80348805,
            44.87742261
          ],
          [
            -120.80341505,
            44.87746961
          ],
          [
            -120.80333005,
            44.87751161
          ],
          [
            -120.80296705,
            44.87765461
          ],
          [
            -120.80265705,
            44.87775561
          ]
        ]
      },
      "properties": {
        "context_class": "local-connecting-road",
        "source_object_id": 28812522,
        "name": "Antelope Hwy",
        "source_dataset_id": "{94591221-486A-4818-BDC4-F8ECD9D3F0EE}",
        "source_originator": "U.S. Department of Commerce, U.S. Census Bureau, Geography Division",
        "analytical_status": "official-context"
      }
    },
    {
      "type": "Feature",
      "id": "local-connecting-road-28873061",
      "geometry": {
        "type": "LineString",
        "coordinates": [
          [
            -120.75372207,
            45.00350963
          ],
          [
            -120.75372007,
            45.00382963
          ]
        ]
      },
      "properties": {
        "context_class": "local-connecting-road",
        "source_object_id": 28873061,
        "name": "D St",
        "source_dataset_id": "{83127C30-1393-4558-8547-2C9D056664F0}",
        "source_originator": "U.S. Department of Commerce, U.S. Census Bureau, Geography Division",
        "analytical_status": "official-context"
      }
    },
    {
      "type": "Feature",
      "id": "local-connecting-road-28941426",
      "geometry": {
        "type": "LineString",
        "coordinates": [
          [
            -120.74155006,
            44.97587263
          ],
          [
            -120.74230706,
            44.97720163
          ],
          [
            -120.74391906,
            44.98000563
          ],
          [
            -120.74399906,
            44.98014463
          ],
          [
            -120.74444606,
            44.98094563
          ],
          [
            -120.74462606,
            44.98130463
          ],
          [
            -120.74565506,
            44.98347363
          ],
          [
            -120.74718906,
            44.98662463
          ],
          [
            -120.74793307,
            44.98818063
          ],
          [
            -120.74828607,
            44.98893763
          ],
          [
            -120.74852807,
            44.98938763
          ],
          [
            -120.74859207,
            44.98948563
          ],
          [
            -120.74865307,
            44.98956863
          ],
          [
            -120.74872207,
            44.98964863
          ],
          [
            -120.74878507,
            44.98970863
          ],
          [
            -120.74885507,
            44.98976663
          ],
          [
            -120.74921607,
            44.99003763
          ],
          [
            -120.74965807,
            44.99035263
          ],
          [
            -120.74987707,
            44.99052563
          ],
          [
            -120.74998807,
            44.99062563
          ],
          [
            -120.75009407,
            44.99072863
          ],
          [
            -120.75021107,
            44.99085063
          ],
          [
            -120.75048707,
            44.99116863
          ],
          [
            -120.75064807,
            44.99137263
          ],
          [
            -120.75069907,
            44.99144463
          ],
          [
            -120.75092107,
            44.99181563
          ],
          [
            -120.75101507,
            44.99196263
          ],
          [
            -120.75106207,
            44.99202563
          ],
          [
            -120.75114607,
            44.99213863
          ],
          [
            -120.75118807,
            44.99219563
          ],
          [
            -120.75122207,
            44.99224163
          ],
          [
            -120.75135507,
            44.99239563
          ],
          [
            -120.75139007,
            44.99243263
          ],
          [
            -120.75149607,
            44.99254663
          ],
          [
            -120.75162707,
            44.99270163
          ],
          [
            -120.75171207,
            44.99281563
          ],
          [
            -120.75179107,
            44.99293263
          ],
          [
            -120.75183407,
            44.99300663
          ],
          [
            -120.75187107,
            44.99308263
          ],
          [
            -120.75189407,
            44.99314863
          ],
          [
            -120.75194707,
            44.99336163
          ],
          [
            -120.75197207,
            44.99346563
          ],
          [
            -120.75207407,
            44.99381963
          ],
          [
            -120.75212507,
            44.99396063
          ],
          [
            -120.75222007,
            44.99421763
          ],
          [
            -120.75225807,
            44.99428963
          ],
          [
            -120.75228107,
            44.99432463
          ],
          [
            -120.75231307,
            44.99437063
          ],
          [
            -120.75237507,
            44.99444963
          ],
          [
            -120.75242507,
            44.99450363
          ],
          [
            -120.75245307,
            44.99453363
          ],
          [
            -120.75255907,
            44.99463663
          ],
          [
            -120.75262107,
            44.99469763
          ],
          [
            -120.75266107,
            44.99474463
          ],
          [
            -120.75273007,
            44.99482663
          ],
          [
            -120.75277107,
            44.99489163
          ],
          [
            -120.75290807,
            44.99517163
          ],
          [
            -120.75317507,
            44.99578163
          ],
          [
            -120.75329807,
            44.99607463
          ],
          [
            -120.75336907,
            44.99621863
          ],
          [
            -120.75339607,
            44.99626263
          ]
        ]
      },
      "properties": {
        "context_class": "local-connecting-road",
        "source_object_id": 28941426,
        "name": "State Hwy 218",
        "source_dataset_id": "{94591221-486A-4818-BDC4-F8ECD9D3F0EE}",
        "source_originator": "U.S. Department of Commerce, U.S. Census Bureau, Geography Division",
        "analytical_status": "official-context"
      }
    },
    {
      "type": "Feature",
      "id": "local-connecting-road-29001869",
      "geometry": {
        "type": "LineString",
        "coordinates": [
          [
            -120.72313201,
            44.90750479
          ],
          [
            -120.72237505,
            44.90776162
          ],
          [
            -120.72127505,
            44.90815562
          ]
        ]
      },
      "properties": {
        "context_class": "local-connecting-road",
        "source_object_id": 29001869,
        "name": "South St",
        "source_dataset_id": "{83127C30-1393-4558-8547-2C9D056664F0}",
        "source_originator": "U.S. Department of Commerce, U.S. Census Bureau, Geography Division",
        "analytical_status": "official-context"
      }
    },
    {
      "type": "Feature",
      "id": "local-connecting-road-29198506",
      "geometry": {
        "type": "LineString",
        "coordinates": [
          [
            -120.72891506,
            44.95369263
          ],
          [
            -120.72903206,
            44.95388863
          ],
          [
            -120.72956106,
            44.95481263
          ],
          [
            -120.73025306,
            44.95603463
          ],
          [
            -120.73088306,
            44.95714763
          ],
          [
            -120.73210806,
            44.95927463
          ],
          [
            -120.73420106,
            44.96298563
          ],
          [
            -120.73571206,
            44.96562463
          ],
          [
            -120.73732906,
            44.96848263
          ],
          [
            -120.73763906,
            44.96903063
          ],
          [
            -120.73817306,
            44.96995963
          ],
          [
            -120.73917606,
            44.97170263
          ],
          [
            -120.74070706,
            44.97439263
          ],
          [
            -120.74155006,
            44.97587263
          ]
        ]
      },
      "properties": {
        "context_class": "local-connecting-road",
        "source_object_id": 29198506,
        "name": "State Hwy 218",
        "source_dataset_id": "{94591221-486A-4818-BDC4-F8ECD9D3F0EE}",
        "source_originator": "U.S. Department of Commerce, U.S. Census Bureau, Geography Division",
        "analytical_status": "official-context"
      }
    },
    {
      "type": "Feature",
      "id": "local-connecting-road-31445246",
      "geometry": {
        "type": "LineString",
        "coordinates": [
          [
            -120.73016605,
            44.91650262
          ],
          [
            -120.73018205,
            44.91651262
          ],
          [
            -120.73019505,
            44.91651862
          ],
          [
            -120.73028705,
            44.91656062
          ],
          [
            -120.73031805,
            44.91657562
          ],
          [
            -120.73034305,
            44.91658762
          ],
          [
            -120.73059705,
            44.91666962
          ],
          [
            -120.73077805,
            44.91671262
          ],
          [
            -120.73102505,
            44.91674762
          ],
          [
            -120.73116805,
            44.91675262
          ],
          [
            -120.73124705,
            44.91675662
          ],
          [
            -120.73135805,
            44.91675262
          ],
          [
            -120.73183005,
            44.91668762
          ],
          [
            -120.73217505,
            44.91666262
          ],
          [
            -120.73226305,
            44.91666762
          ],
          [
            -120.73241005,
            44.91669762
          ],
          [
            -120.73254605,
            44.91674862
          ],
          [
            -120.73266905,
            44.91682462
          ],
          [
            -120.73280905,
            44.91692762
          ],
          [
            -120.73303805,
            44.91712062
          ],
          [
            -120.73320805,
            44.91722162
          ],
          [
            -120.73329405,
            44.91726262
          ],
          [
            -120.73349805,
            44.91733762
          ],
          [
            -120.73359105,
            44.91736362
          ],
          [
            -120.73385105,
            44.91743662
          ],
          [
            -120.73399405,
            44.91749162
          ]
        ]
      },
      "properties": {
        "context_class": "local-connecting-road",
        "source_object_id": 31445246,
        "name": "State Hwy 218",
        "source_dataset_id": "{83127C30-1393-4558-8547-2C9D056664F0}",
        "source_originator": "U.S. Department of Commerce, U.S. Census Bureau, Geography Division",
        "analytical_status": "official-context"
      }
    },
    {
      "type": "Feature",
      "id": "local-connecting-road-31513596",
      "geometry": {
        "type": "LineString",
        "coordinates": [
          [
            -120.69695789,
            44.90971827
          ],
          [
            -120.69726304,
            44.90971563
          ],
          [
            -120.69977404,
            44.90970163
          ],
          [
            -120.70241304,
            44.90968663
          ],
          [
            -120.70314004,
            44.90969863
          ],
          [
            -120.70343304,
            44.90971363
          ],
          [
            -120.70366804,
            44.90972663
          ],
          [
            -120.70402404,
            44.90977463
          ],
          [
            -120.70458704,
            44.90989063
          ],
          [
            -120.70702204,
            44.91051763
          ],
          [
            -120.70767904,
            44.91066563
          ],
          [
            -120.70832604,
            44.91078863
          ],
          [
            -120.70851504,
            44.91081463
          ],
          [
            -120.70889704,
            44.91085163
          ],
          [
            -120.70934204,
            44.91087263
          ],
          [
            -120.70976604,
            44.91087963
          ],
          [
            -120.71009904,
            44.91087563
          ],
          [
            -120.71049804,
            44.91085463
          ],
          [
            -120.71098104,
            44.91081663
          ],
          [
            -120.71120104,
            44.91078563
          ],
          [
            -120.71205604,
            44.91063263
          ],
          [
            -120.71235004,
            44.91055663
          ],
          [
            -120.71269204,
            44.91045463
          ],
          [
            -120.71331504,
            44.91023562
          ],
          [
            -120.71371604,
            44.91006762
          ],
          [
            -120.71412304,
            44.90986162
          ],
          [
            -120.71415104,
            44.90984862
          ],
          [
            -120.71541504,
            44.90910262
          ],
          [
            -120.71581804,
            44.90887763
          ],
          [
            -120.71606104,
            44.90876462
          ],
          [
            -120.71632904,
            44.90866962
          ],
          [
            -120.71660304,
            44.90859262
          ],
          [
            -120.71685404,
            44.90853362
          ],
          [
            -120.71734404,
            44.90843162
          ],
          [
            -120.71736004,
            44.90842862
          ],
          [
            -120.71764004,
            44.90836962
          ],
          [
            -120.71772404,
            44.90835262
          ],
          [
            -120.71822304,
            44.90824862
          ],
          [
            -120.71841804,
            44.90820862
          ],
          [
            -120.71864704,
            44.90816062
          ],
          [
            -120.71921105,
            44.90805862
          ],
          [
            -120.71934204,
            44.90804262
          ],
          [
            -120.71938505,
            44.90803862
          ],
          [
            -120.71957704,
            44.90804262
          ]
        ]
      },
      "properties": {
        "context_class": "local-connecting-road",
        "source_object_id": 31513596,
        "name": "State Hwy 218",
        "source_dataset_id": "{94591221-486A-4818-BDC4-F8ECD9D3F0EE}",
        "source_originator": "U.S. Department of Commerce, U.S. Census Bureau, Geography Division",
        "analytical_status": "official-context"
      }
    },
    {
      "type": "Feature",
      "id": "local-connecting-road-32416785",
      "geometry": {
        "type": "LineString",
        "coordinates": [
          [
            -120.72372505,
            44.91128362
          ],
          [
            -120.72388905,
            44.91144162
          ],
          [
            -120.72438105,
            44.91191862
          ],
          [
            -120.72454605,
            44.91207762
          ]
        ]
      },
      "properties": {
        "context_class": "local-connecting-road",
        "source_object_id": 32416785,
        "name": "Shaniko-Fossil Hwy",
        "source_dataset_id": "{94591221-486A-4818-BDC4-F8ECD9D3F0EE}",
        "source_originator": "U.S. Department of Commerce, U.S. Census Bureau, Geography Division",
        "analytical_status": "official-context"
      }
    },
    {
      "type": "Feature",
      "id": "local-road-303054",
      "geometry": {
        "type": "LineString",
        "coordinates": [
          [
            -120.75135007,
            45.00248763
          ],
          [
            -120.75134907,
            45.00227763
          ],
          [
            -120.75134907,
            45.00219063
          ],
          [
            -120.75134007,
            45.00191763
          ],
          [
            -120.75132207,
            45.00175763
          ],
          [
            -120.75133107,
            45.00166263
          ],
          [
            -120.75133307,
            45.00165163
          ],
          [
            -120.75138507,
            45.00144863
          ]
        ]
      },
      "properties": {
        "context_class": "local-road",
        "source_object_id": 303054,
        "name": "F St",
        "source_dataset_id": "{94591221-486A-4818-BDC4-F8ECD9D3F0EE}",
        "source_originator": "U.S. Department of Commerce, U.S. Census Bureau, Geography Division",
        "analytical_status": "official-context"
      }
    },
    {
      "type": "Feature",
      "id": "local-road-558201",
      "geometry": {
        "type": "LineString",
        "coordinates": [
          [
            -120.71421503,
            44.85033062
          ],
          [
            -120.71450503,
            44.85030062
          ],
          [
            -120.71490603,
            44.85024662
          ],
          [
            -120.71529703,
            44.85016062
          ],
          [
            -120.71540503,
            44.85014862
          ],
          [
            -120.71551003,
            44.85016062
          ],
          [
            -120.71589003,
            44.85027362
          ],
          [
            -120.71623503,
            44.85036562
          ],
          [
            -120.71682403,
            44.85048862
          ],
          [
            -120.71774403,
            44.85066562
          ],
          [
            -120.71782603,
            44.85069462
          ],
          [
            -120.71810703,
            44.85082862
          ],
          [
            -120.71864603,
            44.85110862
          ],
          [
            -120.71884203,
            44.85119362
          ],
          [
            -120.71902003,
            44.85125462
          ],
          [
            -120.71928903,
            44.85130862
          ],
          [
            -120.71945803,
            44.85132162
          ],
          [
            -120.71961603,
            44.85131762
          ],
          [
            -120.71968203,
            44.85130362
          ],
          [
            -120.71986803,
            44.85124262
          ],
          [
            -120.72026803,
            44.85108062
          ],
          [
            -120.72039103,
            44.85104162
          ],
          [
            -120.72057503,
            44.85102062
          ],
          [
            -120.72063303,
            44.85102362
          ],
          [
            -120.72069403,
            44.85103762
          ],
          [
            -120.72084503,
            44.85110062
          ],
          [
            -120.72119103,
            44.85129962
          ],
          [
            -120.72148903,
            44.85150562
          ],
          [
            -120.72156603,
            44.85157562
          ],
          [
            -120.72158803,
            44.85159462
          ],
          [
            -120.72165203,
            44.85167862
          ],
          [
            -120.72171403,
            44.85178662
          ],
          [
            -120.72183403,
            44.85208462
          ],
          [
            -120.72189503,
            44.85220662
          ],
          [
            -120.72194603,
            44.85227862
          ],
          [
            -120.72205703,
            44.85238962
          ],
          [
            -120.72256903,
            44.85271662
          ],
          [
            -120.72292104,
            44.85295562
          ],
          [
            -120.72307903,
            44.85303562
          ],
          [
            -120.72329303,
            44.85310662
          ],
          [
            -120.72344503,
            44.85318462
          ],
          [
            -120.72386203,
            44.85342962
          ],
          [
            -120.72428904,
            44.85370962
          ],
          [
            -120.72442204,
            44.85378462
          ],
          [
            -120.72453504,
            44.85383462
          ],
          [
            -120.72471504,
            44.85388962
          ],
          [
            -120.72486703,
            44.85391462
          ],
          [
            -120.72521503,
            44.85394262
          ],
          [
            -120.72608904,
            44.85393662
          ],
          [
            -120.72631204,
            44.85396262
          ],
          [
            -120.72687304,
            44.85404662
          ],
          [
            -120.72716904,
            44.85409162
          ],
          [
            -120.72730504,
            44.85410162
          ],
          [
            -120.72769104,
            44.85410362
          ],
          [
            -120.72791504,
            44.85412162
          ],
          [
            -120.72813604,
            44.85415562
          ],
          [
            -120.72838904,
            44.85421962
          ],
          [
            -120.72867304,
            44.85434462
          ],
          [
            -120.72951604,
            44.85481862
          ],
          [
            -120.72974004,
            44.85491562
          ],
          [
            -120.72997704,
            44.85499162
          ],
          [
            -120.73016504,
            44.85503262
          ],
          [
            -120.73060704,
            44.85507962
          ],
          [
            -120.73137704,
            44.85511462
          ],
          [
            -120.73183904,
            44.85512062
          ],
          [
            -120.73252504,
            44.85509862
          ],
          [
            -120.73325404,
            44.85509962
          ],
          [
            -120.73369904,
            44.85508962
          ],
          [
            -120.73381004,
            44.85507662
          ],
          [
            -120.73431104,
            44.85496662
          ],
          [
            -120.73513904,
            44.85476562
          ],
          [
            -120.73551004,
            44.85464462
          ],
          [
            -120.73577904,
            44.85459762
          ],
          [
            -120.73588404,
            44.85459262
          ],
          [
            -120.73613204,
            44.85459762
          ],
          [
            -120.73627304,
            44.85460762
          ],
          [
            -120.73647904,
            44.85463762
          ],
          [
            -120.73672004,
            44.85465462
          ],
          [
            -120.73695104,
            44.85465162
          ],
          [
            -120.73741704,
            44.85461862
          ],
          [
            -120.73812104,
            44.85462162
          ],
          [
            -120.73830404,
            44.85461262
          ],
          [
            -120.73863604,
            44.85457362
          ],
          [
            -120.73893804,
            44.85452862
          ],
          [
            -120.73915904,
            44.85448162
          ],
          [
            -120.73935004,
            44.85445162
          ],
          [
            -120.73950804,
            44.85444262
          ],
          [
            -120.73957704,
            44.85444862
          ],
          [
            -120.73971204,
            44.85447462
          ],
          [
            -120.73980204,
            44.85450962
          ],
          [
            -120.73988204,
            44.85456362
          ],
          [
            -120.74016204,
            44.85479762
          ],
          [
            -120.74020404,
            44.85482262
          ],
          [
            -120.74028304,
            44.85485262
          ],
          [
            -120.74043404,
            44.85487962
          ],
          [
            -120.74046004,
            44.85488462
          ],
          [
            -120.74074604,
            44.85490362
          ],
          [
            -120.74082204,
            44.85491962
          ],
          [
            -120.74094204,
            44.85494462
          ],
          [
            -120.74105604,
            44.85495262
          ],
          [
            -120.74128804,
            44.85496762
          ],
          [
            -120.74134904,
            44.85498162
          ],
          [
            -120.74143204,
            44.85501462
          ],
          [
            -120.74149804,
            44.85506162
          ],
          [
            -120.74154604,
            44.85511762
          ],
          [
            -120.74157104,
            44.85516562
          ],
          [
            -120.74159504,
            44.85526962
          ],
          [
            -120.74163404,
            44.85535962
          ],
          [
            -120.74182904,
            44.85563062
          ],
          [
            -120.74201504,
            44.85591862
          ],
          [
            -120.74210004,
            44.85601162
          ],
          [
            -120.74220804,
            44.85609262
          ],
          [
            -120.74233904,
            44.85615562
          ],
          [
            -120.74255304,
            44.85623262
          ],
          [
            -120.74285704,
            44.85635562
          ],
          [
            -120.74293504,
            44.85639062
          ],
          [
            -120.74311604,
            44.85647162
          ],
          [
            -120.74332904,
            44.85657962
          ],
          [
            -120.74349404,
            44.85668362
          ],
          [
            -120.74368304,
            44.85682362
          ],
          [
            -120.74402504,
            44.85701662
          ],
          [
            -120.74418904,
            44.85712262
          ],
          [
            -120.74438004,
            44.85724662
          ],
          [
            -120.74463704,
            44.85740162
          ],
          [
            -120.74493704,
            44.85755762
          ],
          [
            -120.74511304,
            44.85762862
          ],
          [
            -120.74537304,
            44.85768662
          ],
          [
            -120.74556804,
            44.85770262
          ],
          [
            -120.74586204,
            44.85769362
          ],
          [
            -120.74627404,
            44.85764562
          ],
          [
            -120.74660204,
            44.85764062
          ],
          [
            -120.74698204,
            44.85765762
          ],
          [
            -120.74758004,
            44.85771462
          ],
          [
            -120.74802604,
            44.85773362
          ],
          [
            -120.74878304,
            44.85770662
          ],
          [
            -120.74904404,
            44.85767762
          ],
          [
            -120.74926904,
            44.85763762
          ],
          [
            -120.74953404,
            44.85762162
          ],
          [
            -120.74964704,
            44.85762862
          ],
          [
            -120.74983404,
            44.85766662
          ],
          [
            -120.75000804,
            44.85772162
          ],
          [
            -120.75019904,
            44.85780862
          ],
          [
            -120.75030804,
            44.85786862
          ]
        ]
      },
      "properties": {
        "context_class": "local-road",
        "source_object_id": 558201,
        "name": "Tub Spring Loop",
        "source_dataset_id": "{94591221-486A-4818-BDC4-F8ECD9D3F0EE}",
        "source_originator": "U.S. Department of Commerce, U.S. Census Bureau, Geography Division",
        "analytical_status": "official-context"
      }
    },
    {
      "type": "Feature",
      "id": "local-road-685032",
      "geometry": {
        "type": "LineString",
        "coordinates": [
          [
            -120.79259708,
            45.01128162
          ],
          [
            -120.79336808,
            45.01162962
          ],
          [
            -120.79707208,
            45.01335562
          ],
          [
            -120.79727808,
            45.01345062
          ],
          [
            -120.80009708,
            45.01475362
          ],
          [
            -120.80327508,
            45.01624562
          ],
          [
            -120.80505608,
            45.01706762
          ],
          [
            -120.80684308,
            45.01788162
          ],
          [
            -120.80896308,
            45.01886562
          ]
        ]
      },
      "properties": {
        "context_class": "local-road",
        "source_object_id": 685032,
        "name": "Bakeoven Rd",
        "source_dataset_id": "{94591221-486A-4818-BDC4-F8ECD9D3F0EE}",
        "source_originator": "U.S. Department of Commerce, U.S. Census Bureau, Geography Division",
        "analytical_status": "official-context"
      }
    },
    {
      "type": "Feature",
      "id": "local-road-939146",
      "geometry": {
        "type": "LineString",
        "coordinates": [
          [
            -120.72204805,
            44.91097062
          ],
          [
            -120.72213105,
            44.91104762
          ],
          [
            -120.72238005,
            44.91128062
          ],
          [
            -120.72246405,
            44.91135862
          ]
        ]
      },
      "properties": {
        "context_class": "local-road",
        "source_object_id": 939146,
        "name": "College St",
        "source_dataset_id": "{94591221-486A-4818-BDC4-F8ECD9D3F0EE}",
        "source_originator": "U.S. Department of Commerce, U.S. Census Bureau, Geography Division",
        "analytical_status": "official-context"
      }
    },
    {
      "type": "Feature",
      "id": "local-road-1066368",
      "geometry": {
        "type": "LineString",
        "coordinates": [
          [
            -120.76696805,
            44.88942262
          ],
          [
            -120.76709705,
            44.88953762
          ],
          [
            -120.76700205,
            44.88995062
          ],
          [
            -120.76674705,
            44.89029462
          ],
          [
            -120.76665405,
            44.89102962
          ],
          [
            -120.76633505,
            44.89160462
          ],
          [
            -120.76649805,
            44.89208762
          ],
          [
            -120.76695005,
            44.89254662
          ],
          [
            -120.76711305,
            44.89266162
          ],
          [
            -120.76727505,
            44.89293862
          ],
          [
            -120.76724405,
            44.89323662
          ],
          [
            -120.76700405,
            44.89360162
          ],
          [
            -120.76698905,
            44.89362662
          ],
          [
            -120.76596505,
            44.89429362
          ],
          [
            -120.76596605,
            44.89450062
          ],
          [
            -120.76635305,
            44.89477662
          ],
          [
            -120.76670805,
            44.89489262
          ],
          [
            -120.76683705,
            44.89507562
          ],
          [
            -120.76677505,
            44.89532962
          ],
          [
            -120.76642205,
            44.89555862
          ],
          [
            -120.76632705,
            44.89585762
          ],
          [
            -120.76668305,
            44.89636362
          ],
          [
            -120.76694205,
            44.89670862
          ],
          [
            -120.76910805,
            44.89831962
          ],
          [
            -120.76952805,
            44.89843562
          ],
          [
            -120.77123805,
            44.89855562
          ],
          [
            -120.77227105,
            44.89878962
          ],
          [
            -120.77291705,
            44.89908962
          ],
          [
            -120.77349905,
            44.89968762
          ],
          [
            -120.77398405,
            44.90028562
          ],
          [
            -120.77398605,
            44.90044662
          ],
          [
            -120.77466605,
            44.90118062
          ],
          [
            -120.77466705,
            44.90134062
          ],
          [
            -120.77489305,
            44.90154862
          ],
          [
            -120.77492605,
            44.90161262
          ],
          [
            -120.77547805,
            44.90267362
          ],
          [
            -120.77657805,
            44.90403062
          ],
          [
            -120.77712905,
            44.90453662
          ],
          [
            -120.77822605,
            44.90486162
          ]
        ]
      },
      "properties": {
        "context_class": "local-road",
        "source_object_id": 1066368,
        "name": null,
        "source_dataset_id": "{94591221-486A-4818-BDC4-F8ECD9D3F0EE}",
        "source_originator": "U.S. Department of Commerce, U.S. Census Bureau, Geography Division",
        "analytical_status": "official-context"
      }
    },
    {
      "type": "Feature",
      "id": "local-road-1448254",
      "geometry": {
        "type": "LineString",
        "coordinates": [
          [
            -120.72127705,
            44.91140162
          ],
          [
            -120.72086105,
            44.91167962
          ],
          [
            -120.72048305,
            44.91193462
          ],
          [
            -120.71975205,
            44.91243862
          ],
          [
            -120.71962205,
            44.91252562
          ],
          [
            -120.71920905,
            44.91280762
          ],
          [
            -120.71901605,
            44.91293862
          ],
          [
            -120.71889805,
            44.91301962
          ],
          [
            -120.71867705,
            44.91317462
          ],
          [
            -120.71847305,
            44.91329462
          ],
          [
            -120.71838605,
            44.91333762
          ],
          [
            -120.71829905,
            44.91336562
          ],
          [
            -120.71820805,
            44.91338762
          ],
          [
            -120.71796505,
            44.91343762
          ],
          [
            -120.71787305,
            44.91345162
          ],
          [
            -120.71755905,
            44.91350362
          ],
          [
            -120.71750205,
            44.91351262
          ],
          [
            -120.71741805,
            44.91352562
          ],
          [
            -120.71736405,
            44.91353463
          ],
          [
            -120.71716605,
            44.91356662
          ],
          [
            -120.71708305,
            44.91358062
          ]
        ]
      },
      "properties": {
        "context_class": "local-road",
        "source_object_id": 1448254,
        "name": "Union St",
        "source_dataset_id": "{94591221-486A-4818-BDC4-F8ECD9D3F0EE}",
        "source_originator": "U.S. Department of Commerce, U.S. Census Bureau, Geography Division",
        "analytical_status": "official-context"
      }
    },
    {
      "type": "Feature",
      "id": "local-road-1448255",
      "geometry": {
        "type": "LineString",
        "coordinates": [
          [
            -120.75493907,
            45.00567363
          ],
          [
            -120.75493607,
            45.00545963
          ],
          [
            -120.75492907,
            45.00481763
          ],
          [
            -120.75492707,
            45.00460363
          ]
        ]
      },
      "properties": {
        "context_class": "local-road",
        "source_object_id": 1448255,
        "name": "C St",
        "source_dataset_id": "{94591221-486A-4818-BDC4-F8ECD9D3F0EE}",
        "source_originator": "U.S. Department of Commerce, U.S. Census Bureau, Geography Division",
        "analytical_status": "official-context"
      }
    },
    {
      "type": "Feature",
      "id": "local-road-1702439",
      "geometry": {
        "type": "LineString",
        "coordinates": [
          [
            -120.73428906,
            44.99254163
          ],
          [
            -120.73433206,
            44.99257663
          ],
          [
            -120.73470106,
            44.99321863
          ],
          [
            -120.73465806,
            44.99349163
          ],
          [
            -120.73463706,
            44.99362663
          ],
          [
            -120.73407706,
            44.99423463
          ],
          [
            -120.73408006,
            44.99441563
          ],
          [
            -120.73491006,
            44.99497763
          ],
          [
            -120.73495006,
            44.99511763
          ],
          [
            -120.73546606,
            44.99556763
          ],
          [
            -120.73550806,
            44.99572863
          ],
          [
            -120.73552606,
            44.99580163
          ],
          [
            -120.73554507,
            44.99587363
          ],
          [
            -120.73570907,
            44.99600763
          ],
          [
            -120.73574106,
            44.99621063
          ],
          [
            -120.73594706,
            44.99646863
          ],
          [
            -120.73604807,
            44.99669963
          ],
          [
            -120.73624007,
            44.99705863
          ],
          [
            -120.73626907,
            44.99711363
          ],
          [
            -120.73669707,
            44.99745963
          ],
          [
            -120.73682607,
            44.99756463
          ],
          [
            -120.73799107,
            44.99781063
          ],
          [
            -120.73916007,
            44.99805863
          ],
          [
            -120.73933707,
            44.99809663
          ],
          [
            -120.74031407,
            44.99811763
          ],
          [
            -120.74132407,
            44.99797763
          ],
          [
            -120.74191207,
            44.99773963
          ],
          [
            -120.74240507,
            44.99716463
          ],
          [
            -120.74279707,
            44.99694663
          ],
          [
            -120.74361207,
            44.99678063
          ],
          [
            -120.74470107,
            44.99677563
          ],
          [
            -120.74550207,
            44.99677363
          ],
          [
            -120.74673907,
            44.99698163
          ],
          [
            -120.74703407,
            44.99698763
          ],
          [
            -120.74706207,
            44.99698863
          ],
          [
            -120.74720407,
            44.99698863
          ],
          [
            -120.74763107,
            44.99698863
          ],
          [
            -120.74777407,
            44.99698863
          ],
          [
            -120.74783907,
            44.99696463
          ],
          [
            -120.74803507,
            44.99689463
          ],
          [
            -120.74810107,
            44.99687163
          ],
          [
            -120.74848207,
            44.99673663
          ],
          [
            -120.74868807,
            44.99666263
          ],
          [
            -120.74880407,
            44.99662163
          ],
          [
            -120.74944907,
            44.99657563
          ],
          [
            -120.75025507,
            44.99666663
          ],
          [
            -120.75054607,
            44.99664763
          ],
          [
            -120.75116907,
            44.99660863
          ],
          [
            -120.75122107,
            44.99657963
          ],
          [
            -120.75137707,
            44.99649663
          ],
          [
            -120.75143007,
            44.99646863
          ],
          [
            -120.75150707,
            44.99642963
          ],
          [
            -120.75173807,
            44.99631263
          ],
          [
            -120.75181507,
            44.99627363
          ],
          [
            -120.75220407,
            44.99616463
          ],
          [
            -120.75252507,
            44.99614363
          ],
          [
            -120.75281107,
            44.99616863
          ],
          [
            -120.75316607,
            44.99626963
          ],
          [
            -120.75341707,
            44.99630063
          ]
        ]
      },
      "properties": {
        "context_class": "local-road",
        "source_object_id": 1702439,
        "name": null,
        "source_dataset_id": "{DFD24F17-7171-47E7-A519-CF2D05A0A2D9}",
        "source_originator": "U.S. Department of Commerce, U.S. Census Bureau, Geography Division",
        "analytical_status": "official-context"
      }
    },
    {
      "type": "Feature",
      "id": "local-road-1829787",
      "geometry": {
        "type": "LineString",
        "coordinates": [
          [
            -120.72246405,
            44.91135862
          ],
          [
            -120.72254505,
            44.91143362
          ],
          [
            -120.72278805,
            44.91166062
          ],
          [
            -120.72287005,
            44.91173662
          ]
        ]
      },
      "properties": {
        "context_class": "local-road",
        "source_object_id": 1829787,
        "name": "College St",
        "source_dataset_id": "{94591221-486A-4818-BDC4-F8ECD9D3F0EE}",
        "source_originator": "U.S. Department of Commerce, U.S. Census Bureau, Geography Division",
        "analytical_status": "official-context"
      }
    },
    {
      "type": "Feature",
      "id": "local-road-1829814",
      "geometry": {
        "type": "LineString",
        "coordinates": [
          [
            -120.75175307,
            45.00351863
          ],
          [
            -120.75167907,
            45.00351763
          ],
          [
            -120.75146007,
            45.00351763
          ],
          [
            -120.75138707,
            45.00351763
          ]
        ]
      },
      "properties": {
        "context_class": "local-road",
        "source_object_id": 1829814,
        "name": "4th St",
        "source_dataset_id": "{94591221-486A-4818-BDC4-F8ECD9D3F0EE}",
        "source_originator": "U.S. Department of Commerce, U.S. Census Bureau, Geography Division",
        "analytical_status": "official-context"
      }
    },
    {
      "type": "Feature",
      "id": "local-road-1829820",
      "geometry": {
        "type": "LineString",
        "coordinates": [
          [
            -120.72161005,
            44.91172062
          ],
          [
            -120.72169905,
            44.91180562
          ],
          [
            -120.72196905,
            44.91206362
          ],
          [
            -120.72205905,
            44.91214962
          ]
        ]
      },
      "properties": {
        "context_class": "local-road",
        "source_object_id": 1829820,
        "name": "East St",
        "source_dataset_id": "{94591221-486A-4818-BDC4-F8ECD9D3F0EE}",
        "source_originator": "U.S. Department of Commerce, U.S. Census Bureau, Geography Division",
        "analytical_status": "official-context"
      }
    },
    {
      "type": "Feature",
      "id": "local-road-1957411",
      "geometry": {
        "type": "LineString",
        "coordinates": [
          [
            -120.80792205,
            44.86263361
          ],
          [
            -120.80792305,
            44.86327661
          ],
          [
            -120.80792905,
            44.86520561
          ],
          [
            -120.80793005,
            44.86537061
          ],
          [
            -120.80792405,
            44.86584861
          ],
          [
            -120.80791305,
            44.86669661
          ],
          [
            -120.80791305,
            44.86699461
          ],
          [
            -120.80791605,
            44.86792961
          ],
          [
            -120.80790805,
            44.86844761
          ],
          [
            -120.80789605,
            44.86865161
          ],
          [
            -120.80790005,
            44.86881761
          ],
          [
            -120.80792005,
            44.86894361
          ],
          [
            -120.80797405,
            44.86906861
          ],
          [
            -120.80812705,
            44.86930661
          ],
          [
            -120.80854605,
            44.87001961
          ],
          [
            -120.80867605,
            44.87022361
          ],
          [
            -120.80919105,
            44.87103561
          ],
          [
            -120.80929505,
            44.87118961
          ]
        ]
      },
      "properties": {
        "context_class": "local-road",
        "source_object_id": 1957411,
        "name": "Tub Springs Rd",
        "source_dataset_id": "{94591221-486A-4818-BDC4-F8ECD9D3F0EE}",
        "source_originator": "U.S. Department of Commerce, U.S. Census Bureau, Geography Division",
        "analytical_status": "official-context"
      }
    },
    {
      "type": "Feature",
      "id": "local-road-1957435",
      "geometry": {
        "type": "LineString",
        "coordinates": [
          [
            -120.72127705,
            44.91140162
          ],
          [
            -120.72134305,
            44.91146462
          ],
          [
            -120.72154305,
            44.91165662
          ],
          [
            -120.72161005,
            44.91172062
          ]
        ]
      },
      "properties": {
        "context_class": "local-road",
        "source_object_id": 1957435,
        "name": "East St",
        "source_dataset_id": "{94591221-486A-4818-BDC4-F8ECD9D3F0EE}",
        "source_originator": "U.S. Department of Commerce, U.S. Census Bureau, Geography Division",
        "analytical_status": "official-context"
      }
    },
    {
      "type": "Feature",
      "id": "local-road-2016854",
      "geometry": {
        "type": "LineString",
        "coordinates": [
          [
            -120.75372207,
            45.00350963
          ],
          [
            -120.75254807,
            45.00351963
          ]
        ]
      },
      "properties": {
        "context_class": "local-road",
        "source_object_id": 2016854,
        "name": "4th St",
        "source_dataset_id": "{83127C30-1393-4558-8547-2C9D056664F0}",
        "source_originator": "U.S. Department of Commerce, U.S. Census Bureau, Geography Division",
        "analytical_status": "official-context"
      }
    },
    {
      "type": "Feature",
      "id": "local-road-2338724",
      "geometry": {
        "type": "LineString",
        "coordinates": [
          [
            -120.78583408,
            45.00523762
          ],
          [
            -120.78704908,
            45.00661562
          ],
          [
            -120.78715008,
            45.00673062
          ],
          [
            -120.78875808,
            45.00852662
          ],
          [
            -120.78910108,
            45.00891462
          ],
          [
            -120.78964208,
            45.00950862
          ],
          [
            -120.78987408,
            45.00973762
          ],
          [
            -120.78999908,
            45.00984762
          ],
          [
            -120.79023708,
            45.01003862
          ],
          [
            -120.79036208,
            45.01012962
          ],
          [
            -120.79051308,
            45.01022662
          ],
          [
            -120.79067108,
            45.01031862
          ],
          [
            -120.79094808,
            45.01047062
          ],
          [
            -120.79122108,
            45.01062062
          ],
          [
            -120.79145208,
            45.01074162
          ],
          [
            -120.79168508,
            45.01085762
          ],
          [
            -120.79216008,
            45.01108462
          ],
          [
            -120.79259708,
            45.01128162
          ]
        ]
      },
      "properties": {
        "context_class": "local-road",
        "source_object_id": 2338724,
        "name": "Bakeoven Rd",
        "source_dataset_id": "{94591221-486A-4818-BDC4-F8ECD9D3F0EE}",
        "source_originator": "U.S. Department of Commerce, U.S. Census Bureau, Geography Division",
        "analytical_status": "official-context"
      }
    },
    {
      "type": "Feature",
      "id": "local-road-2593129",
      "geometry": {
        "type": "LineString",
        "coordinates": [
          [
            -120.74270704,
            44.88307462
          ],
          [
            -120.74260604,
            44.88466262
          ],
          [
            -120.74238004,
            44.88498662
          ],
          [
            -120.74228304,
            44.88540062
          ],
          [
            -120.74205704,
            44.88549362
          ],
          [
            -120.74187604,
            44.88551262
          ],
          [
            -120.74115504,
            44.88559062
          ],
          [
            -120.74009104,
            44.88612362
          ],
          [
            -120.73889804,
            44.88633562
          ],
          [
            -120.73857604,
            44.88661262
          ],
          [
            -120.73835004,
            44.88665962
          ],
          [
            -120.73819004,
            44.88682062
          ],
          [
            -120.73744604,
            44.88714562
          ],
          [
            -120.73609304,
            44.88793162
          ],
          [
            -120.73502804,
            44.88890162
          ],
          [
            -120.73473304,
            44.88952162
          ],
          [
            -120.73421904,
            44.89060662
          ],
          [
            -120.73373504,
            44.89104462
          ],
          [
            -120.73328304,
            44.89191962
          ]
        ]
      },
      "properties": {
        "context_class": "local-road",
        "source_object_id": 2593129,
        "name": null,
        "source_dataset_id": "{94591221-486A-4818-BDC4-F8ECD9D3F0EE}",
        "source_originator": "U.S. Department of Commerce, U.S. Census Bureau, Geography Division",
        "analytical_status": "official-context"
      }
    },
    {
      "type": "Feature",
      "id": "local-road-2907248",
      "geometry": {
        "type": "LineString",
        "coordinates": [
          [
            -120.72536205,
            44.91167062
          ],
          [
            -120.72588891,
            44.91216608
          ],
          [
            -120.72606,
            44.91233717
          ],
          [
            -120.72609706,
            44.91239134
          ],
          [
            -120.72608851,
            44.91245122
          ],
          [
            -120.72598301,
            44.91252251
          ],
          [
            -120.72535347,
            44.91283038
          ]
        ]
      },
      "properties": {
        "context_class": "local-road",
        "source_object_id": 2907248,
        "name": "Willard St",
        "source_dataset_id": "{83127C30-1393-4558-8547-2C9D056664F0}",
        "source_originator": "U.S. Department of Commerce, U.S. Census Bureau, Geography Division",
        "analytical_status": "official-context"
      }
    },
    {
      "type": "Feature",
      "id": "local-road-3102308",
      "geometry": {
        "type": "LineString",
        "coordinates": [
          [
            -120.75138707,
            45.00351763
          ],
          [
            -120.75138807,
            45.00373463
          ],
          [
            -120.75139107,
            45.00438663
          ],
          [
            -120.75139207,
            45.00460463
          ]
        ]
      },
      "properties": {
        "context_class": "local-road",
        "source_object_id": 3102308,
        "name": "F St",
        "source_dataset_id": "{94591221-486A-4818-BDC4-F8ECD9D3F0EE}",
        "source_originator": "U.S. Department of Commerce, U.S. Census Bureau, Geography Division",
        "analytical_status": "official-context"
      }
    },
    {
      "type": "Feature",
      "id": "local-road-3993570",
      "geometry": {
        "type": "LineString",
        "coordinates": [
          [
            -120.72455405,
            44.91087162
          ],
          [
            -120.72438805,
            44.91095362
          ],
          [
            -120.72389005,
            44.91120062
          ],
          [
            -120.72372505,
            44.91128362
          ]
        ]
      },
      "properties": {
        "context_class": "local-road",
        "source_object_id": 3993570,
        "name": "Mc Greer St",
        "source_dataset_id": "{94591221-486A-4818-BDC4-F8ECD9D3F0EE}",
        "source_originator": "U.S. Department of Commerce, U.S. Census Bureau, Geography Division",
        "analytical_status": "official-context"
      }
    },
    {
      "type": "Feature",
      "id": "local-road-3993588",
      "geometry": {
        "type": "LineString",
        "coordinates": [
          [
            -120.73328304,
            44.89191962
          ],
          [
            -120.73344704,
            44.89201062
          ],
          [
            -120.73388104,
            44.89231462
          ],
          [
            -120.73405804,
            44.89246962
          ],
          [
            -120.73423004,
            44.89266862
          ],
          [
            -120.73449604,
            44.89302862
          ],
          [
            -120.73460704,
            44.89315762
          ],
          [
            -120.73481004,
            44.89335762
          ],
          [
            -120.73511804,
            44.89360262
          ],
          [
            -120.73523304,
            44.89367362
          ],
          [
            -120.73548204,
            44.89379962
          ],
          [
            -120.73583504,
            44.89395062
          ],
          [
            -120.73607204,
            44.89402462
          ],
          [
            -120.73644604,
            44.89410362
          ],
          [
            -120.73706604,
            44.89426962
          ],
          [
            -120.73752505,
            44.89438162
          ],
          [
            -120.73813105,
            44.89449762
          ],
          [
            -120.73875205,
            44.89462762
          ],
          [
            -120.73989605,
            44.89490362
          ],
          [
            -120.74029605,
            44.89501262
          ],
          [
            -120.74056005,
            44.89509762
          ],
          [
            -120.74058305,
            44.89510962
          ],
          [
            -120.74084205,
            44.89521662
          ],
          [
            -120.74107205,
            44.89534662
          ],
          [
            -120.74117405,
            44.89541762
          ],
          [
            -120.74127105,
            44.89549762
          ]
        ]
      },
      "properties": {
        "context_class": "local-road",
        "source_object_id": 3993588,
        "name": "Tub Springs Rd",
        "source_dataset_id": "{94591221-486A-4818-BDC4-F8ECD9D3F0EE}",
        "source_originator": "U.S. Department of Commerce, U.S. Census Bureau, Geography Division",
        "analytical_status": "official-context"
      }
    },
    {
      "type": "Feature",
      "id": "local-road-3993597",
      "geometry": {
        "type": "LineString",
        "coordinates": [
          [
            -120.72204805,
            44.91097062
          ],
          [
            -120.72189305,
            44.91105662
          ],
          [
            -120.72143105,
            44.91131462
          ],
          [
            -120.72127705,
            44.91140162
          ]
        ]
      },
      "properties": {
        "context_class": "local-road",
        "source_object_id": 3993597,
        "name": "Union St",
        "source_dataset_id": "{94591221-486A-4818-BDC4-F8ECD9D3F0EE}",
        "source_originator": "U.S. Department of Commerce, U.S. Census Bureau, Geography Division",
        "analytical_status": "official-context"
      }
    },
    {
      "type": "Feature",
      "id": "local-road-4120763",
      "geometry": {
        "type": "LineString",
        "coordinates": [
          [
            -120.72216905,
            44.90852062
          ],
          [
            -120.72214705,
            44.90853262
          ],
          [
            -120.72208405,
            44.90857162
          ],
          [
            -120.72206305,
            44.90858462
          ]
        ]
      },
      "properties": {
        "context_class": "local-road",
        "source_object_id": 4120763,
        "name": "Maupin St",
        "source_dataset_id": "{94591221-486A-4818-BDC4-F8ECD9D3F0EE}",
        "source_originator": "U.S. Department of Commerce, U.S. Census Bureau, Geography Division",
        "analytical_status": "official-context"
      }
    },
    {
      "type": "Feature",
      "id": "local-road-4503301",
      "geometry": {
        "type": "LineString",
        "coordinates": [
          [
            -120.75139207,
            45.00460463
          ],
          [
            -120.75148107,
            45.00460463
          ],
          [
            -120.75175107,
            45.00460663
          ],
          [
            -120.75184107,
            45.00460763
          ]
        ]
      },
      "properties": {
        "context_class": "local-road",
        "source_object_id": 4503301,
        "name": "F St",
        "source_dataset_id": "{94591221-486A-4818-BDC4-F8ECD9D3F0EE}",
        "source_originator": "U.S. Department of Commerce, U.S. Census Bureau, Geography Division",
        "analytical_status": "official-context"
      }
    },
    {
      "type": "Feature",
      "id": "local-road-4630786",
      "geometry": {
        "type": "LineString",
        "coordinates": [
          [
            -120.75364893,
            45.00032157
          ],
          [
            -120.75372307,
            45.00244763
          ]
        ]
      },
      "properties": {
        "context_class": "local-road",
        "source_object_id": 4630786,
        "name": "D St",
        "source_dataset_id": "{DFD24F17-7171-47E7-A519-CF2D05A0A2D9}",
        "source_originator": "U.S. Department of Commerce, U.S. Census Bureau, Geography Division",
        "analytical_status": "official-context"
      }
    },
    {
      "type": "Feature",
      "id": "local-road-4690618",
      "geometry": {
        "type": "LineString",
        "coordinates": [
          [
            -120.75372307,
            45.00244763
          ],
          [
            -120.75372507,
            45.00309778
          ]
        ]
      },
      "properties": {
        "context_class": "local-road",
        "source_object_id": 4690618,
        "name": "D St",
        "source_dataset_id": "{83127C30-1393-4558-8547-2C9D056664F0}",
        "source_originator": "U.S. Department of Commerce, U.S. Census Bureau, Geography Division",
        "analytical_status": "official-context"
      }
    },
    {
      "type": "Feature",
      "id": "local-road-4758702",
      "geometry": {
        "type": "LineString",
        "coordinates": [
          [
            -120.75253307,
            45.00149663
          ],
          [
            -120.75250407,
            45.00149463
          ],
          [
            -120.75241907,
            45.00149163
          ],
          [
            -120.75239107,
            45.00149063
          ]
        ]
      },
      "properties": {
        "context_class": "local-road",
        "source_object_id": 4758702,
        "name": "2nd St",
        "source_dataset_id": "{94591221-486A-4818-BDC4-F8ECD9D3F0EE}",
        "source_originator": "U.S. Department of Commerce, U.S. Census Bureau, Geography Division",
        "analytical_status": "official-context"
      }
    },
    {
      "type": "Feature",
      "id": "local-road-5202729",
      "geometry": {
        "type": "LineString",
        "coordinates": [
          [
            -120.72216905,
            44.90852062
          ],
          [
            -120.72218433,
            44.90834403
          ],
          [
            -120.72238005,
            44.90808662
          ],
          [
            -120.72279702,
            44.90778101
          ],
          [
            -120.72313201,
            44.90750479
          ]
        ]
      },
      "properties": {
        "context_class": "local-road",
        "source_object_id": 5202729,
        "name": null,
        "source_dataset_id": "{83127C30-1393-4558-8547-2C9D056664F0}",
        "source_originator": "U.S. Department of Commerce, U.S. Census Bureau, Geography Division",
        "analytical_status": "official-context"
      }
    },
    {
      "type": "Feature",
      "id": "local-road-5397879",
      "geometry": {
        "type": "LineString",
        "coordinates": [
          [
            -120.74127105,
            44.89549762
          ],
          [
            -120.74146305,
            44.89565662
          ],
          [
            -120.74163905,
            44.89583662
          ],
          [
            -120.74177705,
            44.89602962
          ],
          [
            -120.74181005,
            44.89607562
          ],
          [
            -120.74193205,
            44.89629062
          ],
          [
            -120.74203705,
            44.89650562
          ],
          [
            -120.74242105,
            44.89737662
          ],
          [
            -120.74259505,
            44.89791362
          ],
          [
            -120.74262905,
            44.89806562
          ],
          [
            -120.74268505,
            44.89831262
          ],
          [
            -120.74276305,
            44.89873862
          ],
          [
            -120.74276905,
            44.89879162
          ],
          [
            -120.74279505,
            44.89903062
          ],
          [
            -120.74281605,
            44.89922162
          ],
          [
            -120.74281805,
            44.89939962
          ],
          [
            -120.74271805,
            44.89964462
          ],
          [
            -120.74267505,
            44.89972362
          ],
          [
            -120.74256205,
            44.89993762
          ]
        ]
      },
      "properties": {
        "context_class": "local-road",
        "source_object_id": 5397879,
        "name": "Tub Springs Rd",
        "source_dataset_id": "{94591221-486A-4818-BDC4-F8ECD9D3F0EE}",
        "source_originator": "U.S. Department of Commerce, U.S. Census Bureau, Geography Division",
        "analytical_status": "official-context"
      }
    },
    {
      "type": "Feature",
      "id": "local-road-5525441",
      "geometry": {
        "type": "LineString",
        "coordinates": [
          [
            -120.75137207,
            45.00310663
          ],
          [
            -120.75137507,
            45.00318863
          ],
          [
            -120.75138407,
            45.00343463
          ],
          [
            -120.75138707,
            45.00351763
          ]
        ]
      },
      "properties": {
        "context_class": "local-road",
        "source_object_id": 5525441,
        "name": null,
        "source_dataset_id": "{94591221-486A-4818-BDC4-F8ECD9D3F0EE}",
        "source_originator": "U.S. Department of Commerce, U.S. Census Bureau, Geography Division",
        "analytical_status": "official-context"
      }
    },
    {
      "type": "Feature",
      "id": "local-road-6164374",
      "geometry": {
        "type": "LineString",
        "coordinates": [
          [
            -120.99760612,
            45.04251261
          ],
          [
            -120.99793212,
            45.0423056
          ],
          [
            -120.99846012,
            45.04220261
          ],
          [
            -120.99913412,
            45.04207161
          ],
          [
            -120.99939612,
            45.04223061
          ],
          [
            -120.99936912,
            45.04259461
          ],
          [
            -120.99883612,
            45.04390461
          ],
          [
            -120.99871412,
            45.04420761
          ],
          [
            -120.99817112,
            45.04445761
          ]
        ]
      },
      "properties": {
        "context_class": "local-road",
        "source_object_id": 6164374,
        "name": null,
        "source_dataset_id": "{94591221-486A-4818-BDC4-F8ECD9D3F0EE}",
        "source_originator": "U.S. Department of Commerce, U.S. Census Bureau, Geography Division",
        "analytical_status": "official-context"
      }
    },
    {
      "type": "Feature",
      "id": "local-road-6802549",
      "geometry": {
        "type": "LineString",
        "coordinates": [
          [
            -120.75372307,
            45.00244763
          ],
          [
            -120.75425807,
            45.00242863
          ],
          [
            -120.75452407,
            45.00243663
          ]
        ]
      },
      "properties": {
        "context_class": "local-road",
        "source_object_id": 6802549,
        "name": "3rd St",
        "source_dataset_id": "{94591221-486A-4818-BDC4-F8ECD9D3F0EE}",
        "source_originator": "U.S. Department of Commerce, U.S. Census Bureau, Geography Division",
        "analytical_status": "official-context"
      }
    },
    {
      "type": "Feature",
      "id": "local-road-7372277",
      "geometry": {
        "type": "LineString",
        "coordinates": [
          [
            -120.96512909,
            44.9107126
          ],
          [
            -120.96492209,
            44.9108356
          ],
          [
            -120.96327808,
            44.9116926
          ],
          [
            -120.96287709,
            44.9119026
          ],
          [
            -120.95770708,
            44.9145986
          ],
          [
            -120.95585108,
            44.9155676
          ],
          [
            -120.95459808,
            44.9162216
          ],
          [
            -120.95339408,
            44.9168676
          ],
          [
            -120.95308708,
            44.9170326
          ],
          [
            -120.95236408,
            44.9173886
          ],
          [
            -120.95194909,
            44.9175926
          ],
          [
            -120.95013608,
            44.9185696
          ],
          [
            -120.94962308,
            44.9188456
          ],
          [
            -120.94941508,
            44.9189536
          ],
          [
            -120.94612708,
            44.9206646
          ]
        ]
      },
      "properties": {
        "context_class": "local-road",
        "source_object_id": 7372277,
        "name": "S Junction Rd",
        "source_dataset_id": "{83127C30-1393-4558-8547-2C9D056664F0}",
        "source_originator": "U.S. Department of Commerce, U.S. Census Bureau, Geography Division",
        "analytical_status": "official-context"
      }
    },
    {
      "type": "Feature",
      "id": "local-road-7696131",
      "geometry": {
        "type": "LineString",
        "coordinates": [
          [
            -120.98475109,
            44.9392846
          ],
          [
            -120.98154709,
            44.9392586
          ],
          [
            -120.97193509,
            44.9391806
          ],
          [
            -120.96873109,
            44.9391546
          ],
          [
            -120.96852709,
            44.9391526
          ],
          [
            -120.96791509,
            44.9391466
          ],
          [
            -120.96771109,
            44.9391456
          ]
        ]
      },
      "properties": {
        "context_class": "local-road",
        "source_object_id": 7696131,
        "name": null,
        "source_dataset_id": "{94591221-486A-4818-BDC4-F8ECD9D3F0EE}",
        "source_originator": "U.S. Department of Commerce, U.S. Census Bureau, Geography Division",
        "analytical_status": "official-context"
      }
    },
    {
      "type": "Feature",
      "id": "local-road-7882937",
      "geometry": {
        "type": "LineString",
        "coordinates": [
          [
            -120.73399405,
            44.91749162
          ],
          [
            -120.73578379,
            44.9165544
          ]
        ]
      },
      "properties": {
        "context_class": "local-road",
        "source_object_id": 7882937,
        "name": null,
        "source_dataset_id": "{83127C30-1393-4558-8547-2C9D056664F0}",
        "source_originator": "U.S. Department of Commerce, U.S. Census Bureau, Geography Division",
        "analytical_status": "official-context"
      }
    },
    {
      "type": "Feature",
      "id": "local-road-7951273",
      "geometry": {
        "type": "LineString",
        "coordinates": [
          [
            -120.75254207,
            45.00247863
          ],
          [
            -120.75254307,
            45.00268663
          ],
          [
            -120.75254607,
            45.00331063
          ],
          [
            -120.75254807,
            45.00351963
          ]
        ]
      },
      "properties": {
        "context_class": "local-road",
        "source_object_id": 7951273,
        "name": "E St",
        "source_dataset_id": "{94591221-486A-4818-BDC4-F8ECD9D3F0EE}",
        "source_originator": "U.S. Department of Commerce, U.S. Census Bureau, Geography Division",
        "analytical_status": "official-context"
      }
    },
    {
      "type": "Feature",
      "id": "local-road-8078614",
      "geometry": {
        "type": "LineString",
        "coordinates": [
          [
            -120.75253307,
            45.00149663
          ],
          [
            -120.75253407,
            45.00169263
          ],
          [
            -120.75254007,
            45.00228163
          ],
          [
            -120.75254207,
            45.00247863
          ]
        ]
      },
      "properties": {
        "context_class": "local-road",
        "source_object_id": 8078614,
        "name": "E St",
        "source_dataset_id": "{94591221-486A-4818-BDC4-F8ECD9D3F0EE}",
        "source_originator": "U.S. Department of Commerce, U.S. Census Bureau, Geography Division",
        "analytical_status": "official-context"
      }
    },
    {
      "type": "Feature",
      "id": "local-road-8078644",
      "geometry": {
        "type": "LineString",
        "coordinates": [
          [
            -120.72978305,
            44.91695862
          ],
          [
            -120.72867905,
            44.91769762
          ],
          [
            -120.72804705,
            44.91812262
          ],
          [
            -120.72697805,
            44.91980662
          ],
          [
            -120.72694405,
            44.92012262
          ],
          [
            -120.72650005,
            44.92054162
          ],
          [
            -120.72622105,
            44.92065062
          ],
          [
            -120.72498605,
            44.92113762
          ]
        ]
      },
      "properties": {
        "context_class": "local-road",
        "source_object_id": 8078644,
        "name": null,
        "source_dataset_id": "{94591221-486A-4818-BDC4-F8ECD9D3F0EE}",
        "source_originator": "U.S. Department of Commerce, U.S. Census Bureau, Geography Division",
        "analytical_status": "official-context"
      }
    },
    {
      "type": "Feature",
      "id": "local-road-8776482",
      "geometry": {
        "type": "LineString",
        "coordinates": [
          [
            -120.72019405,
            44.90862662
          ],
          [
            -120.72027005,
            44.90858062
          ],
          [
            -120.72037505,
            44.90851862
          ],
          [
            -120.72049105,
            44.90842962
          ],
          [
            -120.72056204,
            44.90837662
          ]
        ]
      },
      "properties": {
        "context_class": "local-road",
        "source_object_id": 8776482,
        "name": null,
        "source_dataset_id": "{83127C30-1393-4558-8547-2C9D056664F0}",
        "source_originator": "U.S. Department of Commerce, U.S. Census Bureau, Geography Division",
        "analytical_status": "official-context"
      }
    },
    {
      "type": "Feature",
      "id": "local-road-9993209",
      "geometry": {
        "type": "LineString",
        "coordinates": [
          [
            -120.75013805,
            44.88752862
          ],
          [
            -120.74894005,
            44.88872362
          ],
          [
            -120.74884905,
            44.88903962
          ],
          [
            -120.74893005,
            44.88947962
          ],
          [
            -120.74902505,
            44.88998862
          ],
          [
            -120.74900505,
            44.89071062
          ],
          [
            -120.74881705,
            44.89100362
          ],
          [
            -120.74777605,
            44.89174462
          ],
          [
            -120.74745705,
            44.89197162
          ],
          [
            -120.74523905,
            44.89336562
          ],
          [
            -120.74460505,
            44.89361162
          ],
          [
            -120.74387305,
            44.89381162
          ],
          [
            -120.74379605,
            44.89386362
          ],
          [
            -120.74276505,
            44.89457662
          ],
          [
            -120.74194005,
            44.89484262
          ],
          [
            -120.74166405,
            44.89505562
          ],
          [
            -120.74156605,
            44.89512462
          ],
          [
            -120.74152505,
            44.89515462
          ],
          [
            -120.74134205,
            44.89540062
          ],
          [
            -120.74127105,
            44.89549762
          ]
        ]
      },
      "properties": {
        "context_class": "local-road",
        "source_object_id": 9993209,
        "name": null,
        "source_dataset_id": "{94591221-486A-4818-BDC4-F8ECD9D3F0EE}",
        "source_originator": "U.S. Department of Commerce, U.S. Census Bureau, Geography Division",
        "analytical_status": "official-context"
      }
    },
    {
      "type": "Feature",
      "id": "local-road-10248639",
      "geometry": {
        "type": "LineString",
        "coordinates": [
          [
            -120.75621107,
            45.00568063
          ],
          [
            -120.75595607,
            45.00568563
          ],
          [
            -120.75557307,
            45.00569563
          ],
          [
            -120.75533807,
            45.00568763
          ],
          [
            -120.75519307,
            45.00568163
          ],
          [
            -120.75493907,
            45.00567363
          ]
        ]
      },
      "properties": {
        "context_class": "local-road",
        "source_object_id": 10248639,
        "name": "6th St",
        "source_dataset_id": "{94591221-486A-4818-BDC4-F8ECD9D3F0EE}",
        "source_originator": "U.S. Department of Commerce, U.S. Census Bureau, Geography Division",
        "analytical_status": "official-context"
      }
    },
    {
      "type": "Feature",
      "id": "local-road-10376323",
      "geometry": {
        "type": "LineString",
        "coordinates": [
          [
            -120.72216905,
            44.90852062
          ],
          [
            -120.72247405,
            44.90883362
          ],
          [
            -120.72276605,
            44.90913362
          ],
          [
            -120.72340305,
            44.90976462
          ],
          [
            -120.72371505,
            44.91007362
          ]
        ]
      },
      "properties": {
        "context_class": "local-road",
        "source_object_id": 10376323,
        "name": "Willard St",
        "source_dataset_id": "{94591221-486A-4818-BDC4-F8ECD9D3F0EE}",
        "source_originator": "U.S. Department of Commerce, U.S. Census Bureau, Geography Division",
        "analytical_status": "official-context"
      }
    },
    {
      "type": "Feature",
      "id": "local-road-10504235",
      "geometry": {
        "type": "LineString",
        "coordinates": [
          [
            -120.81414505,
            44.86256461
          ],
          [
            -120.81290005,
            44.86257761
          ],
          [
            -120.80916605,
            44.86261861
          ],
          [
            -120.80792205,
            44.86263361
          ]
        ]
      },
      "properties": {
        "context_class": "local-road",
        "source_object_id": 10504235,
        "name": null,
        "source_dataset_id": "{94591221-486A-4818-BDC4-F8ECD9D3F0EE}",
        "source_originator": "U.S. Department of Commerce, U.S. Census Bureau, Geography Division",
        "analytical_status": "official-context"
      }
    },
    {
      "type": "Feature",
      "id": "local-road-11269825",
      "geometry": {
        "type": "LineString",
        "coordinates": [
          [
            -120.72417805,
            44.91051462
          ],
          [
            -120.72425305,
            44.91058562
          ],
          [
            -120.72447805,
            44.91079962
          ],
          [
            -120.72455405,
            44.91087162
          ]
        ]
      },
      "properties": {
        "context_class": "local-road",
        "source_object_id": 11269825,
        "name": "Willard St",
        "source_dataset_id": "{94591221-486A-4818-BDC4-F8ECD9D3F0EE}",
        "source_originator": "U.S. Department of Commerce, U.S. Census Bureau, Geography Division",
        "analytical_status": "official-context"
      }
    },
    {
      "type": "Feature",
      "id": "local-road-12292700",
      "geometry": {
        "type": "LineString",
        "coordinates": [
          [
            -120.72019405,
            44.90862662
          ],
          [
            -120.72006605,
            44.90870362
          ],
          [
            -120.71985205,
            44.90883162
          ]
        ]
      },
      "properties": {
        "context_class": "local-road",
        "source_object_id": 12292700,
        "name": "South St",
        "source_dataset_id": "{94591221-486A-4818-BDC4-F8ECD9D3F0EE}",
        "source_originator": "U.S. Department of Commerce, U.S. Census Bureau, Geography Division",
        "analytical_status": "official-context"
      }
    },
    {
      "type": "Feature",
      "id": "local-road-12676055",
      "geometry": {
        "type": "LineString",
        "coordinates": [
          [
            -120.72287005,
            44.91173662
          ],
          [
            -120.72270705,
            44.91181862
          ],
          [
            -120.72222105,
            44.91206662
          ],
          [
            -120.72205905,
            44.91214962
          ]
        ]
      },
      "properties": {
        "context_class": "local-road",
        "source_object_id": 12676055,
        "name": "Mc Greer St",
        "source_dataset_id": "{94591221-486A-4818-BDC4-F8ECD9D3F0EE}",
        "source_originator": "U.S. Department of Commerce, U.S. Census Bureau, Geography Division",
        "analytical_status": "official-context"
      }
    },
    {
      "type": "Feature",
      "id": "local-road-13186376",
      "geometry": {
        "type": "LineString",
        "coordinates": [
          [
            -120.72371505,
            44.91007362
          ],
          [
            -120.72355305,
            44.91015762
          ],
          [
            -120.72306905,
            44.91041062
          ],
          [
            -120.72290805,
            44.91049562
          ]
        ]
      },
      "properties": {
        "context_class": "local-road",
        "source_object_id": 13186376,
        "name": "Union St",
        "source_dataset_id": "{94591221-486A-4818-BDC4-F8ECD9D3F0EE}",
        "source_originator": "U.S. Department of Commerce, U.S. Census Bureau, Geography Division",
        "analytical_status": "official-context"
      }
    },
    {
      "type": "Feature",
      "id": "local-road-13314535",
      "geometry": {
        "type": "LineString",
        "coordinates": [
          [
            -120.99583411,
            45.0034916
          ],
          [
            -120.99650911,
            45.0034686
          ],
          [
            -120.99650811,
            45.0040626
          ],
          [
            -120.99632711,
            45.0045146
          ],
          [
            -120.99619711,
            45.0049036
          ],
          [
            -120.99612411,
            45.0051256
          ],
          [
            -120.99569811,
            45.0055926
          ],
          [
            -120.99529711,
            45.0058656
          ],
          [
            -120.99507711,
            45.0061066
          ],
          [
            -120.99495411,
            45.0066476
          ],
          [
            -120.99617411,
            45.0075376
          ],
          [
            -120.99662511,
            45.0079496
          ],
          [
            -120.99694411,
            45.0091376
          ],
          [
            -120.99736111,
            45.0095956
          ],
          [
            -120.99761811,
            45.0097476
          ],
          [
            -120.99832611,
            45.0101666
          ],
          [
            -120.99919311,
            45.0111946
          ]
        ]
      },
      "properties": {
        "context_class": "local-road",
        "source_object_id": 13314535,
        "name": null,
        "source_dataset_id": "{94591221-486A-4818-BDC4-F8ECD9D3F0EE}",
        "source_originator": "U.S. Department of Commerce, U.S. Census Bureau, Geography Division",
        "analytical_status": "official-context"
      }
    },
    {
      "type": "Feature",
      "id": "local-road-14335567",
      "geometry": {
        "type": "LineString",
        "coordinates": [
          [
            -120.75252707,
            45.00461163
          ],
          [
            -120.75252307,
            45.00469863
          ],
          [
            -120.75252207,
            45.00473663
          ],
          [
            -120.75256007,
            45.00495963
          ],
          [
            -120.75257507,
            45.00504663
          ]
        ]
      },
      "properties": {
        "context_class": "local-road",
        "source_object_id": 14335567,
        "name": "E St",
        "source_dataset_id": "{94591221-486A-4818-BDC4-F8ECD9D3F0EE}",
        "source_originator": "U.S. Department of Commerce, U.S. Census Bureau, Geography Division",
        "analytical_status": "official-context"
      }
    },
    {
      "type": "Feature",
      "id": "local-road-14335596",
      "geometry": {
        "type": "LineString",
        "coordinates": [
          [
            -120.9853121,
            44.9703986
          ],
          [
            -120.9844081,
            44.9705806
          ],
          [
            -120.9825351,
            44.9712176
          ],
          [
            -120.9824071,
            44.9712796
          ],
          [
            -120.9815011,
            44.9717186
          ],
          [
            -120.9801771,
            44.9718536
          ],
          [
            -120.9795391,
            44.9720106
          ],
          [
            -120.9784321,
            44.9722856
          ],
          [
            -120.9777531,
            44.9726056
          ],
          [
            -120.9763321,
            44.9725576
          ],
          [
            -120.9752671,
            44.9726016
          ],
          [
            -120.9719721,
            44.9730776
          ],
          [
            -120.9710031,
            44.9736696
          ],
          [
            -120.9691851,
            44.9741476
          ],
          [
            -120.9688391,
            44.9742386
          ],
          [
            -120.9675801,
            44.9746466
          ],
          [
            -120.9663441,
            44.9761766
          ],
          [
            -120.9662521,
            44.9762906
          ],
          [
            -120.9658271,
            44.9776116
          ],
          [
            -120.9651781,
            44.9787986
          ],
          [
            -120.9649791,
            44.9796286
          ],
          [
            -120.9647861,
            44.9804406
          ],
          [
            -120.9645591,
            44.9806696
          ],
          [
            -120.9638481,
            44.9812376
          ],
          [
            -120.9629741,
            44.9816256
          ],
          [
            -120.9625541,
            44.98224161
          ],
          [
            -120.9627101,
            44.9831986
          ],
          [
            -120.9632241,
            44.9835636
          ],
          [
            -120.9638681,
            44.98374361
          ],
          [
            -120.9643231,
            44.98387061
          ],
          [
            -120.9656901,
            44.9842546
          ],
          [
            -120.9661461,
            44.9843826
          ]
        ]
      },
      "properties": {
        "context_class": "local-road",
        "source_object_id": 14335596,
        "name": null,
        "source_dataset_id": "{94591221-486A-4818-BDC4-F8ECD9D3F0EE}",
        "source_originator": "U.S. Department of Commerce, U.S. Census Bureau, Geography Division",
        "analytical_status": "official-context"
      }
    },
    {
      "type": "Feature",
      "id": "local-road-14463334",
      "geometry": {
        "type": "LineString",
        "coordinates": [
          [
            -120.94677908,
            44.9082466
          ],
          [
            -120.94593008,
            44.9088576
          ],
          [
            -120.94510708,
            44.9091286
          ],
          [
            -120.94428908,
            44.9097396
          ],
          [
            -120.94400508,
            44.9098066
          ],
          [
            -120.94140708,
            44.9096336
          ],
          [
            -120.94017208,
            44.9097196
          ],
          [
            -120.93982408,
            44.9098316
          ]
        ]
      },
      "properties": {
        "context_class": "local-road",
        "source_object_id": 14463334,
        "name": null,
        "source_dataset_id": "{94591221-486A-4818-BDC4-F8ECD9D3F0EE}",
        "source_originator": "U.S. Department of Commerce, U.S. Census Bureau, Geography Division",
        "analytical_status": "official-context"
      }
    },
    {
      "type": "Feature",
      "id": "local-road-14590890",
      "geometry": {
        "type": "LineString",
        "coordinates": [
          [
            -120.75254207,
            45.00247863
          ],
          [
            -120.75372307,
            45.00244763
          ]
        ]
      },
      "properties": {
        "context_class": "local-road",
        "source_object_id": 14590890,
        "name": "3rd St",
        "source_dataset_id": "{94591221-486A-4818-BDC4-F8ECD9D3F0EE}",
        "source_originator": "U.S. Department of Commerce, U.S. Census Bureau, Geography Division",
        "analytical_status": "official-context"
      }
    },
    {
      "type": "Feature",
      "id": "local-road-14718660",
      "geometry": {
        "type": "LineString",
        "coordinates": [
          [
            -120.73374406,
            44.97342963
          ],
          [
            -120.73442806,
            44.97344163
          ],
          [
            -120.73538106,
            44.97345863
          ],
          [
            -120.73544706,
            44.97349463
          ],
          [
            -120.73590406,
            44.97374863
          ],
          [
            -120.73594606,
            44.97386063
          ],
          [
            -120.73726506,
            44.97507363
          ],
          [
            -120.73789206,
            44.97543063
          ],
          [
            -120.73984306,
            44.97578463
          ],
          [
            -120.73991106,
            44.97579763
          ],
          [
            -120.74137906,
            44.97589763
          ],
          [
            -120.74155006,
            44.97587263
          ]
        ]
      },
      "properties": {
        "context_class": "local-road",
        "source_object_id": 14718660,
        "name": null,
        "source_dataset_id": "{94591221-486A-4818-BDC4-F8ECD9D3F0EE}",
        "source_originator": "U.S. Department of Commerce, U.S. Census Bureau, Geography Division",
        "analytical_status": "official-context"
      }
    },
    {
      "type": "Feature",
      "id": "local-road-14718672",
      "geometry": {
        "type": "LineString",
        "coordinates": [
          [
            -120.75491407,
            45.00352163
          ],
          [
            -120.75490807,
            45.00341563
          ],
          [
            -120.75495807,
            45.00311963
          ],
          [
            -120.75496807,
            45.00288563
          ],
          [
            -120.75496307,
            45.00272263
          ],
          [
            -120.75494707,
            45.00260463
          ],
          [
            -120.75493007,
            45.00256763
          ],
          [
            -120.75490307,
            45.00253263
          ],
          [
            -120.75483107,
            45.00247063
          ],
          [
            -120.75477707,
            45.00244063
          ],
          [
            -120.75471607,
            45.00241663
          ],
          [
            -120.75464707,
            45.00239763
          ],
          [
            -120.75456407,
            45.00237663
          ]
        ]
      },
      "properties": {
        "context_class": "local-road",
        "source_object_id": 14718672,
        "name": "C St",
        "source_dataset_id": "{94591221-486A-4818-BDC4-F8ECD9D3F0EE}",
        "source_originator": "U.S. Department of Commerce, U.S. Census Bureau, Geography Division",
        "analytical_status": "official-context"
      }
    },
    {
      "type": "Feature",
      "id": "local-road-14846158",
      "geometry": {
        "type": "LineString",
        "coordinates": [
          [
            -120.79259708,
            45.01128162
          ],
          [
            -120.79313808,
            45.01097162
          ],
          [
            -120.79324908,
            45.01095162
          ],
          [
            -120.79397908,
            45.01082562
          ],
          [
            -120.79492208,
            45.01089662
          ],
          [
            -120.79539508,
            45.01090462
          ],
          [
            -120.79544308,
            45.01088862
          ],
          [
            -120.79576408,
            45.01078962
          ],
          [
            -120.79602108,
            45.01048162
          ]
        ]
      },
      "properties": {
        "context_class": "local-road",
        "source_object_id": 14846158,
        "name": null,
        "source_dataset_id": "{94591221-486A-4818-BDC4-F8ECD9D3F0EE}",
        "source_originator": "U.S. Department of Commerce, U.S. Census Bureau, Geography Division",
        "analytical_status": "official-context"
      }
    },
    {
      "type": "Feature",
      "id": "local-road-14973663",
      "geometry": {
        "type": "LineString",
        "coordinates": [
          [
            -120.80265705,
            44.87775561
          ],
          [
            -120.80288605,
            44.87793861
          ],
          [
            -120.80292105,
            44.87809861
          ],
          [
            -120.80441805,
            44.87880561
          ],
          [
            -120.80556005,
            44.87967361
          ],
          [
            -120.80564005,
            44.87999661
          ],
          [
            -120.80566305,
            44.88008461
          ],
          [
            -120.80638105,
            44.88065561
          ],
          [
            -120.80756605,
            44.88239161
          ],
          [
            -120.80851305,
            44.88312161
          ],
          [
            -120.80871805,
            44.88389961
          ],
          [
            -120.80917506,
            44.88435561
          ],
          [
            -120.80957106,
            44.88499361
          ],
          [
            -120.80967106,
            44.88524561
          ],
          [
            -120.80997406,
            44.88611361
          ],
          [
            -120.80983706,
            44.88775861
          ],
          [
            -120.80988306,
            44.88871761
          ],
          [
            -120.81005006,
            44.88917361
          ],
          [
            -120.81037806,
            44.88947061
          ],
          [
            -120.81041306,
            44.88963061
          ],
          [
            -120.81056706,
            44.88981461
          ],
          [
            -120.81087206,
            44.89017761
          ],
          [
            -120.81087306,
            44.89246161
          ],
          [
            -120.81027506,
            44.89323861
          ],
          [
            -120.81018106,
            44.89334461
          ],
          [
            -120.81013306,
            44.89339761
          ],
          [
            -120.80998906,
            44.89355861
          ],
          [
            -120.80994206,
            44.89361261
          ],
          [
            -120.80951206,
            44.89408361
          ],
          [
            -120.80874806,
            44.89492361
          ],
          [
            -120.80836206,
            44.89554161
          ],
          [
            -120.80836406,
            44.89558961
          ],
          [
            -120.80839506,
            44.89622661
          ]
        ]
      },
      "properties": {
        "context_class": "local-road",
        "source_object_id": 14973663,
        "name": null,
        "source_dataset_id": "{94591221-486A-4818-BDC4-F8ECD9D3F0EE}",
        "source_originator": "U.S. Department of Commerce, U.S. Census Bureau, Geography Division",
        "analytical_status": "official-context"
      }
    },
    {
      "type": "Feature",
      "id": "local-road-15485078",
      "geometry": {
        "type": "LineString",
        "coordinates": [
          [
            -120.75374207,
            45.00565663
          ],
          [
            -120.75350207,
            45.00565663
          ],
          [
            -120.75278207,
            45.00565863
          ],
          [
            -120.75254307,
            45.00565963
          ]
        ]
      },
      "properties": {
        "context_class": "local-road",
        "source_object_id": 15485078,
        "name": "6th St",
        "source_dataset_id": "{94591221-486A-4818-BDC4-F8ECD9D3F0EE}",
        "source_originator": "U.S. Department of Commerce, U.S. Census Bureau, Geography Division",
        "analytical_status": "official-context"
      }
    },
    {
      "type": "Feature",
      "id": "local-road-15868269",
      "geometry": {
        "type": "LineString",
        "coordinates": [
          [
            -120.72205905,
            44.91214962
          ],
          [
            -120.72219305,
            44.91227862
          ],
          [
            -120.72259505,
            44.91266562
          ],
          [
            -120.72272905,
            44.91279562
          ]
        ]
      },
      "properties": {
        "context_class": "local-road",
        "source_object_id": 15868269,
        "name": "East St",
        "source_dataset_id": "{94591221-486A-4818-BDC4-F8ECD9D3F0EE}",
        "source_originator": "U.S. Department of Commerce, U.S. Census Bureau, Geography Division",
        "analytical_status": "official-context"
      }
    },
    {
      "type": "Feature",
      "id": "local-road-15996037",
      "geometry": {
        "type": "LineString",
        "coordinates": [
          [
            -120.72046205,
            44.90945462
          ],
          [
            -120.72077905,
            44.90975762
          ],
          [
            -120.72173005,
            44.91066662
          ],
          [
            -120.72204805,
            44.91097062
          ]
        ]
      },
      "properties": {
        "context_class": "local-road",
        "source_object_id": 15996037,
        "name": "College St",
        "source_dataset_id": "{94591221-486A-4818-BDC4-F8ECD9D3F0EE}",
        "source_originator": "U.S. Department of Commerce, U.S. Census Bureau, Geography Division",
        "analytical_status": "official-context"
      }
    },
    {
      "type": "Feature",
      "id": "local-road-16056117",
      "geometry": {
        "type": "LineString",
        "coordinates": [
          [
            -121.0102427,
            44.85447004
          ],
          [
            -121.01008508,
            44.85446859
          ],
          [
            -121.00938408,
            44.85453659
          ],
          [
            -121.00849908,
            44.85470559
          ],
          [
            -121.00832908,
            44.85473759
          ],
          [
            -121.00805808,
            44.85483059
          ],
          [
            -121.00776308,
            44.85503259
          ],
          [
            -121.00702708,
            44.85582659
          ],
          [
            -121.00681908,
            44.85610859
          ],
          [
            -121.00620208,
            44.85713159
          ],
          [
            -121.00595808,
            44.85739459
          ],
          [
            -121.00581308,
            44.85749859
          ],
          [
            -121.00518408,
            44.85784859
          ],
          [
            -121.00427508,
            44.85851559
          ],
          [
            -121.00382608,
            44.85878159
          ],
          [
            -121.00294508,
            44.85917459
          ],
          [
            -121.00177308,
            44.85963559
          ],
          [
            -121.00152208,
            44.85984159
          ],
          [
            -121.00127308,
            44.86018659
          ],
          [
            -121.00116308,
            44.86040059
          ],
          [
            -121.00107508,
            44.86069159
          ],
          [
            -121.00106408,
            44.86096259
          ],
          [
            -121.00110308,
            44.86120659
          ],
          [
            -121.00147408,
            44.86220959
          ],
          [
            -121.00157208,
            44.86258759
          ],
          [
            -121.00161708,
            44.86418459
          ],
          [
            -121.00168008,
            44.86499559
          ],
          [
            -121.00159008,
            44.86560159
          ],
          [
            -121.00143808,
            44.86603159
          ],
          [
            -121.00100808,
            44.86691259
          ],
          [
            -121.00073008,
            44.86758359
          ],
          [
            -121.00054908,
            44.86816159
          ],
          [
            -121.00033708,
            44.86907359
          ],
          [
            -121.00024508,
            44.86927759
          ],
          [
            -120.99999308,
            44.86960159
          ],
          [
            -120.99971408,
            44.86986059
          ],
          [
            -120.99814008,
            44.87098659
          ],
          [
            -120.99770108,
            44.87134359
          ],
          [
            -120.99708008,
            44.87200159
          ],
          [
            -120.99636108,
            44.87267959
          ],
          [
            -120.99599608,
            44.87310959
          ],
          [
            -120.99557008,
            44.87386759
          ],
          [
            -120.99477108,
            44.87558259
          ],
          [
            -120.99400308,
            44.8774506
          ],
          [
            -120.99374008,
            44.87789459
          ],
          [
            -120.99357708,
            44.8780356
          ],
          [
            -120.99343608,
            44.87811459
          ],
          [
            -120.99329508,
            44.8781656
          ],
          [
            -120.99161008,
            44.8787736
          ],
          [
            -120.99068708,
            44.8791706
          ],
          [
            -120.99047808,
            44.8792836
          ],
          [
            -120.99017608,
            44.8795156
          ],
          [
            -120.98898808,
            44.8805376
          ],
          [
            -120.98849108,
            44.8809656
          ],
          [
            -120.98811508,
            44.8812196
          ],
          [
            -120.98746008,
            44.8815896
          ],
          [
            -120.98680208,
            44.8820816
          ],
          [
            -120.98634008,
            44.8825296
          ],
          [
            -120.98585908,
            44.8831726
          ],
          [
            -120.98409308,
            44.8855046
          ],
          [
            -120.98398008,
            44.8856946
          ],
          [
            -120.98380308,
            44.8862716
          ],
          [
            -120.98346008,
            44.8878016
          ],
          [
            -120.98303108,
            44.8894376
          ],
          [
            -120.98297808,
            44.8899676
          ],
          [
            -120.98311508,
            44.8905376
          ],
          [
            -120.98326208,
            44.8908626
          ],
          [
            -120.98432309,
            44.8923586
          ],
          [
            -120.98460708,
            44.8928456
          ],
          [
            -120.98461009,
            44.8929326
          ],
          [
            -120.98461108,
            44.8929586
          ],
          [
            -120.98457709,
            44.8930596
          ],
          [
            -120.98452709,
            44.8931296
          ],
          [
            -120.98434809,
            44.8932756
          ],
          [
            -120.98390009,
            44.8935436
          ],
          [
            -120.98139309,
            44.8951816
          ],
          [
            -120.98098309,
            44.8954916
          ],
          [
            -120.98037009,
            44.8965936
          ],
          [
            -120.97884009,
            44.8993506
          ],
          [
            -120.97872608,
            44.8994356
          ],
          [
            -120.97842309,
            44.8995696
          ],
          [
            -120.97745609,
            44.8998986
          ],
          [
            -120.97442609,
            44.9010456
          ],
          [
            -120.97125808,
            44.9021836
          ],
          [
            -120.97048508,
            44.9024976
          ],
          [
            -120.97009308,
            44.9027126
          ],
          [
            -120.96970008,
            44.9030036
          ],
          [
            -120.96793808,
            44.9044336
          ],
          [
            -120.96643708,
            44.9056506
          ],
          [
            -120.96641408,
            44.9056706
          ],
          [
            -120.96557508,
            44.9064136
          ],
          [
            -120.96547508,
            44.9065576
          ],
          [
            -120.96541108,
            44.9067166
          ],
          [
            -120.96541609,
            44.9072236
          ],
          [
            -120.96554009,
            44.9090556
          ],
          [
            -120.96565109,
            44.9100316
          ],
          [
            -120.96564209,
            44.9101746
          ],
          [
            -120.96561009,
            44.9102736
          ],
          [
            -120.96558609,
            44.9103486
          ],
          [
            -120.96543509,
            44.9105306
          ],
          [
            -120.96520147,
            44.91066955
          ]
        ]
      },
      "properties": {
        "context_class": "local-road",
        "source_object_id": 16056117,
        "name": "S Junction Rd",
        "source_dataset_id": "{83127C30-1393-4558-8547-2C9D056664F0}",
        "source_originator": "U.S. Department of Commerce, U.S. Census Bureau, Geography Division",
        "analytical_status": "official-context"
      }
    },
    {
      "type": "Feature",
      "id": "local-road-16438984",
      "geometry": {
        "type": "LineString",
        "coordinates": [
          [
            -120.72536205,
            44.91167062
          ],
          [
            -120.72520405,
            44.91175662
          ],
          [
            -120.72470905,
            44.91199662
          ],
          [
            -120.72454605,
            44.91207762
          ]
        ]
      },
      "properties": {
        "context_class": "local-road",
        "source_object_id": 16438984,
        "name": "North St",
        "source_dataset_id": "{83127C30-1393-4558-8547-2C9D056664F0}",
        "source_originator": "U.S. Department of Commerce, U.S. Census Bureau, Geography Division",
        "analytical_status": "official-context"
      }
    },
    {
      "type": "Feature",
      "id": "local-road-16949350",
      "geometry": {
        "type": "LineString",
        "coordinates": [
          [
            -120.72206305,
            44.90858462
          ],
          [
            -120.72192005,
            44.90867162
          ],
          [
            -120.72149205,
            44.90893162
          ],
          [
            -120.72135005,
            44.90901962
          ]
        ]
      },
      "properties": {
        "context_class": "local-road",
        "source_object_id": 16949350,
        "name": "Maupin St",
        "source_dataset_id": "{83127C30-1393-4558-8547-2C9D056664F0}",
        "source_originator": "U.S. Department of Commerce, U.S. Census Bureau, Geography Division",
        "analytical_status": "official-context"
      }
    },
    {
      "type": "Feature",
      "id": "local-road-17017706",
      "geometry": {
        "type": "LineString",
        "coordinates": [
          [
            -120.75930123,
            44.84811048
          ],
          [
            -120.75973604,
            44.84833362
          ],
          [
            -120.76013304,
            44.84852562
          ],
          [
            -120.76049804,
            44.84874562
          ],
          [
            -120.76077104,
            44.84894862
          ],
          [
            -120.76110504,
            44.84922562
          ],
          [
            -120.76123604,
            44.84935762
          ],
          [
            -120.76152104,
            44.84969462
          ],
          [
            -120.76186904,
            44.85013962
          ],
          [
            -120.76199204,
            44.85032262
          ],
          [
            -120.76208504,
            44.85050762
          ],
          [
            -120.76214604,
            44.85071462
          ],
          [
            -120.76217704,
            44.85092662
          ],
          [
            -120.76219904,
            44.85137762
          ],
          [
            -120.76220704,
            44.85227562
          ],
          [
            -120.76218804,
            44.85321862
          ],
          [
            -120.76217704,
            44.85341662
          ],
          [
            -120.76213604,
            44.85380862
          ],
          [
            -120.76208704,
            44.85390962
          ],
          [
            -120.76204604,
            44.85396362
          ],
          [
            -120.76199604,
            44.85401262
          ],
          [
            -120.76185104,
            44.85410662
          ],
          [
            -120.76160504,
            44.85422362
          ],
          [
            -120.76145504,
            44.85428762
          ],
          [
            -120.76114804,
            44.85440262
          ],
          [
            -120.76084104,
            44.85450562
          ],
          [
            -120.76072504,
            44.85453862
          ],
          [
            -120.76048704,
            44.85459562
          ],
          [
            -120.76030704,
            44.85461962
          ],
          [
            -120.76018504,
            44.85461162
          ],
          [
            -120.76001104,
            44.85458762
          ],
          [
            -120.75982804,
            44.85454862
          ],
          [
            -120.75963304,
            44.85449362
          ],
          [
            -120.75954904,
            44.85448462
          ],
          [
            -120.75933004,
            44.85449662
          ],
          [
            -120.75900804,
            44.85453362
          ],
          [
            -120.75875204,
            44.85454562
          ],
          [
            -120.75849504,
            44.85453862
          ],
          [
            -120.75817604,
            44.85450462
          ],
          [
            -120.75780804,
            44.85444462
          ],
          [
            -120.75724604,
            44.85433762
          ],
          [
            -120.75650404,
            44.85421162
          ],
          [
            -120.75552104,
            44.85402662
          ],
          [
            -120.75512004,
            44.85393062
          ],
          [
            -120.75466604,
            44.85379262
          ],
          [
            -120.75459804,
            44.85377762
          ],
          [
            -120.75449304,
            44.85377162
          ],
          [
            -120.75437504,
            44.85378962
          ],
          [
            -120.75430504,
            44.85381662
          ],
          [
            -120.75427604,
            44.85383462
          ],
          [
            -120.75422704,
            44.85391262
          ],
          [
            -120.75420404,
            44.85398562
          ],
          [
            -120.75420104,
            44.85407762
          ],
          [
            -120.75425304,
            44.85437762
          ],
          [
            -120.75431704,
            44.85460562
          ],
          [
            -120.75436404,
            44.85471862
          ],
          [
            -120.75442904,
            44.85484262
          ],
          [
            -120.75467904,
            44.85527562
          ],
          [
            -120.75477204,
            44.85549362
          ],
          [
            -120.75491604,
            44.85588462
          ],
          [
            -120.75494304,
            44.85597862
          ],
          [
            -120.75494904,
            44.85601362
          ],
          [
            -120.75497304,
            44.85614662
          ],
          [
            -120.75497804,
            44.85629162
          ],
          [
            -120.75496804,
            44.85636662
          ],
          [
            -120.75494704,
            44.85644162
          ],
          [
            -120.75490104,
            44.85650762
          ],
          [
            -120.75486704,
            44.85653462
          ],
          [
            -120.75478704,
            44.85658262
          ],
          [
            -120.75467304,
            44.85662162
          ],
          [
            -120.75461104,
            44.85663362
          ],
          [
            -120.75448404,
            44.85664762
          ],
          [
            -120.75431704,
            44.85664662
          ],
          [
            -120.75414704,
            44.85662062
          ],
          [
            -120.75398404,
            44.85657662
          ],
          [
            -120.75362804,
            44.85642462
          ],
          [
            -120.75356404,
            44.85642162
          ],
          [
            -120.75349804,
            44.85643362
          ],
          [
            -120.75346604,
            44.85645962
          ],
          [
            -120.75344604,
            44.85652062
          ],
          [
            -120.75344904,
            44.85661162
          ],
          [
            -120.75346404,
            44.85664562
          ],
          [
            -120.75354704,
            44.85673962
          ],
          [
            -120.75371504,
            44.85685362
          ],
          [
            -120.75373804,
            44.85688962
          ],
          [
            -120.75373304,
            44.85693562
          ],
          [
            -120.75370504,
            44.85698962
          ],
          [
            -120.75365304,
            44.85703462
          ],
          [
            -120.75362104,
            44.85704962
          ],
          [
            -120.75358304,
            44.85705762
          ],
          [
            -120.75349804,
            44.85706062
          ],
          [
            -120.75344704,
            44.85705462
          ],
          [
            -120.75317704,
            44.85696362
          ],
          [
            -120.75311304,
            44.85694862
          ],
          [
            -120.75298304,
            44.85694162
          ],
          [
            -120.75286004,
            44.85696562
          ],
          [
            -120.75268304,
            44.85701362
          ],
          [
            -120.75233104,
            44.85705162
          ],
          [
            -120.75209104,
            44.85708862
          ],
          [
            -120.75193304,
            44.85710462
          ],
          [
            -120.75160104,
            44.85711662
          ],
          [
            -120.75123204,
            44.85708962
          ],
          [
            -120.75103404,
            44.85708562
          ],
          [
            -120.75080304,
            44.85710262
          ],
          [
            -120.75068204,
            44.85712962
          ],
          [
            -120.75062604,
            44.85714762
          ],
          [
            -120.75057604,
            44.85717162
          ],
          [
            -120.75053804,
            44.85720262
          ],
          [
            -120.75045804,
            44.85730862
          ],
          [
            -120.75037204,
            44.85751562
          ],
          [
            -120.75033204,
            44.85765462
          ],
          [
            -120.75032804,
            44.85767962
          ],
          [
            -120.75032104,
            44.85771662
          ],
          [
            -120.75031104,
            44.85778562
          ],
          [
            -120.75030904,
            44.85782962
          ],
          [
            -120.75030804,
            44.85786862
          ]
        ]
      },
      "properties": {
        "context_class": "local-road",
        "source_object_id": 17017706,
        "name": "Tub Springs Rd",
        "source_dataset_id": "{94591221-486A-4818-BDC4-F8ECD9D3F0EE}",
        "source_originator": "U.S. Department of Commerce, U.S. Census Bureau, Geography Division",
        "analytical_status": "official-context"
      }
    },
    {
      "type": "Feature",
      "id": "local-road-17530871",
      "geometry": {
        "type": "LineString",
        "coordinates": [
          [
            -120.72372505,
            44.91128362
          ],
          [
            -120.72361005,
            44.91134362
          ],
          [
            -120.72326505,
            44.91152662
          ],
          [
            -120.72315105,
            44.91158762
          ],
          [
            -120.72309405,
            44.91161662
          ],
          [
            -120.72292605,
            44.91170562
          ],
          [
            -120.72287005,
            44.91173662
          ]
        ]
      },
      "properties": {
        "context_class": "local-road",
        "source_object_id": 17530871,
        "name": "Mc Greer St",
        "source_dataset_id": "{94591221-486A-4818-BDC4-F8ECD9D3F0EE}",
        "source_originator": "U.S. Department of Commerce, U.S. Census Bureau, Geography Division",
        "analytical_status": "official-context"
      }
    },
    {
      "type": "Feature",
      "id": "local-road-19070325",
      "geometry": {
        "type": "LineString",
        "coordinates": [
          [
            -120.80615297,
            44.84902055
          ],
          [
            -120.80615005,
            44.84903761
          ],
          [
            -120.80614705,
            44.84912661
          ],
          [
            -120.80618005,
            44.84967761
          ],
          [
            -120.80622805,
            44.85047961
          ],
          [
            -120.80625305,
            44.85063261
          ],
          [
            -120.80627105,
            44.85068261
          ],
          [
            -120.80634705,
            44.85079061
          ],
          [
            -120.80642305,
            44.85087961
          ],
          [
            -120.80664805,
            44.85111161
          ],
          [
            -120.80694605,
            44.85139961
          ],
          [
            -120.80777705,
            44.85224461
          ],
          [
            -120.80788305,
            44.85236361
          ],
          [
            -120.80791105,
            44.85240561
          ],
          [
            -120.80794205,
            44.85249461
          ],
          [
            -120.80794905,
            44.85505161
          ],
          [
            -120.80792005,
            44.85922661
          ],
          [
            -120.80791405,
            44.86016661
          ],
          [
            -120.80792205,
            44.86263361
          ]
        ]
      },
      "properties": {
        "context_class": "local-road",
        "source_object_id": 19070325,
        "name": "Tub Springs Rd",
        "source_dataset_id": "{94591221-486A-4818-BDC4-F8ECD9D3F0EE}",
        "source_originator": "U.S. Department of Commerce, U.S. Census Bureau, Geography Division",
        "analytical_status": "official-context"
      }
    },
    {
      "type": "Feature",
      "id": "local-road-19198343",
      "geometry": {
        "type": "LineString",
        "coordinates": [
          [
            -120.75371907,
            45.00463663
          ],
          [
            -120.75396007,
            45.00462963
          ],
          [
            -120.75468507,
            45.00460963
          ],
          [
            -120.75492707,
            45.00460363
          ]
        ]
      },
      "properties": {
        "context_class": "local-road",
        "source_object_id": 19198343,
        "name": "F St",
        "source_dataset_id": "{94591221-486A-4818-BDC4-F8ECD9D3F0EE}",
        "source_originator": "U.S. Department of Commerce, U.S. Census Bureau, Geography Division",
        "analytical_status": "official-context"
      }
    },
    {
      "type": "Feature",
      "id": "local-road-19198346",
      "geometry": {
        "type": "LineString",
        "coordinates": [
          [
            -120.75254807,
            45.00351963
          ],
          [
            -120.75238907,
            45.00351863
          ],
          [
            -120.75191207,
            45.00351863
          ],
          [
            -120.75175307,
            45.00351863
          ]
        ]
      },
      "properties": {
        "context_class": "local-road",
        "source_object_id": 19198346,
        "name": "4th St",
        "source_dataset_id": "{94591221-486A-4818-BDC4-F8ECD9D3F0EE}",
        "source_originator": "U.S. Department of Commerce, U.S. Census Bureau, Geography Division",
        "analytical_status": "official-context"
      }
    },
    {
      "type": "Feature",
      "id": "local-road-19582995",
      "geometry": {
        "type": "LineString",
        "coordinates": [
          [
            -120.90092707,
            44.8741466
          ],
          [
            -120.90105607,
            44.8743746
          ],
          [
            -120.90163407,
            44.8744896
          ],
          [
            -120.90243807,
            44.8745126
          ],
          [
            -120.90279407,
            44.8748516
          ],
          [
            -120.90284807,
            44.8750876
          ],
          [
            -120.90289207,
            44.8752816
          ],
          [
            -120.90273407,
            44.8753186
          ],
          [
            -120.90269907,
            44.8753276
          ],
          [
            -120.90057807,
            44.8755546
          ],
          [
            -120.90028807,
            44.8756686
          ],
          [
            -120.90025607,
            44.8759426
          ],
          [
            -120.90080207,
            44.8762176
          ],
          [
            -120.90244107,
            44.8766296
          ],
          [
            -120.90282707,
            44.8766746
          ],
          [
            -120.90498107,
            44.8763326
          ],
          [
            -120.90559907,
            44.8762606
          ],
          [
            -120.90732807,
            44.8760596
          ],
          [
            -120.90832207,
            44.8758796
          ],
          [
            -120.90934207,
            44.8756956
          ],
          [
            -120.91188707,
            44.8757266
          ],
          [
            -120.91257507,
            44.8755776
          ],
          [
            -120.91334907,
            44.8754106
          ],
          [
            -120.91366707,
            44.8754346
          ],
          [
            -120.91602007,
            44.8760816
          ],
          [
            -120.91630407,
            44.8762886
          ],
          [
            -120.91655307,
            44.8768166
          ],
          [
            -120.91715307,
            44.8774376
          ],
          [
            -120.91790507,
            44.8787456
          ],
          [
            -120.91805407,
            44.8793886
          ],
          [
            -120.91917807,
            44.8814776
          ],
          [
            -120.91992207,
            44.8832216
          ],
          [
            -120.92081607,
            44.8836146
          ],
          [
            -120.92097007,
            44.8836826
          ],
          [
            -120.92310007,
            44.8841916
          ],
          [
            -120.92344707,
            44.8844676
          ],
          [
            -120.92360407,
            44.8846976
          ],
          [
            -120.92395407,
            44.8849266
          ],
          [
            -120.92471607,
            44.8847236
          ]
        ]
      },
      "properties": {
        "context_class": "local-road",
        "source_object_id": 19582995,
        "name": null,
        "source_dataset_id": "{DFD24F17-7171-47E7-A519-CF2D05A0A2D9}",
        "source_originator": "U.S. Department of Commerce, U.S. Census Bureau, Geography Division",
        "analytical_status": "official-context"
      }
    },
    {
      "type": "Feature",
      "id": "local-road-19583007",
      "geometry": {
        "type": "LineString",
        "coordinates": [
          [
            -120.72454605,
            44.91207762
          ],
          [
            -120.72418305,
            44.91227562
          ],
          [
            -120.72368705,
            44.91254662
          ]
        ]
      },
      "properties": {
        "context_class": "local-road",
        "source_object_id": 19583007,
        "name": "McGreer St",
        "source_dataset_id": "{94591221-486A-4818-BDC4-F8ECD9D3F0EE}",
        "source_originator": "U.S. Department of Commerce, U.S. Census Bureau, Geography Division",
        "analytical_status": "official-context"
      }
    },
    {
      "type": "Feature",
      "id": "local-road-19710695",
      "geometry": {
        "type": "LineString",
        "coordinates": [
          [
            -120.75493907,
            45.00567363
          ],
          [
            -120.75469907,
            45.00566963
          ],
          [
            -120.75398107,
            45.00565963
          ],
          [
            -120.75374207,
            45.00565663
          ]
        ]
      },
      "properties": {
        "context_class": "local-road",
        "source_object_id": 19710695,
        "name": "6th St",
        "source_dataset_id": "{94591221-486A-4818-BDC4-F8ECD9D3F0EE}",
        "source_originator": "U.S. Department of Commerce, U.S. Census Bureau, Geography Division",
        "analytical_status": "official-context"
      }
    },
    {
      "type": "Feature",
      "id": "local-road-20224051",
      "geometry": {
        "type": "LineString",
        "coordinates": [
          [
            -120.9661461,
            44.9843826
          ],
          [
            -120.9661461,
            44.9845426
          ],
          [
            -120.9672091,
            44.9853426
          ],
          [
            -120.9673701,
            44.9858456
          ],
          [
            -120.9682411,
            44.9864396
          ],
          [
            -120.9682411,
            44.9866226
          ],
          [
            -120.9683381,
            44.9867146
          ],
          [
            -120.9690141,
            44.9864396
          ],
          [
            -120.9692081,
            44.9861886
          ],
          [
            -120.9694111,
            44.9860476
          ],
          [
            -120.9703341,
            44.9854106
          ],
          [
            -120.9710431,
            44.9851366
          ],
          [
            -120.9729111,
            44.9845876
          ],
          [
            -120.9733291,
            44.9843126
          ],
          [
            -120.9751971,
            44.9835126
          ],
          [
            -120.9757761,
            44.9831916
          ],
          [
            -120.9759691,
            44.9827806
          ],
          [
            -120.9759691,
            44.9821866
          ],
          [
            -120.9756151,
            44.9820266
          ],
          [
            -120.9750351,
            44.9820496
          ],
          [
            -120.9741011,
            44.9823006
          ],
          [
            -120.9728451,
            44.9823476
          ],
          [
            -120.9721351,
            44.9820506
          ],
          [
            -120.9718781,
            44.9820726
          ],
          [
            -120.9715881,
            44.9827136
          ],
          [
            -120.9706221,
            44.9831016
          ],
          [
            -120.9706051,
            44.9831056
          ],
          [
            -120.9685931,
            44.9836736
          ],
          [
            -120.9672411,
            44.9843146
          ],
          [
            -120.9661461,
            44.9843826
          ]
        ]
      },
      "properties": {
        "context_class": "local-road",
        "source_object_id": 20224051,
        "name": null,
        "source_dataset_id": "{94591221-486A-4818-BDC4-F8ECD9D3F0EE}",
        "source_originator": "U.S. Department of Commerce, U.S. Census Bureau, Geography Division",
        "analytical_status": "official-context"
      }
    },
    {
      "type": "Feature",
      "id": "local-road-20864977",
      "geometry": {
        "type": "LineString",
        "coordinates": [
          [
            -120.98418611,
            45.02286061
          ],
          [
            -120.98425111,
            45.02313461
          ],
          [
            -120.98434711,
            45.02318061
          ],
          [
            -120.98459811,
            45.02391561
          ],
          [
            -120.98483211,
            45.02459761
          ],
          [
            -120.98499311,
            45.02473461
          ],
          [
            -120.98657211,
            45.02409361
          ],
          [
            -120.98723211,
            45.0235386
          ],
          [
            -120.98763511,
            45.02320161
          ],
          [
            -120.98792411,
            45.02263061
          ]
        ]
      },
      "properties": {
        "context_class": "local-road",
        "source_object_id": 20864977,
        "name": null,
        "source_dataset_id": "{94591221-486A-4818-BDC4-F8ECD9D3F0EE}",
        "source_originator": "U.S. Department of Commerce, U.S. Census Bureau, Geography Division",
        "analytical_status": "official-context"
      }
    },
    {
      "type": "Feature",
      "id": "local-road-21377117",
      "geometry": {
        "type": "LineString",
        "coordinates": [
          [
            -120.75254807,
            45.00351963
          ],
          [
            -120.75254307,
            45.00373763
          ],
          [
            -120.75253007,
            45.00439263
          ],
          [
            -120.75252707,
            45.00461163
          ]
        ]
      },
      "properties": {
        "context_class": "local-road",
        "source_object_id": 21377117,
        "name": "E St",
        "source_dataset_id": "{94591221-486A-4818-BDC4-F8ECD9D3F0EE}",
        "source_originator": "U.S. Department of Commerce, U.S. Census Bureau, Geography Division",
        "analytical_status": "official-context"
      }
    },
    {
      "type": "Feature",
      "id": "local-road-21377141",
      "geometry": {
        "type": "LineString",
        "coordinates": [
          [
            -120.73016605,
            44.91650262
          ],
          [
            -120.73011205,
            44.91654662
          ],
          [
            -120.72995305,
            44.91668062
          ],
          [
            -120.72990005,
            44.91672562
          ],
          [
            -120.72988405,
            44.91677562
          ],
          [
            -120.72985605,
            44.91686762
          ],
          [
            -120.72981605,
            44.91691662
          ],
          [
            -120.72978305,
            44.91695862
          ]
        ]
      },
      "properties": {
        "context_class": "local-road",
        "source_object_id": 21377141,
        "name": null,
        "source_dataset_id": "{94591221-486A-4818-BDC4-F8ECD9D3F0EE}",
        "source_originator": "U.S. Department of Commerce, U.S. Census Bureau, Geography Division",
        "analytical_status": "official-context"
      }
    },
    {
      "type": "Feature",
      "id": "local-road-21505107",
      "geometry": {
        "type": "LineString",
        "coordinates": [
          [
            -120.75239107,
            45.00149063
          ],
          [
            -120.75218907,
            45.00148063
          ],
          [
            -120.75175307,
            45.00146163
          ],
          [
            -120.75158607,
            45.00145563
          ],
          [
            -120.75138507,
            45.00144863
          ]
        ]
      },
      "properties": {
        "context_class": "local-road",
        "source_object_id": 21505107,
        "name": "2nd St",
        "source_dataset_id": "{94591221-486A-4818-BDC4-F8ECD9D3F0EE}",
        "source_originator": "U.S. Department of Commerce, U.S. Census Bureau, Geography Division",
        "analytical_status": "official-context"
      }
    },
    {
      "type": "Feature",
      "id": "local-road-22273919",
      "geometry": {
        "type": "LineString",
        "coordinates": [
          [
            -120.75371907,
            45.00463663
          ],
          [
            -120.75372307,
            45.00484063
          ],
          [
            -120.75373707,
            45.00545263
          ],
          [
            -120.75374207,
            45.00565663
          ]
        ]
      },
      "properties": {
        "context_class": "local-road",
        "source_object_id": 22273919,
        "name": "D St",
        "source_dataset_id": "{94591221-486A-4818-BDC4-F8ECD9D3F0EE}",
        "source_originator": "U.S. Department of Commerce, U.S. Census Bureau, Geography Division",
        "analytical_status": "official-context"
      }
    },
    {
      "type": "Feature",
      "id": "local-road-22401743",
      "geometry": {
        "type": "LineString",
        "coordinates": [
          [
            -120.72371505,
            44.91007362
          ],
          [
            -120.72380705,
            44.91016162
          ],
          [
            -120.72408505,
            44.91042562
          ],
          [
            -120.72417805,
            44.91051462
          ]
        ]
      },
      "properties": {
        "context_class": "local-road",
        "source_object_id": 22401743,
        "name": "Willard St",
        "source_dataset_id": "{94591221-486A-4818-BDC4-F8ECD9D3F0EE}",
        "source_originator": "U.S. Department of Commerce, U.S. Census Bureau, Geography Division",
        "analytical_status": "official-context"
      }
    },
    {
      "type": "Feature",
      "id": "local-road-22785542",
      "geometry": {
        "type": "LineString",
        "coordinates": [
          [
            -120.85572309,
            45.03950462
          ],
          [
            -120.85559209,
            45.03949862
          ],
          [
            -120.85482509,
            45.03950562
          ],
          [
            -120.85468209,
            45.03948662
          ],
          [
            -120.85457309,
            45.03945762
          ],
          [
            -120.85452409,
            45.03942962
          ],
          [
            -120.85443709,
            45.03936162
          ],
          [
            -120.85424909,
            45.03917862
          ],
          [
            -120.85400609,
            45.03896662
          ],
          [
            -120.85322609,
            45.03843562
          ],
          [
            -120.85247209,
            45.03788262
          ],
          [
            -120.85217109,
            45.03769962
          ],
          [
            -120.85192409,
            45.03759562
          ],
          [
            -120.85171609,
            45.03753362
          ],
          [
            -120.85158709,
            45.03750762
          ],
          [
            -120.85118909,
            45.03745462
          ],
          [
            -120.85030009,
            45.03731362
          ],
          [
            -120.84970409,
            45.03719862
          ],
          [
            -120.84951709,
            45.03714662
          ],
          [
            -120.84931409,
            45.03705062
          ],
          [
            -120.84906109,
            45.03695862
          ],
          [
            -120.84873609,
            45.03680162
          ],
          [
            -120.84767109,
            45.03621662
          ],
          [
            -120.84725909,
            45.03596862
          ],
          [
            -120.84711109,
            45.03589662
          ],
          [
            -120.84696509,
            45.03583762
          ],
          [
            -120.84684409,
            45.03580362
          ],
          [
            -120.84676509,
            45.03579662
          ],
          [
            -120.84513909,
            45.03578562
          ],
          [
            -120.84470109,
            45.03577062
          ],
          [
            -120.84451409,
            45.03575062
          ],
          [
            -120.84430009,
            45.03571062
          ],
          [
            -120.84419809,
            45.03567462
          ],
          [
            -120.84400109,
            45.03559062
          ],
          [
            -120.84350809,
            45.03542062
          ],
          [
            -120.84324509,
            45.03531162
          ],
          [
            -120.84308009,
            45.03525362
          ],
          [
            -120.84245409,
            45.03506262
          ],
          [
            -120.84202009,
            45.03491462
          ],
          [
            -120.84190709,
            45.03486362
          ],
          [
            -120.84180509,
            45.03480262
          ],
          [
            -120.84172209,
            45.03471962
          ],
          [
            -120.84158509,
            45.03446162
          ],
          [
            -120.84134509,
            45.03394762
          ],
          [
            -120.84106609,
            45.03343062
          ],
          [
            -120.84099009,
            45.03332162
          ],
          [
            -120.84086109,
            45.03318862
          ],
          [
            -120.84077209,
            45.03311962
          ],
          [
            -120.84035009,
            45.03284962
          ],
          [
            -120.84021909,
            45.03277762
          ],
          [
            -120.83923509,
            45.03232362
          ],
          [
            -120.83903809,
            45.03224462
          ],
          [
            -120.83884409,
            45.03217862
          ],
          [
            -120.83865709,
            45.03213062
          ],
          [
            -120.83853309,
            45.03210862
          ],
          [
            -120.83815109,
            45.03206062
          ],
          [
            -120.83766209,
            45.03198762
          ],
          [
            -120.83729909,
            45.03191562
          ],
          [
            -120.83693909,
            45.03182062
          ],
          [
            -120.83661909,
            45.03171462
          ],
          [
            -120.83648409,
            45.03165562
          ],
          [
            -120.83642809,
            45.03161862
          ],
          [
            -120.83585109,
            45.03107862
          ],
          [
            -120.83547709,
            45.03074362
          ],
          [
            -120.83528609,
            45.03054262
          ],
          [
            -120.83515609,
            45.03038662
          ],
          [
            -120.83499209,
            45.03015062
          ],
          [
            -120.83495609,
            45.03003562
          ],
          [
            -120.83494809,
            45.02997662
          ],
          [
            -120.83495209,
            45.02984362
          ],
          [
            -120.83496909,
            45.02977862
          ],
          [
            -120.83503509,
            45.02967462
          ],
          [
            -120.83521209,
            45.02946362
          ],
          [
            -120.83541609,
            45.02924962
          ],
          [
            -120.83568209,
            45.02899562
          ],
          [
            -120.83577209,
            45.02887962
          ],
          [
            -120.83580009,
            45.02882462
          ],
          [
            -120.83583209,
            45.02871162
          ],
          [
            -120.83583909,
            45.02830162
          ],
          [
            -120.83586809,
            45.02814562
          ],
          [
            -120.83592209,
            45.02800162
          ],
          [
            -120.83607509,
            45.02772862
          ],
          [
            -120.83622409,
            45.02740162
          ],
          [
            -120.83639209,
            45.02713062
          ],
          [
            -120.83666909,
            45.02674762
          ],
          [
            -120.83672809,
            45.02658662
          ],
          [
            -120.83674509,
            45.02643362
          ],
          [
            -120.83674709,
            45.02610962
          ],
          [
            -120.83677309,
            45.02603262
          ],
          [
            -120.83679409,
            45.02600162
          ],
          [
            -120.83680709,
            45.02592662
          ],
          [
            -120.83679709,
            45.02588262
          ],
          [
            -120.83674209,
            45.02577862
          ],
          [
            -120.83660309,
            45.02544662
          ],
          [
            -120.83647109,
            45.02520062
          ],
          [
            -120.83641209,
            45.02512762
          ],
          [
            -120.83627209,
            45.02499662
          ],
          [
            -120.83619409,
            45.02494062
          ],
          [
            -120.83602209,
            45.02484862
          ],
          [
            -120.83592609,
            45.02481162
          ],
          [
            -120.83540409,
            45.02467062
          ],
          [
            -120.83519809,
            45.02460362
          ],
          [
            -120.83452209,
            45.02426962
          ],
          [
            -120.83437409,
            45.02420662
          ],
          [
            -120.83356009,
            45.02393262
          ],
          [
            -120.83331209,
            45.02383862
          ],
          [
            -120.83144809,
            45.02304362
          ],
          [
            -120.83000009,
            45.02244262
          ],
          [
            -120.82942709,
            45.02222462
          ],
          [
            -120.82912409,
            45.02211862
          ],
          [
            -120.82854609,
            45.02193662
          ],
          [
            -120.82799809,
            45.02178662
          ],
          [
            -120.82675808,
            45.02148662
          ],
          [
            -120.82478008,
            45.02099262
          ],
          [
            -120.82448908,
            45.02093962
          ],
          [
            -120.82416808,
            45.02091562
          ],
          [
            -120.82382908,
            45.02091562
          ],
          [
            -120.82329408,
            45.02094062
          ],
          [
            -120.82297008,
            45.02093462
          ],
          [
            -120.82277308,
            45.02091462
          ],
          [
            -120.82233408,
            45.02083862
          ],
          [
            -120.82214008,
            45.02082162
          ],
          [
            -120.82195008,
            45.02082662
          ],
          [
            -120.82147608,
            45.02087062
          ],
          [
            -120.82114308,
            45.02087762
          ],
          [
            -120.82074608,
            45.02085962
          ],
          [
            -120.82043308,
            45.02082462
          ],
          [
            -120.82005408,
            45.02075662
          ],
          [
            -120.81938308,
            45.02058862
          ],
          [
            -120.81894408,
            45.02049562
          ],
          [
            -120.81860608,
            45.02040562
          ],
          [
            -120.81848608,
            45.02036462
          ],
          [
            -120.81838308,
            45.02031862
          ],
          [
            -120.81818908,
            45.02021162
          ],
          [
            -120.81796908,
            45.02010862
          ],
          [
            -120.81778308,
            45.02003662
          ],
          [
            -120.81759308,
            45.01998062
          ],
          [
            -120.81733508,
            45.01992362
          ],
          [
            -120.81712008,
            45.01988462
          ],
          [
            -120.81660608,
            45.01981062
          ],
          [
            -120.81635508,
            45.01976262
          ],
          [
            -120.81608408,
            45.01968862
          ],
          [
            -120.81577408,
            45.01958162
          ],
          [
            -120.81525308,
            45.01942562
          ],
          [
            -120.81460508,
            45.01925562
          ],
          [
            -120.81429908,
            45.01919162
          ],
          [
            -120.81398108,
            45.01914962
          ],
          [
            -120.81340108,
            45.01909062
          ],
          [
            -120.81288208,
            45.01905162
          ],
          [
            -120.81251708,
            45.01903462
          ],
          [
            -120.81209308,
            45.01899862
          ],
          [
            -120.81126008,
            45.01890762
          ],
          [
            -120.81079308,
            45.01883862
          ],
          [
            -120.81053808,
            45.01881662
          ],
          [
            -120.81036108,
            45.01882262
          ],
          [
            -120.80993108,
            45.01889562
          ],
          [
            -120.80974708,
            45.01891062
          ],
          [
            -120.80961608,
            45.01889962
          ],
          [
            -120.80925708,
            45.01882562
          ],
          [
            -120.80912008,
            45.01883062
          ],
          [
            -120.80905008,
            45.01884162
          ],
          [
            -120.80896308,
            45.01886562
          ]
        ]
      },
      "properties": {
        "context_class": "local-road",
        "source_object_id": 22785542,
        "name": "302",
        "source_dataset_id": "{94591221-486A-4818-BDC4-F8ECD9D3F0EE}",
        "source_originator": "U.S. Department of Commerce, U.S. Census Bureau, Geography Division",
        "analytical_status": "official-context"
      }
    },
    {
      "type": "Feature",
      "id": "local-road-23042657",
      "geometry": {
        "type": "LineString",
        "coordinates": [
          [
            -120.75030804,
            44.85786862
          ],
          [
            -120.75035804,
            44.85804062
          ],
          [
            -120.75046604,
            44.85828762
          ],
          [
            -120.75053004,
            44.85847162
          ],
          [
            -120.75054104,
            44.85854462
          ],
          [
            -120.75056104,
            44.85866262
          ],
          [
            -120.75055004,
            44.85872262
          ],
          [
            -120.75053904,
            44.85878362
          ],
          [
            -120.75035604,
            44.85903562
          ],
          [
            -120.75000804,
            44.85945862
          ],
          [
            -120.74991104,
            44.85957762
          ],
          [
            -120.74964904,
            44.85986262
          ],
          [
            -120.74946204,
            44.86002962
          ],
          [
            -120.74931204,
            44.86019262
          ],
          [
            -120.74922504,
            44.86031862
          ],
          [
            -120.74916604,
            44.86040462
          ],
          [
            -120.74905704,
            44.86062562
          ],
          [
            -120.74894204,
            44.86076062
          ],
          [
            -120.74881804,
            44.86085762
          ],
          [
            -120.74873404,
            44.86090762
          ],
          [
            -120.74800004,
            44.86125562
          ],
          [
            -120.74790704,
            44.86130062
          ],
          [
            -120.74772304,
            44.86137162
          ],
          [
            -120.74755804,
            44.86141662
          ],
          [
            -120.74742304,
            44.86144162
          ],
          [
            -120.74711104,
            44.86145362
          ],
          [
            -120.74682704,
            44.86146462
          ],
          [
            -120.74668704,
            44.86149162
          ],
          [
            -120.74656504,
            44.86154062
          ],
          [
            -120.74636604,
            44.86164562
          ],
          [
            -120.74621004,
            44.86175062
          ],
          [
            -120.74613304,
            44.86181662
          ],
          [
            -120.74592204,
            44.86200062
          ],
          [
            -120.74567904,
            44.86217562
          ],
          [
            -120.74555404,
            44.86225362
          ],
          [
            -120.74546104,
            44.86234062
          ],
          [
            -120.74542904,
            44.86238762
          ],
          [
            -120.74537104,
            44.86255462
          ],
          [
            -120.74535604,
            44.86298562
          ],
          [
            -120.74529604,
            44.86367162
          ],
          [
            -120.74527104,
            44.86430562
          ],
          [
            -120.74525304,
            44.86448662
          ],
          [
            -120.74522704,
            44.86459662
          ],
          [
            -120.74519304,
            44.86467062
          ],
          [
            -120.74519004,
            44.86468062
          ],
          [
            -120.74506304,
            44.86482362
          ],
          [
            -120.74502304,
            44.86488362
          ],
          [
            -120.74498804,
            44.86499962
          ],
          [
            -120.74497404,
            44.86509562
          ],
          [
            -120.74499704,
            44.86567662
          ],
          [
            -120.74501204,
            44.86606262
          ],
          [
            -120.74504504,
            44.86645962
          ],
          [
            -120.74519404,
            44.86731962
          ],
          [
            -120.74518704,
            44.86741962
          ],
          [
            -120.74515504,
            44.86753062
          ],
          [
            -120.74509704,
            44.86764562
          ],
          [
            -120.74499604,
            44.86777162
          ],
          [
            -120.74490804,
            44.86784662
          ],
          [
            -120.74480504,
            44.86790862
          ],
          [
            -120.74456404,
            44.86799662
          ],
          [
            -120.74434304,
            44.86805962
          ],
          [
            -120.74417604,
            44.86809462
          ],
          [
            -120.74386804,
            44.86813962
          ],
          [
            -120.74360704,
            44.86820762
          ],
          [
            -120.74346004,
            44.86827862
          ],
          [
            -120.74323904,
            44.86842662
          ],
          [
            -120.74310504,
            44.86855062
          ],
          [
            -120.74299004,
            44.86868962
          ],
          [
            -120.74290504,
            44.86883562
          ],
          [
            -120.74277404,
            44.86911262
          ],
          [
            -120.74261704,
            44.86952762
          ],
          [
            -120.74258004,
            44.86967362
          ],
          [
            -120.74249904,
            44.87017162
          ],
          [
            -120.74240004,
            44.87056762
          ],
          [
            -120.74227104,
            44.87095562
          ],
          [
            -120.74212304,
            44.87133862
          ],
          [
            -120.74186504,
            44.87208162
          ],
          [
            -120.74185504,
            44.87211962
          ],
          [
            -120.74183604,
            44.87220062
          ],
          [
            -120.74180304,
            44.87254162
          ],
          [
            -120.74177104,
            44.87271462
          ],
          [
            -120.74171504,
            44.87288362
          ],
          [
            -120.74166304,
            44.87298662
          ],
          [
            -120.74162804,
            44.87303362
          ],
          [
            -120.74153704,
            44.87310762
          ],
          [
            -120.74142804,
            44.87317062
          ],
          [
            -120.74116804,
            44.87329162
          ],
          [
            -120.74108504,
            44.87334862
          ],
          [
            -120.74093804,
            44.87347462
          ],
          [
            -120.74072704,
            44.87371162
          ],
          [
            -120.74054404,
            44.87396162
          ],
          [
            -120.74035904,
            44.87423762
          ],
          [
            -120.74026704,
            44.87432262
          ],
          [
            -120.74017204,
            44.87438662
          ],
          [
            -120.74000304,
            44.87444262
          ],
          [
            -120.73981904,
            44.87447762
          ],
          [
            -120.73902004,
            44.87455562
          ],
          [
            -120.73879604,
            44.87460762
          ],
          [
            -120.73859004,
            44.87467662
          ],
          [
            -120.73813304,
            44.87491162
          ],
          [
            -120.73736304,
            44.87528162
          ],
          [
            -120.73702404,
            44.87546562
          ],
          [
            -120.73672204,
            44.87565262
          ],
          [
            -120.73658004,
            44.87575262
          ],
          [
            -120.73623804,
            44.87603962
          ],
          [
            -120.73604904,
            44.87615862
          ],
          [
            -120.73594804,
            44.87621262
          ],
          [
            -120.73569904,
            44.87631562
          ],
          [
            -120.73553604,
            44.87637262
          ],
          [
            -120.73520104,
            44.87646962
          ],
          [
            -120.73477404,
            44.87658062
          ],
          [
            -120.73367404,
            44.87703962
          ],
          [
            -120.73284904,
            44.87733962
          ],
          [
            -120.73250304,
            44.87748062
          ],
          [
            -120.73205204,
            44.87768262
          ],
          [
            -120.73049104,
            44.87840862
          ],
          [
            -120.72933904,
            44.87900962
          ],
          [
            -120.72905104,
            44.87917262
          ],
          [
            -120.72878204,
            44.87935662
          ],
          [
            -120.72840704,
            44.87966362
          ],
          [
            -120.72746904,
            44.88050362
          ],
          [
            -120.72730004,
            44.88067962
          ],
          [
            -120.72711504,
            44.88092562
          ],
          [
            -120.72684504,
            44.88136862
          ],
          [
            -120.72677204,
            44.88151362
          ],
          [
            -120.72667304,
            44.88176562
          ],
          [
            -120.72659904,
            44.88202262
          ],
          [
            -120.72656404,
            44.88218962
          ],
          [
            -120.72649304,
            44.88278962
          ],
          [
            -120.72646904,
            44.88322362
          ],
          [
            -120.72647704,
            44.88355062
          ],
          [
            -120.72652104,
            44.88386462
          ],
          [
            -120.72657004,
            44.88409862
          ],
          [
            -120.72666904,
            44.88440262
          ],
          [
            -120.72673304,
            44.88455062
          ],
          [
            -120.72689604,
            44.88483762
          ],
          [
            -120.72721804,
            44.88532862
          ],
          [
            -120.72747304,
            44.88566962
          ],
          [
            -120.72766304,
            44.88588862
          ],
          [
            -120.72788304,
            44.88610662
          ],
          [
            -120.72822204,
            44.88640062
          ],
          [
            -120.72836804,
            44.88651462
          ],
          [
            -120.72860104,
            44.88669562
          ],
          [
            -120.72926904,
            44.88718362
          ],
          [
            -120.72935104,
            44.88725762
          ],
          [
            -120.72947804,
            44.88739362
          ],
          [
            -120.72959304,
            44.88755062
          ],
          [
            -120.72971304,
            44.88777362
          ],
          [
            -120.72980404,
            44.88800762
          ],
          [
            -120.72985004,
            44.88819762
          ],
          [
            -120.72987204,
            44.88836562
          ],
          [
            -120.72985804,
            44.88858162
          ],
          [
            -120.72978204,
            44.88881762
          ],
          [
            -120.72971904,
            44.88910762
          ],
          [
            -120.72971104,
            44.88928262
          ],
          [
            -120.72972704,
            44.88943662
          ],
          [
            -120.72977204,
            44.88958362
          ],
          [
            -120.72987004,
            44.88979062
          ],
          [
            -120.73010204,
            44.89015862
          ],
          [
            -120.73021204,
            44.89029262
          ],
          [
            -120.73034904,
            44.89042962
          ],
          [
            -120.73053804,
            44.89058062
          ],
          [
            -120.73069604,
            44.89068562
          ],
          [
            -120.73098904,
            44.89084662
          ],
          [
            -120.73155904,
            44.89112362
          ],
          [
            -120.73302004,
            44.89177262
          ],
          [
            -120.73328304,
            44.89191962
          ]
        ]
      },
      "properties": {
        "context_class": "local-road",
        "source_object_id": 23042657,
        "name": "Tub Springs Rd",
        "source_dataset_id": "{94591221-486A-4818-BDC4-F8ECD9D3F0EE}",
        "source_originator": "U.S. Department of Commerce, U.S. Census Bureau, Geography Division",
        "analytical_status": "official-context"
      }
    },
    {
      "type": "Feature",
      "id": "local-road-23042666",
      "geometry": {
        "type": "LineString",
        "coordinates": [
          [
            -120.94662935,
            44.85163384
          ],
          [
            -120.94528707,
            44.8528956
          ],
          [
            -120.94478107,
            44.8532506
          ],
          [
            -120.94312307,
            44.8544076
          ],
          [
            -120.94159707,
            44.8564916
          ],
          [
            -120.93971607,
            44.8584616
          ],
          [
            -120.93890607,
            44.8590806
          ],
          [
            -120.93883007,
            44.8591936
          ],
          [
            -120.93819107,
            44.8601566
          ],
          [
            -120.93751007,
            44.8609576
          ],
          [
            -120.93730307,
            44.8632016
          ],
          [
            -120.93683907,
            44.8651946
          ],
          [
            -120.93677007,
            44.8659726
          ],
          [
            -120.93667207,
            44.8661556
          ],
          [
            -120.93671407,
            44.8692706
          ],
          [
            -120.93702407,
            44.8707816
          ],
          [
            -120.93711407,
            44.8718356
          ],
          [
            -120.93672307,
            44.8725226
          ],
          [
            -120.93740107,
            44.8748926
          ],
          [
            -120.93757507,
            44.8756256
          ],
          [
            -120.93744007,
            44.8764506
          ],
          [
            -120.93721207,
            44.8768386
          ],
          [
            -120.93633707,
            44.8776406
          ],
          [
            -120.93594707,
            44.8782816
          ],
          [
            -120.93439307,
            44.8794276
          ],
          [
            -120.93361707,
            44.8796576
          ],
          [
            -120.93277807,
            44.8797266
          ],
          [
            -120.93143007,
            44.8801926
          ],
          [
            -120.93006107,
            44.8806676
          ],
          [
            -120.92960807,
            44.8810116
          ],
          [
            -120.92856807,
            44.8825006
          ],
          [
            -120.92798507,
            44.8830046
          ],
          [
            -120.92617407,
            44.8834866
          ],
          [
            -120.92594707,
            44.8838756
          ],
          [
            -120.92523607,
            44.8841056
          ],
          [
            -120.92471607,
            44.8847236
          ]
        ]
      },
      "properties": {
        "context_class": "local-road",
        "source_object_id": 23042666,
        "name": null,
        "source_dataset_id": "{94591221-486A-4818-BDC4-F8ECD9D3F0EE}",
        "source_originator": "U.S. Department of Commerce, U.S. Census Bureau, Geography Division",
        "analytical_status": "official-context"
      }
    },
    {
      "type": "Feature",
      "id": "local-road-23170376",
      "geometry": {
        "type": "LineString",
        "coordinates": [
          [
            -120.75135007,
            45.00248763
          ],
          [
            -120.75158807,
            45.00248563
          ],
          [
            -120.75230307,
            45.00247963
          ],
          [
            -120.75254207,
            45.00247863
          ]
        ]
      },
      "properties": {
        "context_class": "local-road",
        "source_object_id": 23170376,
        "name": "3rd St",
        "source_dataset_id": "{94591221-486A-4818-BDC4-F8ECD9D3F0EE}",
        "source_originator": "U.S. Department of Commerce, U.S. Census Bureau, Geography Division",
        "analytical_status": "official-context"
      }
    },
    {
      "type": "Feature",
      "id": "local-road-23554739",
      "geometry": {
        "type": "LineString",
        "coordinates": [
          [
            -120.75138707,
            45.00351763
          ],
          [
            -120.75082307,
            45.00351563
          ],
          [
            -120.75059707,
            45.00351363
          ]
        ]
      },
      "properties": {
        "context_class": "local-road",
        "source_object_id": 23554739,
        "name": "4th St",
        "source_dataset_id": "{94591221-486A-4818-BDC4-F8ECD9D3F0EE}",
        "source_originator": "U.S. Department of Commerce, U.S. Census Bureau, Geography Division",
        "analytical_status": "official-context"
      }
    },
    {
      "type": "Feature",
      "id": "local-road-23811157",
      "geometry": {
        "type": "LineString",
        "coordinates": [
          [
            -120.72290805,
            44.91049562
          ],
          [
            -120.72279005,
            44.91056062
          ],
          [
            -120.72243705,
            44.91075462
          ],
          [
            -120.72232005,
            44.91082062
          ],
          [
            -120.72226505,
            44.91084962
          ],
          [
            -120.72210205,
            44.91093962
          ],
          [
            -120.72204805,
            44.91097062
          ]
        ]
      },
      "properties": {
        "context_class": "local-road",
        "source_object_id": 23811157,
        "name": "Union St",
        "source_dataset_id": "{94591221-486A-4818-BDC4-F8ECD9D3F0EE}",
        "source_originator": "U.S. Department of Commerce, U.S. Census Bureau, Geography Division",
        "analytical_status": "official-context"
      }
    },
    {
      "type": "Feature",
      "id": "local-road-23939796",
      "geometry": {
        "type": "LineString",
        "coordinates": [
          [
            -120.72368705,
            44.91254662
          ],
          [
            -120.72326005,
            44.91276862
          ],
          [
            -120.72314505,
            44.91283262
          ],
          [
            -120.72303605,
            44.91287262
          ],
          [
            -120.72298805,
            44.91288362
          ],
          [
            -120.72290205,
            44.91287962
          ],
          [
            -120.72283405,
            44.91286462
          ],
          [
            -120.72276005,
            44.91282162
          ],
          [
            -120.72272905,
            44.91279562
          ]
        ]
      },
      "properties": {
        "context_class": "local-road",
        "source_object_id": 23939796,
        "name": "McGreer St",
        "source_dataset_id": "{94591221-486A-4818-BDC4-F8ECD9D3F0EE}",
        "source_originator": "U.S. Department of Commerce, U.S. Census Bureau, Geography Division",
        "analytical_status": "official-context"
      }
    },
    {
      "type": "Feature",
      "id": "local-road-24067910",
      "geometry": {
        "type": "LineString",
        "coordinates": [
          [
            -120.98792411,
            45.02263061
          ],
          [
            -120.98809211,
            45.0225366
          ],
          [
            -120.98845211,
            45.02208461
          ],
          [
            -120.98925511,
            45.0210766
          ],
          [
            -120.98978911,
            45.0208416
          ],
          [
            -120.99021111,
            45.0207206
          ],
          [
            -120.99095211,
            45.0205106
          ]
        ]
      },
      "properties": {
        "context_class": "local-road",
        "source_object_id": 24067910,
        "name": null,
        "source_dataset_id": "{94591221-486A-4818-BDC4-F8ECD9D3F0EE}",
        "source_originator": "U.S. Department of Commerce, U.S. Census Bureau, Geography Division",
        "analytical_status": "official-context"
      }
    },
    {
      "type": "Feature",
      "id": "local-road-24256338",
      "geometry": {
        "type": "LineString",
        "coordinates": [
          [
            -120.75491407,
            45.00352163
          ],
          [
            -120.75454707,
            45.00348763
          ],
          [
            -120.75372207,
            45.00350963
          ]
        ]
      },
      "properties": {
        "context_class": "local-road",
        "source_object_id": 24256338,
        "name": "Sherman Hwy",
        "source_dataset_id": "{83127C30-1393-4558-8547-2C9D056664F0}",
        "source_originator": "U.S. Department of Commerce, U.S. Census Bureau, Geography Division",
        "analytical_status": "official-context"
      }
    },
    {
      "type": "Feature",
      "id": "local-road-24324534",
      "geometry": {
        "type": "LineString",
        "coordinates": [
          [
            -120.71985205,
            44.90883162
          ],
          [
            -120.71997505,
            44.90895462
          ],
          [
            -120.72027404,
            44.90925162
          ],
          [
            -120.72034305,
            44.90932662
          ],
          [
            -120.72046205,
            44.90945462
          ]
        ]
      },
      "properties": {
        "context_class": "local-road",
        "source_object_id": 24324534,
        "name": "College St",
        "source_dataset_id": "{94591221-486A-4818-BDC4-F8ECD9D3F0EE}",
        "source_originator": "U.S. Department of Commerce, U.S. Census Bureau, Geography Division",
        "analytical_status": "official-context"
      }
    },
    {
      "type": "Feature",
      "id": "local-road-24965165",
      "geometry": {
        "type": "LineString",
        "coordinates": [
          [
            -120.98792411,
            45.02263061
          ],
          [
            -120.98717011,
            45.02259261
          ],
          [
            -120.98657111,
            45.0225626
          ],
          [
            -120.98502411,
            45.02288261
          ],
          [
            -120.98494011,
            45.02287961
          ],
          [
            -120.98418611,
            45.02286061
          ]
        ]
      },
      "properties": {
        "context_class": "local-road",
        "source_object_id": 24965165,
        "name": "Dalles- California Hwy",
        "source_dataset_id": "{94591221-486A-4818-BDC4-F8ECD9D3F0EE}",
        "source_originator": "U.S. Department of Commerce, U.S. Census Bureau, Geography Division",
        "analytical_status": "official-context"
      }
    },
    {
      "type": "Feature",
      "id": "local-road-24965173",
      "geometry": {
        "type": "LineString",
        "coordinates": [
          [
            -120.75492707,
            45.00460363
          ],
          [
            -120.75491407,
            45.00352163
          ]
        ]
      },
      "properties": {
        "context_class": "local-road",
        "source_object_id": 24965173,
        "name": "C St",
        "source_dataset_id": "{94591221-486A-4818-BDC4-F8ECD9D3F0EE}",
        "source_originator": "U.S. Department of Commerce, U.S. Census Bureau, Geography Division",
        "analytical_status": "official-context"
      }
    },
    {
      "type": "Feature",
      "id": "local-road-25093298",
      "geometry": {
        "type": "LineString",
        "coordinates": [
          [
            -120.72891506,
            44.95369263
          ],
          [
            -120.72901306,
            44.95369763
          ],
          [
            -120.72931506,
            44.95373963
          ],
          [
            -120.73006706,
            44.95392163
          ],
          [
            -120.73051206,
            44.95402163
          ],
          [
            -120.73113306,
            44.95419663
          ],
          [
            -120.73156706,
            44.95430263
          ],
          [
            -120.73207406,
            44.95439863
          ],
          [
            -120.73317206,
            44.95457263
          ],
          [
            -120.73344706,
            44.95462863
          ],
          [
            -120.73369006,
            44.95468563
          ],
          [
            -120.73389806,
            44.95475163
          ],
          [
            -120.73433106,
            44.95490563
          ],
          [
            -120.73458806,
            44.95497163
          ],
          [
            -120.73467306,
            44.95500563
          ],
          [
            -120.73483106,
            44.95508763
          ],
          [
            -120.73504806,
            44.95521963
          ],
          [
            -120.73523606,
            44.95532563
          ],
          [
            -120.73533506,
            44.95537363
          ],
          [
            -120.73545306,
            44.95542263
          ],
          [
            -120.73557706,
            44.95546563
          ],
          [
            -120.73583206,
            44.95553963
          ],
          [
            -120.73641506,
            44.95567163
          ],
          [
            -120.73660706,
            44.95571963
          ],
          [
            -120.73729406,
            44.95593363
          ],
          [
            -120.73751206,
            44.95599163
          ],
          [
            -120.73770106,
            44.95602563
          ],
          [
            -120.73779706,
            44.95603563
          ],
          [
            -120.73789806,
            44.95603863
          ],
          [
            -120.73819106,
            44.95603663
          ],
          [
            -120.73857406,
            44.95602263
          ],
          [
            -120.73942506,
            44.95600763
          ],
          [
            -120.73973406,
            44.95598763
          ],
          [
            -120.74010806,
            44.95594863
          ],
          [
            -120.74030206,
            44.95591663
          ],
          [
            -120.74068306,
            44.95583163
          ],
          [
            -120.74085006,
            44.95578463
          ],
          [
            -120.74117906,
            44.95567963
          ],
          [
            -120.74163606,
            44.95551563
          ],
          [
            -120.74181106,
            44.95544263
          ],
          [
            -120.74256906,
            44.95508262
          ],
          [
            -120.74299606,
            44.95490463
          ],
          [
            -120.74334506,
            44.95477262
          ],
          [
            -120.74352706,
            44.95468362
          ],
          [
            -120.74375006,
            44.95455662
          ],
          [
            -120.74419406,
            44.95431762
          ],
          [
            -120.74503006,
            44.95381062
          ],
          [
            -120.74543206,
            44.95358362
          ],
          [
            -120.74567006,
            44.95346962
          ],
          [
            -120.74589106,
            44.95337662
          ],
          [
            -120.74622506,
            44.95325062
          ],
          [
            -120.74635806,
            44.95320862
          ],
          [
            -120.74663706,
            44.95313662
          ],
          [
            -120.74691106,
            44.95308662
          ],
          [
            -120.74709306,
            44.95306062
          ],
          [
            -120.74744806,
            44.95302262
          ],
          [
            -120.74773906,
            44.95297662
          ],
          [
            -120.74829306,
            44.95294362
          ],
          [
            -120.74855806,
            44.95291262
          ],
          [
            -120.74893906,
            44.95284462
          ],
          [
            -120.74952506,
            44.95271362
          ],
          [
            -120.74988606,
            44.95266362
          ],
          [
            -120.75088106,
            44.95254862
          ],
          [
            -120.75121106,
            44.95250362
          ],
          [
            -120.75210506,
            44.95234962
          ],
          [
            -120.75327306,
            44.95216162
          ],
          [
            -120.75381006,
            44.95208662
          ],
          [
            -120.75447306,
            44.95201262
          ],
          [
            -120.75473106,
            44.95196262
          ],
          [
            -120.75489506,
            44.95192262
          ],
          [
            -120.75524206,
            44.95182462
          ],
          [
            -120.75560606,
            44.95170662
          ],
          [
            -120.75664906,
            44.95140662
          ],
          [
            -120.75710706,
            44.95126662
          ],
          [
            -120.75727106,
            44.95120862
          ],
          [
            -120.75751106,
            44.95110462
          ],
          [
            -120.75768906,
            44.95099862
          ],
          [
            -120.75841606,
            44.95046962
          ],
          [
            -120.75868406,
            44.95029562
          ],
          [
            -120.75881206,
            44.95022662
          ],
          [
            -120.75908706,
            44.95009262
          ],
          [
            -120.75938406,
            44.94996862
          ],
          [
            -120.75960706,
            44.94988362
          ],
          [
            -120.76026706,
            44.94967062
          ],
          [
            -120.76155506,
            44.94928862
          ],
          [
            -120.76201506,
            44.94916062
          ],
          [
            -120.76229206,
            44.94911262
          ],
          [
            -120.76252806,
            44.94909062
          ],
          [
            -120.76274506,
            44.94909662
          ],
          [
            -120.76284106,
            44.94910762
          ],
          [
            -120.76291206,
            44.94912362
          ],
          [
            -120.76304306,
            44.94917062
          ],
          [
            -120.76355506,
            44.94942462
          ],
          [
            -120.76372406,
            44.94949862
          ],
          [
            -120.76389906,
            44.94956662
          ],
          [
            -120.76425706,
            44.94969062
          ],
          [
            -120.76476106,
            44.94983462
          ],
          [
            -120.76524606,
            44.94995862
          ],
          [
            -120.76572006,
            44.95005762
          ],
          [
            -120.76654406,
            44.95019662
          ],
          [
            -120.76725006,
            44.95033962
          ],
          [
            -120.76781106,
            44.95043062
          ],
          [
            -120.76826606,
            44.95048462
          ],
          [
            -120.76858406,
            44.95050462
          ],
          [
            -120.76884506,
            44.95050162
          ],
          [
            -120.76947206,
            44.95048262
          ],
          [
            -120.76969306,
            44.95048562
          ],
          [
            -120.77039206,
            44.95051062
          ],
          [
            -120.77052006,
            44.95051162
          ],
          [
            -120.77085006,
            44.95048762
          ],
          [
            -120.77110006,
            44.95048062
          ],
          [
            -120.77159106,
            44.95050762
          ],
          [
            -120.77169206,
            44.95050862
          ],
          [
            -120.77178306,
            44.95050162
          ],
          [
            -120.77196206,
            44.95047562
          ],
          [
            -120.77215806,
            44.95043362
          ],
          [
            -120.77231506,
            44.95038762
          ],
          [
            -120.77244906,
            44.95033462
          ],
          [
            -120.77260606,
            44.95025562
          ],
          [
            -120.77276906,
            44.95015562
          ],
          [
            -120.77299906,
            44.95002762
          ],
          [
            -120.77318606,
            44.94993962
          ],
          [
            -120.77342206,
            44.94982862
          ],
          [
            -120.77357206,
            44.94973862
          ],
          [
            -120.77395606,
            44.94948762
          ],
          [
            -120.77415706,
            44.94937162
          ],
          [
            -120.77451306,
            44.94919862
          ],
          [
            -120.77479206,
            44.94908262
          ],
          [
            -120.77504806,
            44.94901262
          ],
          [
            -120.77518006,
            44.94898662
          ],
          [
            -120.77558306,
            44.94892762
          ],
          [
            -120.77581806,
            44.94888162
          ],
          [
            -120.77602506,
            44.94882262
          ],
          [
            -120.77634306,
            44.94871862
          ],
          [
            -120.77653206,
            44.94867362
          ],
          [
            -120.77665906,
            44.94865262
          ],
          [
            -120.77676106,
            44.94864462
          ],
          [
            -120.77707206,
            44.94863862
          ],
          [
            -120.77729206,
            44.94861762
          ],
          [
            -120.77742606,
            44.94859462
          ],
          [
            -120.77755606,
            44.94856562
          ],
          [
            -120.77768406,
            44.94852862
          ],
          [
            -120.77780906,
            44.94848462
          ],
          [
            -120.77805006,
            44.94838762
          ],
          [
            -120.77855506,
            44.94814762
          ],
          [
            -120.77887106,
            44.94801862
          ],
          [
            -120.77919506,
            44.94790162
          ],
          [
            -120.78040506,
            44.94750662
          ],
          [
            -120.78147106,
            44.94714362
          ],
          [
            -120.78244706,
            44.94680362
          ],
          [
            -120.78325906,
            44.94653162
          ],
          [
            -120.78336706,
            44.94650062
          ],
          [
            -120.78347806,
            44.94647462
          ],
          [
            -120.78360006,
            44.94645562
          ],
          [
            -120.78385006,
            44.94643262
          ],
          [
            -120.78401706,
            44.94643062
          ],
          [
            -120.78447806,
            44.94644162
          ],
          [
            -120.78506706,
            44.94646662
          ],
          [
            -120.78597406,
            44.94648362
          ],
          [
            -120.78729906,
            44.94646862
          ],
          [
            -120.78760506,
            44.94645762
          ]
        ]
      },
      "properties": {
        "context_class": "local-road",
        "source_object_id": 25093298,
        "name": "306",
        "source_dataset_id": "{94591221-486A-4818-BDC4-F8ECD9D3F0EE}",
        "source_originator": "U.S. Department of Commerce, U.S. Census Bureau, Geography Division",
        "analytical_status": "official-context"
      }
    },
    {
      "type": "Feature",
      "id": "local-road-25862111",
      "geometry": {
        "type": "LineString",
        "coordinates": [
          [
            -120.72287005,
            44.91173662
          ],
          [
            -120.72368705,
            44.91254662
          ]
        ]
      },
      "properties": {
        "context_class": "local-road",
        "source_object_id": 25862111,
        "name": "College St",
        "source_dataset_id": "{94591221-486A-4818-BDC4-F8ECD9D3F0EE}",
        "source_originator": "U.S. Department of Commerce, U.S. Census Bureau, Geography Division",
        "analytical_status": "official-context"
      }
    },
    {
      "type": "Feature",
      "id": "local-road-25862147",
      "geometry": {
        "type": "LineString",
        "coordinates": [
          [
            -120.75138507,
            45.00144863
          ],
          [
            -120.75140907,
            45.00140763
          ],
          [
            -120.75143507,
            45.00131863
          ],
          [
            -120.75143707,
            45.00127163
          ],
          [
            -120.75138207,
            45.00098163
          ],
          [
            -120.75135907,
            45.00090863
          ],
          [
            -120.75132407,
            45.00083263
          ],
          [
            -120.75128807,
            45.00077063
          ],
          [
            -120.75125307,
            45.00070863
          ],
          [
            -120.75117307,
            45.00052663
          ],
          [
            -120.75115707,
            45.00046163
          ],
          [
            -120.75116407,
            45.00037763
          ],
          [
            -120.75115907,
            45.00033763
          ],
          [
            -120.75114107,
            45.00027963
          ],
          [
            -120.75109607,
            45.00018863
          ],
          [
            -120.75103007,
            45.00008563
          ],
          [
            -120.75098007,
            45.00001963
          ],
          [
            -120.75083807,
            44.99987263
          ],
          [
            -120.75080707,
            44.99983063
          ],
          [
            -120.75078307,
            44.99978863
          ],
          [
            -120.75077507,
            44.99975463
          ],
          [
            -120.75075507,
            44.99955563
          ],
          [
            -120.75074307,
            44.99949063
          ],
          [
            -120.75072407,
            44.99942763
          ],
          [
            -120.75067807,
            44.99932963
          ],
          [
            -120.75066707,
            44.99927163
          ],
          [
            -120.75066707,
            44.99921363
          ],
          [
            -120.75067707,
            44.99915563
          ],
          [
            -120.75069607,
            44.99909763
          ],
          [
            -120.75076607,
            44.99896363
          ],
          [
            -120.75084407,
            44.99884563
          ],
          [
            -120.75086507,
            44.99881563
          ],
          [
            -120.75092407,
            44.99871663
          ],
          [
            -120.75097607,
            44.99861663
          ],
          [
            -120.75104107,
            44.99844763
          ],
          [
            -120.75108907,
            44.99828263
          ],
          [
            -120.75113507,
            44.99819863
          ]
        ]
      },
      "properties": {
        "context_class": "local-road",
        "source_object_id": 25862147,
        "name": "F St",
        "source_dataset_id": "{94591221-486A-4818-BDC4-F8ECD9D3F0EE}",
        "source_originator": "U.S. Department of Commerce, U.S. Census Bureau, Geography Division",
        "analytical_status": "official-context"
      }
    },
    {
      "type": "Feature",
      "id": "local-road-27331108",
      "geometry": {
        "type": "LineString",
        "coordinates": [
          [
            -120.72455405,
            44.91087162
          ],
          [
            -120.72471505,
            44.91103062
          ],
          [
            -120.72520005,
            44.91151062
          ],
          [
            -120.72536205,
            44.91167062
          ]
        ]
      },
      "properties": {
        "context_class": "local-road",
        "source_object_id": 27331108,
        "name": "Willard St",
        "source_dataset_id": "{83127C30-1393-4558-8547-2C9D056664F0}",
        "source_originator": "U.S. Department of Commerce, U.S. Census Bureau, Geography Division",
        "analytical_status": "official-context"
      }
    },
    {
      "type": "Feature",
      "id": "local-road-27655680",
      "geometry": {
        "type": "LineString",
        "coordinates": [
          [
            -120.75252707,
            45.00461163
          ],
          [
            -120.75257607,
            45.00461363
          ],
          [
            -120.75272307,
            45.00462263
          ],
          [
            -120.75277307,
            45.00462563
          ]
        ]
      },
      "properties": {
        "context_class": "local-road",
        "source_object_id": 27655680,
        "name": "F St",
        "source_dataset_id": "{94591221-486A-4818-BDC4-F8ECD9D3F0EE}",
        "source_originator": "U.S. Department of Commerce, U.S. Census Bureau, Geography Division",
        "analytical_status": "official-context"
      }
    },
    {
      "type": "Feature",
      "id": "local-road-27912669",
      "geometry": {
        "type": "LineString",
        "coordinates": [
          [
            -120.75139207,
            45.00460463
          ],
          [
            -120.75099407,
            45.00460963
          ],
          [
            -120.75084407,
            45.00460663
          ],
          [
            -120.75053507,
            45.00458763
          ],
          [
            -120.75027307,
            45.00457263
          ],
          [
            -120.74961807,
            45.00454363
          ],
          [
            -120.74923807,
            45.00453063
          ],
          [
            -120.74866607,
            45.00451963
          ],
          [
            -120.74796707,
            45.00452063
          ],
          [
            -120.74732007,
            45.00452263
          ],
          [
            -120.74729807,
            45.00452263
          ],
          [
            -120.74711107,
            45.00452463
          ],
          [
            -120.74706107,
            45.00452463
          ]
        ]
      },
      "properties": {
        "context_class": "local-road",
        "source_object_id": 27912669,
        "name": "5th St",
        "source_dataset_id": "{94591221-486A-4818-BDC4-F8ECD9D3F0EE}",
        "source_originator": "U.S. Department of Commerce, U.S. Census Bureau, Geography Division",
        "analytical_status": "official-context"
      }
    },
    {
      "type": "Feature",
      "id": "local-road-28040605",
      "geometry": {
        "type": "LineString",
        "coordinates": [
          [
            -121.00117912,
            45.04915861
          ],
          [
            -121.00197112,
            45.04928461
          ],
          [
            -121.00271612,
            45.04933061
          ],
          [
            -121.00349386,
            45.04937872
          ]
        ]
      },
      "properties": {
        "context_class": "local-road",
        "source_object_id": 28040605,
        "name": null,
        "source_dataset_id": "{94591221-486A-4818-BDC4-F8ECD9D3F0EE}",
        "source_originator": "U.S. Department of Commerce, U.S. Census Bureau, Geography Division",
        "analytical_status": "official-context"
      }
    },
    {
      "type": "Feature",
      "id": "local-road-28170166",
      "geometry": {
        "type": "LineString",
        "coordinates": [
          [
            -120.80896308,
            45.01886562
          ],
          [
            -120.80917308,
            45.01896562
          ],
          [
            -120.81015808,
            45.01941762
          ],
          [
            -120.81034508,
            45.01951062
          ],
          [
            -120.81050608,
            45.01959962
          ],
          [
            -120.81096308,
            45.01989162
          ],
          [
            -120.81117208,
            45.02003962
          ],
          [
            -120.81124208,
            45.02010262
          ],
          [
            -120.81126508,
            45.02012362
          ],
          [
            -120.81143008,
            45.02030162
          ],
          [
            -120.81164908,
            45.02055962
          ],
          [
            -120.81177008,
            45.02074162
          ],
          [
            -120.81224308,
            45.02175262
          ],
          [
            -120.81282108,
            45.02304762
          ],
          [
            -120.81354808,
            45.02463662
          ],
          [
            -120.81357308,
            45.02467862
          ],
          [
            -120.81358808,
            45.02472262
          ],
          [
            -120.81380908,
            45.02520662
          ],
          [
            -120.81393808,
            45.02552962
          ],
          [
            -120.81399408,
            45.02569262
          ],
          [
            -120.81405708,
            45.02591662
          ],
          [
            -120.81421508,
            45.02662162
          ],
          [
            -120.81430308,
            45.02713262
          ],
          [
            -120.81432308,
            45.02730762
          ],
          [
            -120.81433408,
            45.02757962
          ],
          [
            -120.81433108,
            45.02780862
          ],
          [
            -120.81428808,
            45.02869262
          ],
          [
            -120.81426508,
            45.02888762
          ],
          [
            -120.81423208,
            45.02907362
          ],
          [
            -120.81409908,
            45.02966762
          ],
          [
            -120.81397608,
            45.03003162
          ],
          [
            -120.81222808,
            45.03426362
          ],
          [
            -120.81159108,
            45.03580862
          ],
          [
            -120.80962309,
            45.04047662
          ],
          [
            -120.80927409,
            45.04138262
          ],
          [
            -120.80876809,
            45.04255362
          ],
          [
            -120.80864909,
            45.04284662
          ],
          [
            -120.80843909,
            45.04341662
          ],
          [
            -120.80841109,
            45.04352662
          ],
          [
            -120.80840209,
            45.04361662
          ],
          [
            -120.80838109,
            45.04430062
          ],
          [
            -120.80836509,
            45.04649962
          ],
          [
            -120.80838109,
            45.04682562
          ],
          [
            -120.80842609,
            45.04704462
          ],
          [
            -120.80850709,
            45.04725962
          ],
          [
            -120.80861809,
            45.04746062
          ],
          [
            -120.80876909,
            45.04767562
          ],
          [
            -120.80894709,
            45.04788162
          ],
          [
            -120.81109509,
            45.04990562
          ],
          [
            -120.81166209,
            45.05045562
          ],
          [
            -120.81195309,
            45.05072662
          ],
          [
            -120.81258709,
            45.05127862
          ],
          [
            -120.81319409,
            45.05176962
          ],
          [
            -120.81350709,
            45.05200962
          ],
          [
            -120.81407209,
            45.05241562
          ],
          [
            -120.81440409,
            45.05267662
          ],
          [
            -120.81467909,
            45.05286862
          ],
          [
            -120.81477709,
            45.05292662
          ],
          [
            -120.81499709,
            45.05303162
          ],
          [
            -120.81522909,
            45.05312362
          ],
          [
            -120.81541909,
            45.05318862
          ],
          [
            -120.81564609,
            45.05325362
          ],
          [
            -120.81576209,
            45.05327962
          ],
          [
            -120.81603609,
            45.05331562
          ],
          [
            -120.81633609,
            45.05333162
          ],
          [
            -120.81696709,
            45.05332462
          ],
          [
            -120.81826809,
            45.05326962
          ],
          [
            -120.81845509,
            45.05326562
          ],
          [
            -120.81881809,
            45.05327562
          ],
          [
            -120.81901809,
            45.05329362
          ],
          [
            -120.81914509,
            45.05331262
          ],
          [
            -120.82012509,
            45.05352262
          ],
          [
            -120.82043809,
            45.05360662
          ],
          [
            -120.82066109,
            45.05369162
          ],
          [
            -120.82076709,
            45.05374562
          ],
          [
            -120.82096109,
            45.05386962
          ],
          [
            -120.82110809,
            45.05398462
          ],
          [
            -120.82123909,
            45.05411062
          ],
          [
            -120.82135509,
            45.05424362
          ],
          [
            -120.82151309,
            45.05446662
          ],
          [
            -120.82155509,
            45.05454662
          ],
          [
            -120.82158209,
            45.05462262
          ],
          [
            -120.82165209,
            45.05503962
          ],
          [
            -120.82167509,
            45.05528962
          ],
          [
            -120.82178809,
            45.05648162
          ],
          [
            -120.82185109,
            45.05724762
          ],
          [
            -120.82189009,
            45.05761262
          ],
          [
            -120.82194809,
            45.05797662
          ],
          [
            -120.82200009,
            45.05820662
          ],
          [
            -120.82205509,
            45.05833462
          ],
          [
            -120.82215809,
            45.05849662
          ],
          [
            -120.82231709,
            45.05869862
          ],
          [
            -120.82242709,
            45.05881762
          ],
          [
            -120.82251286,
            45.05889991
          ]
        ]
      },
      "properties": {
        "context_class": "local-road",
        "source_object_id": 28170166,
        "name": "Bakeoven Rd",
        "source_dataset_id": "{94591221-486A-4818-BDC4-F8ECD9D3F0EE}",
        "source_originator": "U.S. Department of Commerce, U.S. Census Bureau, Geography Division",
        "analytical_status": "official-context"
      }
    },
    {
      "type": "Feature",
      "id": "local-road-28358538",
      "geometry": {
        "type": "LineString",
        "coordinates": [
          [
            -121.00840967,
            44.90760585
          ],
          [
            -121.00824593,
            44.90761695
          ],
          [
            -121.00705699,
            44.90755649
          ],
          [
            -121.00677487,
            44.9074826
          ],
          [
            -121.00617006,
            44.90734749
          ],
          [
            -121.00603709,
            44.9073366
          ],
          [
            -121.00561159,
            44.90735904
          ],
          [
            -121.00531997,
            44.90741817
          ],
          [
            -121.00512915,
            44.90748932
          ],
          [
            -121.00460521,
            44.9077177
          ],
          [
            -121.0043634,
            44.90781846
          ],
          [
            -121.00363794,
            44.90793937
          ],
          [
            -121.00191028,
            44.90828867
          ],
          [
            -121.000278,
            44.90860437
          ],
          [
            -120.99943835,
            44.90877902
          ],
          [
            -120.99814865,
            44.9086917
          ],
          [
            -120.99737617,
            44.90870513
          ],
          [
            -120.99689159,
            44.90877652
          ],
          [
            -120.99657058,
            44.90888265
          ],
          [
            -120.99631482,
            44.90901693
          ],
          [
            -120.99598234,
            44.90917038
          ],
          [
            -120.99349511,
            44.91002077
          ],
          [
            -120.99289791,
            44.91018062
          ],
          [
            -120.99048102,
            44.91050031
          ],
          [
            -120.98854366,
            44.91074968
          ],
          [
            -120.98807691,
            44.91076886
          ],
          [
            -120.98773163,
            44.91073689
          ],
          [
            -120.98725209,
            44.91066656
          ],
          [
            -120.98601807,
            44.91028292
          ],
          [
            -120.98523887,
            44.90999716
          ],
          [
            -120.98403257,
            44.91002282
          ],
          [
            -120.9833968,
            44.91002926
          ],
          [
            -120.98262616,
            44.91022621
          ],
          [
            -120.98175276,
            44.91054303
          ],
          [
            -120.98156438,
            44.91062865
          ],
          [
            -120.98148732,
            44.91079991
          ],
          [
            -120.98146163,
            44.91112529
          ],
          [
            -120.98165857,
            44.91157055
          ],
          [
            -120.98202677,
            44.91216994
          ],
          [
            -120.98210383,
            44.91236688
          ],
          [
            -120.98210383,
            44.91252101
          ],
          [
            -120.98202677,
            44.91262376
          ],
          [
            -120.98163288,
            44.9128207
          ],
          [
            -120.98106775,
            44.91299196
          ],
          [
            -120.98063961,
            44.91311183
          ],
          [
            -120.98008304,
            44.91343722
          ],
          [
            -120.97969772,
            44.91366841
          ],
          [
            -120.97912402,
            44.91385679
          ],
          [
            -120.97872157,
            44.91412223
          ],
          [
            -120.97819925,
            44.91442193
          ],
          [
            -120.97805368,
            44.91452468
          ],
          [
            -120.97804512,
            44.91464456
          ],
          [
            -120.97804512,
            44.9148415
          ],
          [
            -120.97803656,
            44.91508125
          ],
          [
            -120.97798518,
            44.91535526
          ],
          [
            -120.9776598,
            44.91607024
          ],
          [
            -120.9775913,
            44.91622437
          ],
          [
            -120.97756561,
            44.91638706
          ],
          [
            -120.97760842,
            44.91666963
          ],
          [
            -120.97760842,
            44.91676382
          ],
          [
            -120.97754848,
            44.9168837
          ],
          [
            -120.97732585,
            44.91697789
          ],
          [
            -120.97712891,
            44.91713202
          ],
          [
            -120.97686347,
            44.91747452
          ],
          [
            -120.9767179,
            44.91779991
          ],
          [
            -120.97655521,
            44.91799685
          ],
          [
            -120.97629833,
            44.9180996
          ],
          [
            -120.97577601,
            44.91820235
          ],
          [
            -120.97553625,
            44.91820235
          ],
          [
            -120.97530506,
            44.91809104
          ],
          [
            -120.9752023,
            44.91793691
          ],
          [
            -120.97514237,
            44.91762009
          ],
          [
            -120.9751338,
            44.91721764
          ],
          [
            -120.97515093,
            44.91682376
          ],
          [
            -120.97519374,
            44.91647269
          ],
          [
            -120.97522799,
            44.916173
          ],
          [
            -120.97523656,
            44.91592468
          ],
          [
            -120.97507386,
            44.91538523
          ],
          [
            -120.97486836,
            44.91508553
          ],
          [
            -120.97467998,
            44.91493997
          ],
          [
            -120.97407203,
            44.91471734
          ],
          [
            -120.97259925,
            44.91416076
          ],
          [
            -120.96976328,
            44.91284639
          ],
          [
            -120.96520147,
            44.91066955
          ]
        ]
      },
      "properties": {
        "context_class": "local-road",
        "source_object_id": 28358538,
        "name": null,
        "source_dataset_id": "{83127C30-1393-4558-8547-2C9D056664F0}",
        "source_originator": "U.S. Department of Commerce, U.S. Census Bureau, Geography Division",
        "analytical_status": "official-context"
      }
    },
    {
      "type": "Feature",
      "id": "local-road-28941470",
      "geometry": {
        "type": "LineString",
        "coordinates": [
          [
            -120.75137207,
            45.00310663
          ],
          [
            -120.75136707,
            45.00298263
          ],
          [
            -120.75135407,
            45.00261063
          ],
          [
            -120.75135007,
            45.00248763
          ]
        ]
      },
      "properties": {
        "context_class": "local-road",
        "source_object_id": 28941470,
        "name": "F St",
        "source_dataset_id": "{94591221-486A-4818-BDC4-F8ECD9D3F0EE}",
        "source_originator": "U.S. Department of Commerce, U.S. Census Bureau, Geography Division",
        "analytical_status": "official-context"
      }
    },
    {
      "type": "Feature",
      "id": "local-road-29841557",
      "geometry": {
        "type": "LineString",
        "coordinates": [
          [
            -120.71708305,
            44.91358062
          ],
          [
            -120.71662505,
            44.91365463
          ],
          [
            -120.71629505,
            44.91371962
          ],
          [
            -120.71594105,
            44.91382763
          ],
          [
            -120.71585205,
            44.91386163
          ],
          [
            -120.71572005,
            44.91392862
          ],
          [
            -120.71545005,
            44.91411263
          ],
          [
            -120.71519605,
            44.91430462
          ],
          [
            -120.71471305,
            44.91471563
          ],
          [
            -120.71469605,
            44.91473163
          ],
          [
            -120.71395105,
            44.91534463
          ],
          [
            -120.71301105,
            44.91608763
          ],
          [
            -120.71277205,
            44.91630363
          ],
          [
            -120.71256705,
            44.91651163
          ],
          [
            -120.71247105,
            44.91665163
          ],
          [
            -120.71237505,
            44.91685763
          ],
          [
            -120.71172905,
            44.91860063
          ],
          [
            -120.71140405,
            44.91960163
          ],
          [
            -120.71128305,
            44.92003063
          ],
          [
            -120.71119305,
            44.92041163
          ],
          [
            -120.71112305,
            44.92062263
          ],
          [
            -120.71103705,
            44.92078663
          ],
          [
            -120.71096705,
            44.92086963
          ],
          [
            -120.71082105,
            44.92099063
          ],
          [
            -120.71069605,
            44.92107163
          ],
          [
            -120.71050105,
            44.92117463
          ],
          [
            -120.71044705,
            44.92119763
          ],
          [
            -120.70938305,
            44.92166163
          ],
          [
            -120.70824805,
            44.92214163
          ],
          [
            -120.70797305,
            44.92226163
          ],
          [
            -120.70694305,
            44.92271163
          ],
          [
            -120.70683505,
            44.92275963
          ],
          [
            -120.70499105,
            44.92358963
          ],
          [
            -120.70387105,
            44.92410063
          ],
          [
            -120.70284905,
            44.92456763
          ],
          [
            -120.70212905,
            44.92489663
          ],
          [
            -120.70157705,
            44.92512263
          ],
          [
            -120.70129305,
            44.92525163
          ],
          [
            -120.70105605,
            44.92538463
          ],
          [
            -120.70095305,
            44.92545163
          ],
          [
            -120.70079705,
            44.92558463
          ],
          [
            -120.70022505,
            44.92616663
          ],
          [
            -120.69981005,
            44.92655563
          ],
          [
            -120.69957405,
            44.92674963
          ],
          [
            -120.69943905,
            44.92684163
          ],
          [
            -120.69905105,
            44.92707163
          ],
          [
            -120.69822405,
            44.92753163
          ],
          [
            -120.69772605,
            44.92780963
          ],
          [
            -120.69743304,
            44.92796463
          ],
          [
            -120.69716205,
            44.92808763
          ],
          [
            -120.69698405,
            44.92814963
          ],
          [
            -120.69693305,
            44.92816763
          ],
          [
            -120.69655805,
            44.92824863
          ],
          [
            -120.69621498,
            44.92830248
          ]
        ]
      },
      "properties": {
        "context_class": "local-road",
        "source_object_id": 29841557,
        "name": "Bennett Rd",
        "source_dataset_id": "{94591221-486A-4818-BDC4-F8ECD9D3F0EE}",
        "source_originator": "U.S. Department of Commerce, U.S. Census Bureau, Geography Division",
        "analytical_status": "official-context"
      }
    },
    {
      "type": "Feature",
      "id": "local-road-29841578",
      "geometry": {
        "type": "LineString",
        "coordinates": [
          [
            -120.6975659,
            44.89449495
          ],
          [
            -120.69796404,
            44.89444063
          ],
          [
            -120.69836604,
            44.89441463
          ],
          [
            -120.69898904,
            44.89440963
          ],
          [
            -120.70026404,
            44.89436463
          ],
          [
            -120.70082604,
            44.89435863
          ],
          [
            -120.70101004,
            44.89434363
          ],
          [
            -120.70118904,
            44.89431263
          ],
          [
            -120.70207004,
            44.89402863
          ],
          [
            -120.70232604,
            44.89396863
          ],
          [
            -120.70256204,
            44.89392763
          ],
          [
            -120.70277304,
            44.89391463
          ],
          [
            -120.70296004,
            44.89392563
          ],
          [
            -120.70374204,
            44.89404262
          ],
          [
            -120.70414604,
            44.89413962
          ],
          [
            -120.70494604,
            44.89439163
          ],
          [
            -120.70529504,
            44.89451962
          ],
          [
            -120.70593104,
            44.89478562
          ],
          [
            -120.70628404,
            44.89491462
          ],
          [
            -120.70644104,
            44.89500562
          ],
          [
            -120.70679104,
            44.89526962
          ],
          [
            -120.70692904,
            44.89534662
          ],
          [
            -120.70703904,
            44.89538362
          ],
          [
            -120.70716704,
            44.89539662
          ],
          [
            -120.70741604,
            44.89540162
          ],
          [
            -120.70765304,
            44.89538862
          ],
          [
            -120.70805104,
            44.89534262
          ],
          [
            -120.70876004,
            44.89523762
          ],
          [
            -120.70899904,
            44.89521362
          ],
          [
            -120.70925904,
            44.89520762
          ],
          [
            -120.70954004,
            44.89522462
          ],
          [
            -120.70984404,
            44.89526562
          ],
          [
            -120.71051504,
            44.89538662
          ],
          [
            -120.71076004,
            44.89545162
          ],
          [
            -120.71088004,
            44.89550762
          ],
          [
            -120.71107804,
            44.89567362
          ],
          [
            -120.71137204,
            44.89585962
          ],
          [
            -120.71206404,
            44.89641262
          ],
          [
            -120.71252304,
            44.89673962
          ],
          [
            -120.71279004,
            44.89699962
          ],
          [
            -120.71294604,
            44.89710462
          ],
          [
            -120.71307504,
            44.89717362
          ],
          [
            -120.71327604,
            44.89725762
          ],
          [
            -120.71358604,
            44.89735862
          ],
          [
            -120.71401004,
            44.89754162
          ],
          [
            -120.71455604,
            44.89780462
          ],
          [
            -120.71474504,
            44.89788462
          ],
          [
            -120.71581804,
            44.89828462
          ],
          [
            -120.71637404,
            44.89854262
          ],
          [
            -120.71752104,
            44.89899362
          ],
          [
            -120.71855204,
            44.89943262
          ],
          [
            -120.71888504,
            44.89954862
          ],
          [
            -120.71954904,
            44.89971162
          ],
          [
            -120.72020204,
            44.89994862
          ],
          [
            -120.72055204,
            44.90003162
          ],
          [
            -120.72077104,
            44.90005962
          ],
          [
            -120.72116504,
            44.90006062
          ],
          [
            -120.72154204,
            44.90007962
          ],
          [
            -120.72164504,
            44.90009562
          ],
          [
            -120.72183204,
            44.90014462
          ],
          [
            -120.72198704,
            44.90021462
          ],
          [
            -120.72247704,
            44.90059362
          ],
          [
            -120.72277004,
            44.90087562
          ],
          [
            -120.72294304,
            44.90101462
          ],
          [
            -120.72325304,
            44.90122362
          ],
          [
            -120.72347704,
            44.90133762
          ],
          [
            -120.72357904,
            44.90137562
          ],
          [
            -120.72367904,
            44.90143062
          ],
          [
            -120.72372904,
            44.90151362
          ],
          [
            -120.72373904,
            44.90157662
          ],
          [
            -120.72394504,
            44.90193562
          ],
          [
            -120.72399904,
            44.90214962
          ],
          [
            -120.72401804,
            44.90222662
          ],
          [
            -120.72412904,
            44.90247362
          ],
          [
            -120.72424504,
            44.90289162
          ],
          [
            -120.72426504,
            44.90300962
          ],
          [
            -120.72425905,
            44.90312062
          ],
          [
            -120.72421805,
            44.90321762
          ],
          [
            -120.72404004,
            44.90340362
          ],
          [
            -120.72388804,
            44.90352462
          ],
          [
            -120.72344905,
            44.90381462
          ],
          [
            -120.72215105,
            44.90457362
          ],
          [
            -120.72187804,
            44.90473362
          ],
          [
            -120.72158504,
            44.90494662
          ],
          [
            -120.72132804,
            44.90518062
          ],
          [
            -120.72113804,
            44.90540662
          ],
          [
            -120.72096104,
            44.90566362
          ],
          [
            -120.72089405,
            44.90577962
          ],
          [
            -120.72087305,
            44.90581562
          ],
          [
            -120.72085004,
            44.90585562
          ],
          [
            -120.72067504,
            44.90615662
          ],
          [
            -120.72045705,
            44.90656362
          ],
          [
            -120.72025504,
            44.90687062
          ],
          [
            -120.72023605,
            44.90690462
          ],
          [
            -120.72010504,
            44.90713262
          ],
          [
            -120.72005604,
            44.90722062
          ],
          [
            -120.71983904,
            44.90754962
          ],
          [
            -120.71969705,
            44.90780862
          ],
          [
            -120.71962804,
            44.90793562
          ],
          [
            -120.71957704,
            44.90804262
          ]
        ]
      },
      "properties": {
        "context_class": "local-road",
        "source_object_id": 29841578,
        "name": null,
        "source_dataset_id": "{94591221-486A-4818-BDC4-F8ECD9D3F0EE}",
        "source_originator": "U.S. Department of Commerce, U.S. Census Bureau, Geography Division",
        "analytical_status": "official-context"
      }
    },
    {
      "type": "Feature",
      "id": "local-road-30741703",
      "geometry": {
        "type": "LineString",
        "coordinates": [
          [
            -120.72046205,
            44.90945462
          ],
          [
            -120.72031005,
            44.90953662
          ],
          [
            -120.71985505,
            44.90978462
          ],
          [
            -120.71970404,
            44.90986762
          ]
        ]
      },
      "properties": {
        "context_class": "local-road",
        "source_object_id": 30741703,
        "name": "Maupin St",
        "source_dataset_id": "{94591221-486A-4818-BDC4-F8ECD9D3F0EE}",
        "source_originator": "U.S. Department of Commerce, U.S. Census Bureau, Geography Division",
        "analytical_status": "official-context"
      }
    },
    {
      "type": "Feature",
      "id": "local-road-30930997",
      "geometry": {
        "type": "LineString",
        "coordinates": [
          [
            -120.96520147,
            44.91066955
          ],
          [
            -120.96512909,
            44.9107126
          ]
        ]
      },
      "properties": {
        "context_class": "local-road",
        "source_object_id": 30930997,
        "name": "S Junction Rd",
        "source_dataset_id": "{83127C30-1393-4558-8547-2C9D056664F0}",
        "source_originator": "U.S. Department of Commerce, U.S. Census Bureau, Geography Division",
        "analytical_status": "official-context"
      }
    },
    {
      "type": "Feature",
      "id": "local-road-31316482",
      "geometry": {
        "type": "LineString",
        "coordinates": [
          [
            -120.72135005,
            44.90901962
          ],
          [
            -120.72119704,
            44.90909962
          ],
          [
            -120.72089705,
            44.90925862
          ],
          [
            -120.72073605,
            44.90933062
          ],
          [
            -120.72058005,
            44.90940162
          ],
          [
            -120.72055605,
            44.90941162
          ],
          [
            -120.72048505,
            44.90944362
          ],
          [
            -120.72046205,
            44.90945462
          ]
        ]
      },
      "properties": {
        "context_class": "local-road",
        "source_object_id": 31316482,
        "name": "Maupin St",
        "source_dataset_id": "{83127C30-1393-4558-8547-2C9D056664F0}",
        "source_originator": "U.S. Department of Commerce, U.S. Census Bureau, Geography Division",
        "analytical_status": "official-context"
      }
    },
    {
      "type": "Feature",
      "id": "local-road-31385127",
      "geometry": {
        "type": "LineString",
        "coordinates": [
          [
            -120.75277307,
            45.00462563
          ],
          [
            -120.75296207,
            45.00462763
          ],
          [
            -120.75352907,
            45.00463363
          ],
          [
            -120.75371907,
            45.00463663
          ]
        ]
      },
      "properties": {
        "context_class": "local-road",
        "source_object_id": 31385127,
        "name": "F St",
        "source_dataset_id": "{94591221-486A-4818-BDC4-F8ECD9D3F0EE}",
        "source_originator": "U.S. Department of Commerce, U.S. Census Bureau, Geography Division",
        "analytical_status": "official-context"
      }
    },
    {
      "type": "Feature",
      "id": "local-road-31642631",
      "geometry": {
        "type": "LineString",
        "coordinates": [
          [
            -120.71970404,
            44.90986762
          ],
          [
            -120.72001805,
            44.91017362
          ],
          [
            -120.72096205,
            44.91109462
          ],
          [
            -120.72127705,
            44.91140162
          ]
        ]
      },
      "properties": {
        "context_class": "local-road",
        "source_object_id": 31642631,
        "name": "East St",
        "source_dataset_id": "{94591221-486A-4818-BDC4-F8ECD9D3F0EE}",
        "source_originator": "U.S. Department of Commerce, U.S. Census Bureau, Geography Division",
        "analytical_status": "official-context"
      }
    },
    {
      "type": "Feature",
      "id": "local-road-31770692",
      "geometry": {
        "type": "LineString",
        "coordinates": [
          [
            -120.75372007,
            45.00382963
          ],
          [
            -120.75371907,
            45.00399063
          ],
          [
            -120.75371907,
            45.00447463
          ],
          [
            -120.75371907,
            45.00463663
          ]
        ]
      },
      "properties": {
        "context_class": "local-road",
        "source_object_id": 31770692,
        "name": "D St",
        "source_dataset_id": "{94591221-486A-4818-BDC4-F8ECD9D3F0EE}",
        "source_originator": "U.S. Department of Commerce, U.S. Census Bureau, Geography Division",
        "analytical_status": "official-context"
      }
    },
    {
      "type": "Feature",
      "id": "local-road-32157914",
      "geometry": {
        "type": "LineString",
        "coordinates": [
          [
            -120.75374207,
            45.00565663
          ],
          [
            -120.75374707,
            45.00586463
          ],
          [
            -120.75374407,
            45.00600963
          ],
          [
            -120.75373607,
            45.00650963
          ],
          [
            -120.75370307,
            45.00658063
          ],
          [
            -120.75357407,
            45.00667563
          ],
          [
            -120.75348307,
            45.00671163
          ],
          [
            -120.75325707,
            45.00672263
          ],
          [
            -120.75290407,
            45.00673263
          ],
          [
            -120.75275107,
            45.00670163
          ],
          [
            -120.75256107,
            45.00668063
          ]
        ]
      },
      "properties": {
        "context_class": "local-road",
        "source_object_id": 32157914,
        "name": "D St",
        "source_dataset_id": "{94591221-486A-4818-BDC4-F8ECD9D3F0EE}",
        "source_originator": "U.S. Department of Commerce, U.S. Census Bureau, Geography Division",
        "analytical_status": "official-context"
      }
    },
    {
      "type": "Feature",
      "id": "local-road-32674667",
      "geometry": {
        "type": "LineString",
        "coordinates": [
          [
            -120.75184107,
            45.00460763
          ],
          [
            -120.75197807,
            45.00460763
          ],
          [
            -120.75238907,
            45.00461063
          ],
          [
            -120.75252707,
            45.00461163
          ]
        ]
      },
      "properties": {
        "context_class": "local-road",
        "source_object_id": 32674667,
        "name": "F St",
        "source_dataset_id": "{94591221-486A-4818-BDC4-F8ECD9D3F0EE}",
        "source_originator": "U.S. Department of Commerce, U.S. Census Bureau, Geography Division",
        "analytical_status": "official-context"
      }
    },
    {
      "type": "Feature",
      "id": "local-road-36991820",
      "geometry": {
        "type": "LineString",
        "coordinates": [
          [
            -120.93621366,
            44.89586309
          ],
          [
            -120.93611526,
            44.89557258
          ],
          [
            -120.93591378,
            44.89521179
          ],
          [
            -120.93560922,
            44.89483694
          ],
          [
            -120.93510786,
            44.89437307
          ],
          [
            -120.93506569,
            44.89427936
          ],
          [
            -120.93506101,
            44.89415285
          ],
          [
            -120.93507975,
            44.89402634
          ],
          [
            -120.93513129,
            44.89394668
          ],
          [
            -120.93522969,
            44.89387171
          ],
          [
            -120.93540774,
            44.89379206
          ],
          [
            -120.93558579,
            44.89376394
          ],
          [
            -120.93576384,
            44.89380143
          ],
          [
            -120.93597001,
            44.89386703
          ],
          [
            -120.936134,
            44.89398417
          ],
          [
            -120.9363636,
            44.89418565
          ],
          [
            -120.93755842,
            44.89548824
          ],
          [
            -120.93756779,
            44.89555852
          ],
          [
            -120.93751625,
            44.89563818
          ],
          [
            -120.93738506,
            44.8957272
          ],
          [
            -120.937207,
            44.89579749
          ],
          [
            -120.93698678,
            44.8958256
          ],
          [
            -120.93650417,
            44.8958584
          ],
          [
            -120.93621366,
            44.89586309
          ]
        ]
      },
      "properties": {
        "context_class": "local-road",
        "source_object_id": 36991820,
        "name": null,
        "source_dataset_id": "{DFD24F17-7171-47E7-A519-CF2D05A0A2D9}",
        "source_originator": "U.S. Department of Commerce, U.S. Census Bureau, Geography Division",
        "analytical_status": "official-context"
      }
    },
    {
      "type": "Feature",
      "id": "local-road-36991821",
      "geometry": {
        "type": "LineString",
        "coordinates": [
          [
            -120.93579346,
            44.89604553
          ],
          [
            -120.93621366,
            44.89586309
          ]
        ]
      },
      "properties": {
        "context_class": "local-road",
        "source_object_id": 36991821,
        "name": null,
        "source_dataset_id": "{DFD24F17-7171-47E7-A519-CF2D05A0A2D9}",
        "source_originator": "U.S. Department of Commerce, U.S. Census Bureau, Geography Division",
        "analytical_status": "official-context"
      }
    }
  ],
  "warning": "Official public context only. Not access, closure, routing, tactical, safety, or emergency guidance."
}
